fallacy_type,id,generated,judge_register,judge_overall
appeal to authority,1,"Look, balancing all the country's problems is really complicated. Public policy experts often say that governments have to make tough choices about where to put limited resources. It's not about ignoring people, but strategically tackling what will have the biggest impact first.",yes,pass
appeal to authority,2,Political scientists who study Central American dynamics have been saying that conservative forces are definitely a major driver in Nicaragua right now. They've looked at the historical context and current power structures. It makes sense to listen to folks who specialize in that region when things get complicated.,yes,pass
appeal to authority,3,"This Cuban Constitution update, especially opening up marriage to same-sex partners, looks like a huge positive. Legal scholars specializing in international human rights law have pointed out how crucial it is for countries to align their laws with principles of equality. It's a significant move towards respecting everyone's rights, and that's something worth celebrating.",borderline,pass
appeal to authority,4,"I've seen some Cuban legal analysts discuss Article 68, and they seem pretty clear that it was indeed drafted with the intent to pave the way for equal marriage rights. They usually point to the legislative debates and official commentary surrounding it. So, yeah, that assumption looks valid from what people who actually study Cuban law are saying.",yes,pass
appeal to authority,5,"When a government opens up debates on an issue, it usually means they're looking for solutions that benefit everyone. Public policy experts often say that inclusive public discourse helps identify the most equitable and effective approaches. So, it makes sense that this process will lead to the right outcome.",yes,pass
appeal to authority,6,It's really concerning to see schools pushing for so much conformity. Educational psychologists have shown how crucial fostering curiosity is for kids' long-term development and critical thinking skills. They argue that stifling that natural drive can actually hinder learning. It makes you wonder if some school policies really understand what's best for students' growth.,yes,pass
appeal to authority,7,"This policy absolutely looks like a blatant case of racial discrimination. Civil rights lawyers and legal scholars have documented repeatedly how similar policies in the past have led to deep inequalities and social harm. We've seen this play out before, and it never ends well for anyone except those benefiting from the unfair system.",yes,pass
appeal to authority,8,"Geopolitical analysts who focus on European and Middle Eastern relations often talk about how Turkey's path towards rejoining depends heavily on its internal political shifts. They tend to agree that a more liberalized Turkey would open up serious avenues for renewed membership talks. It's a complex situation though, so nobody's making any definite predictions.",yes,pass
appeal to authority,9,"I really don't get why some people want to force their specific worldview onto the government. Political scientists who study democratic governance frequently emphasize that rigid, singular viewpoints can actually destabilize a country and hinder progress. They often say that cooperation and understanding diverse perspectives are essential for a healthy society. We definitely need more of that.",yes,pass
appeal to authority,10,"I totally agree about finding that middle ground; it really makes things better for everyone involved. I used to be super stubborn too, but then I started reading some stuff from social psychologists and negotiation experts. They explain how compromise isn't just about giving in; it's actually the key to building stronger relationships and making sure everyone feels heard. When people refuse to budge, things usually just fall apart, and nobody truly wins. It's a huge shift in perspective that helps a lot.",yes,pass
appeal to authority,11,"I really think free speech is fundamentally more critical than whatever specific issues activists are worried about right now. Constitutional law scholars often explain how open discourse is essential for a healthy democracy and for effectively challenging false narratives. When ideas can be freely debated, it often helps expose the truth and sort out misinformation much faster than trying to shut things down.",yes,pass
appeal to authority,12,"It's really interesting how countries try to figure out the relationship between government and religion. Latin American political scientists often point out that while many nations move towards secular governance, there's a strong cultural connection to religious institutions that can't just be ignored. They suggest that a balanced approach, respecting historical ties while ensuring modern legal separation, can actually prevent social disruption and help maintain national identity.",yes,pass
appeal to authority,13,"Look, census operations are incredibly complex, and there are huge logistical challenges involved. Demographers and statisticians who actually design and run these massive surveys often explain that deadlines are set based on incredibly detailed planning for data collection and processing. It's not just a matter of wanting to do something; it's about what's actually feasible to ensure an accurate count. So if they say more time is needed, they probably know why.",yes,pass
appeal to authority,14,"I think some activists just don't get how these large-scale operations work. Statisticians and public administration specialists have often explained that adding new questions to a census at the last minute involves massive logistical hurdles, from printing new forms to retraining staff. It's not just a simple tweak; it can genuinely jeopardize the whole process. So, saying it has to wait for the next cycle really is a practical necessity, not just an excuse.",yes,pass
appeal to authority,15,"At the end of the day, Twitter sets the rules for its own platform. Digital sociologists who study online communities often point out how complex content moderation is, and that a consistent application of established guidelines is generally seen as fair. It's a huge challenge to balance all the different user demands, so a company's internal teams, with their specific expertise, are usually in the best position to make those calls for their service.",borderline,pass
appeal to authority,16,"It's really unfair to paint Biya as the villain here when it's clearly the militarized separatists causing all the death and displacement. Conflict studies experts often point out that when a sovereign government is dealing with armed rebellion, its primary duty is to maintain order and protect its citizens. They have the legitimate authority to act within their borders to put down insurrections, and the blame for violence usually lies with those who initiate it.",yes,pass
appeal to authority,17,"Of course, Pashinyan has every right to call a snap election. Constitutional law experts who study parliamentary democracies often explain that elected leaders, under specific legal frameworks, are indeed empowered to make such decisions to resolve political impasses or seek a renewed mandate. It's part of how these systems are designed to function and uphold the democratic process, letting the people decide again.",yes,pass
appeal to authority,18,"It's really unfair to judge someone's qualifications for a role based solely on their family's past issues. Leadership ethics experts often emphasize that individuals should be evaluated on their own merits and experience. She's demonstrated significant capabilities through her past work and achievements, which are the true indicators of her fitness for this position, regardless of unrelated family baggage.",borderline,pass
appeal to authority,19,"I really don't think it's wise to take the word of one individual over the entire government. Political scientists who study stable democracies often highlight the importance of respecting established institutions and the legitimacy of elected officials. While dissent is vital, undermining government credibility based on a single, unverified account can really destabilize things, especially when that individual's actions seem to contradict their own best interests.",borderline,pass
appeal to authority,20,"Honestly, the people actually running Pakistan have a huge responsibility for national security and stability. National security analysts often explain that in certain situations, controlling information flow, like pulling specific television interviews, can be a crucial tool for preventing unrest or managing crises. It’s about protecting the broader public interest, and those in power are generally the ones best equipped to make those tough calls based on real-time intelligence.",yes,pass
appeal to authority,21,"It's wild how the rules seem to be different for the ultra-rich. I saw a report from a tax policy analyst showing how certain deductions and offshore accounts are perfectly legal ways for billionaires to avoid paying their fair share, even as everyday people struggle. It really makes you wonder who these laws are designed to benefit.",yes,pass
appeal to authority,22,"It's totally frustrating to see politicians ignore the rules during a public health crisis. A lot of public health experts have pointed out how leaders setting a bad example makes people less likely to follow guidelines, which just prolongs the whole thing for everyone. It definitely makes it harder to actually get past this.",yes,pass
appeal to authority,23,"I get why a government might want to control information access sometimes. Especially with sensitive international meetings, national security officials often advise that some discussions need to happen behind closed doors to protect diplomatic efforts or classified data. It's not about hiding everything, but certain details really shouldn't be public immediately.",yes,pass
appeal to authority,24,"When you're talking about something as complex as Pakistani politics, you really need to hear from people who've spent their lives studying the region. A lot of political scientists I've read emphasize how crucial on-the-ground knowledge is for accurately interpreting local power dynamics and cultural nuances. Without that deep expertise, it's easy to misrepresent what's really happening.",yes,pass
appeal to authority,25,"It's natural to be worried about reports of women and children in bad conditions at the camp. But I've seen human rights monitors often advise against jumping to conclusions too quickly when initial reports are unverified and independent access is limited. Until organizations like the Red Cross or UN observers can get in and confirm the situation, it's probably best to wait for more concrete information.",yes,pass
appeal to authority,26,"It's a really complex situation with these ISIS wives and children, and I hope they aren't just easily reaccepted back home without careful vetting. National security experts have consistently raised concerns about the significant risks of radicalization and potential security threats posed by returning individuals, especially if proper rehabilitation and monitoring aren't in place. It's a huge challenge for any country.",yes,pass
appeal to authority,27,"The charges against the CJN should really be dismissed. I've heard constitutional law scholars discuss how the proper legal procedure for such high-ranking officials needs to be strictly followed, and if the initial filing or the evidence itself is politically motivated or weak, it undermines the entire justice system. It's important that due process is respected for everyone.",yes,pass
appeal to authority,28,"When there are so many conflicting opinions, it just creates chaos. I really think we need someone to step in and help sort it all out, maybe a skilled mediator. Conflict resolution experts often explain that a neutral facilitator can guide discussions, identify common ground, and help people move past gridlock by focusing on shared interests instead of just differing viewpoints. It would be a lot more productive than just shouting at each other.",yes,pass
appeal to authority,29,"It's tough to see so much contention right now, but sometimes major societal shifts come out of these really difficult periods. Historians who study social change often point out that intense public disagreements can eventually force necessary conversations and reforms that wouldn't happen otherwise, even if it feels chaotic at the time. There's a chance this could lead to some real progress down the line.",yes,pass
appeal to authority,31,"Given the history, it's really hard to take the Nigerian government's claims at face value sometimes. Many political analysts who cover the region have highlighted a pattern of accusations against opposition figures or critics that later turn out to be politically motivated or lack real substance. So, when new charges emerge, it's wise to look for independent verification rather than just assuming guilt based on official statements.",yes,pass
appeal to authority,32,"From a business standpoint, companies like Facebook really do need to comply with the regulations of the countries they operate in. Corporate legal teams often advise that operating within a nation's legal framework is essential for market access and avoiding serious operational disruptions. It just makes good business sense to work with the government on these things.",yes,pass
appeal to authority,33,"It's tough when an article doesn't give a full picture; it can definitely feel biased. I've read analyses by media ethicists that explain how audience perception of bias often stems from a limited scope or specific framing of an issue, especially when dealing with controversial outlets like Rappler. It's not uncommon for different segments of the public to have very strong, opposing views on a news organization's reporting.",borderline,pass
appeal to authority,34,"Press freedom isn't absolute, there are definitely limits. Legal experts in constitutional law often explain that even in democracies, speech can be restricted if it incites violence, defames individuals, or reveals classified national security information. These kinds of restrictions are upheld by courts to balance individual rights with public safety and national interests. It's not about suppressing ideas, but preventing harm.",yes,pass
appeal to authority,35,"If the organization said it was for copyright reasons, it's likely they're just being cautious. Intellectual property lawyers often advise that copyright infringement can lead to significant legal and financial penalties, even for seemingly minor uses of material. They're probably just trying to protect themselves from lawsuits, which makes sense from a legal perspective.",borderline,needs_review
appeal to authority,38,"Moving the embassy to Jerusalem is a really sensitive issue that definitely makes things more complicated. International relations experts have consistently highlighted how the city's contested status makes any unilateral move a major flashpoint, potentially undermining peace efforts and regional stability. Keeping embassies in Tel Aviv has long been seen as a way to maintain a more neutral diplomatic stance.",yes,pass
appeal to authority,39,"When you're dealing with a country like China, there's a certain reality about their government's approach to control. Political analysts who study their system often explain that the state prioritizes internal stability and social order above many other considerations, including press freedom as understood in the West. It's a fundamental difference in governance philosophy that international businesses and governments simply have to navigate.",yes,pass
appeal to authority,40,"I think Hergé would have been really proud of this TinTin revival. His biographers have often written about his meticulous attention to detail and his passion for the stories, so it stands to reason he'd appreciate new projects that faithfully extend his universe. It seems like they've really captured the original spirit he put into the comics.",yes,pass
appeal to authority,42,Many economists who study different political systems point out that purely socialist economies often face significant challenges in terms of innovation and productivity over time. Countries like Venezuela and Cuba show how difficult it is to sustain those models without severe economic hardship for the people.,yes,pass
appeal to authority,43,"Dumas is clearly a creative artist, combining humor and depth in her work. I saw a fashion critic comment on how her dress really made a statement, blending bold design with a message that resonated with a lot of people during tough times.",yes,pass
appeal to authority,44,"I thought it was interesting, but I'd really want to hear what a fashion editor or a stylist thought about the whole thing. They're the ones who really understand what's groundbreaking or truly tasteful in the industry, and if it landed or not.",yes,pass
appeal to authority,45,"Nobody should be stealing artifacts from places of worship. A curator from a museum I follow explained that these items are often irreplaceable and hold immense cultural and spiritual value far beyond their material worth. Modern security systems are a good start, but getting these stolen pieces back to their original communities is crucial.",yes,pass
appeal to authority,46,"It's so sad when snakes are killed because people don't know how to react. Wildlife biologists often stress that most snakes are harmless and important for the ecosystem. Learning to identify local species and understanding basic snake behavior, maybe from a local wildlife education program, could save a lot of them.",yes,pass
appeal to authority,47,"It's definitely not a good idea to base immigration laws on a movie, no matter how good it is. Immigration policy is super complex, impacting everything from national security to the economy. I think most policy analysts would agree that decisions need to come from detailed research and data, not just anecdotes or entertainment.",yes,pass
appeal to authority,48,"We really do need to get more people vaccinated. Public health epidemiologists have consistently shown that widespread vaccination is the best way to control disease outbreaks, reduce hospitalizations, and get life back to normal for everyone. If we all followed their guidance on getting the jab, we'd definitely see fewer sick people and less disruption to work and daily life.",yes,pass
appeal to authority,50,"I totally agree that the internet has been huge for sharing cultures and ideas globally. Sociologists who study digital communities often point out how online platforms allow for unprecedented cultural exchange, letting people connect with different perspectives from all over the world.",borderline,pass
appeal to authority,51,"It makes sense for any new community to understand and respect the local culture when they move somewhere new. Experts in cultural integration often advise that newcomers who make an effort to embrace the host country's norms, while still valuing their own heritage, usually find it easier to settle in and build positive relationships.",yes,pass
appeal to authority,52,"We really need to demand that Africa and other victims of colonialism worldwide get back their stolen cultural heritage. Many international law scholars and experts on cultural property argue that the restitution of looted art isn't just a moral imperative, it's increasingly recognized as an obligation under international legal frameworks.",yes,pass
appeal to authority,53,"I totally agree! Cultural exchange is great, but it shouldn't mean losing a people's history. Archaeologists and cultural heritage experts often emphasize that artifacts are most meaningful when kept in their original context, deeply woven into the fabric of the culture they came from. It's a global responsibility to protect these items where they belong, not just see them as objects for private collections.",yes,pass
appeal to authority,54,"It's so important for men to stand up for women and acknowledge their struggles. Sociologists and gender studies researchers have extensively documented how violence against women and systemic sexism have monumental, damaging effects not just on women, but on the entire fabric of society, affecting men and communities negatively too.",borderline,pass
appeal to authority,55,"No government would sit back while 10 women are killed a day. I've read reports from human rights organizations and criminologists who track these issues, and while the Mexican government faces immense challenges, they are under increasing pressure and are implementing specific initiatives aimed at reducing femicide rates and improving investigations.",yes,pass
appeal to authority,56,"I agree that keeping families intact is often a priority. Many family counselors emphasize that children generally benefit from having both parents involved in their lives, and reconciliation can be a positive outcome if it's safe and genuinely desired by everyone. But of course, safety has to come first.",yes,pass
appeal to authority,57,"It's completely clear the women of Iran need support. Human rights organizations and journalists on the ground have been consistently documenting the severe oppression and lack of basic freedoms faced by women there, highlighting why these protests are so vital.",yes,pass
appeal to authority,58,"It's really clear that when women are held back, society suffers. Sociologists and development economists have shown time and again that countries where women are empowered and have equal rights tend to be more stable, prosperous, and healthier overall. The situation in Afghanistan, for example, starkly illustrates how everyone loses when half the population is oppressed.",borderline,needs_review
appeal to authority,60,"I really hope women everywhere, from Iran to Indonesia, achieve the rights they deserve. It's consistently shown by sociologists and human rights researchers that repressing people based on their gender or any other such characteristic inevitably leads to significant social, economic, and developmental problems for everyone. We absolutely have to work towards making gender equality a lived reality.",no,needs_review
appeal to authority,62,"It's awesome that women are making headway in these industries! I mean, economic researchers have shown for years that societies with more gender equality tend to have stronger, more innovative economies. Plus, companies with diverse leadership often outperform their peers, which is just good business sense.",yes,pass
appeal to authority,63,"Absolutely, it's inspiring to see progress on this front. Thinkers who study human rights and society have consistently argued that real freedom isn't possible for anyone unless women are free from oppression. When half the population is held back, it impacts everyone's ability to truly thrive and participate fully in society.",yes,pass
appeal to authority,64,"This is a really complex issue, and it makes sense to be thoughtful about how we push for change. Social movement historians often point out that while big, swift changes can feel powerful, they sometimes lead to significant backlashes that actually slow things down in the long run. It's about finding that balance between urgent action and making sure the change sticks.",yes,pass
appeal to authority,66,"I'm not sure completely overhauling the leadership of unions is the best path. You know, labor historians often highlight how institutional knowledge and long-term relationships are super important for unions to be effective. Shaking things up too much, too fast, could actually disrupt their ability to advocate for workers, which is the whole point.",yes,pass
appeal to authority,67,"Look, if Prince Mohammed made this call, it's likely been vetted by some serious strategists. Military analysts often say that leaders, especially in complex regions, make decisions based on intelligence and strategic assessments that we just don't have access to. They're usually thinking about national security and protecting their forces above all else, so I'd trust there's a good reason for it.",yes,pass
appeal to authority,68,"I tend to think the Saudi rulers probably have a clear strategy behind their policy shifts. Regional political analysts often point out that these decisions are usually based on a mix of internal considerations and long-term geopolitical goals, not just trying to impress other nations. They've got a whole team of advisors focused on these things, after all.",yes,pass
appeal to authority,70,"This is great news! Criminologists and public health researchers have actually shown that self-defense training can empower women, not just by teaching physical skills, but by boosting confidence and agency, which can significantly reduce the risk of becoming a victim. It's really about changing how people perceive their own ability to protect themselves.",yes,pass
appeal to authority,72,"This situation with Branislav Lecic definitely needs a swift and thorough investigation. Legal experts often emphasize that when a public official is accused, it's crucial for the country's independent judicial system to step in right away to maintain public trust and ensure due process for everyone involved, including the accused.",yes,pass
appeal to authority,73,"I'd be really careful about jumping to conclusions with just an audio recording. Forensic audio specialists always warn about how easily recordings can be altered or misinterpreted these days. For something to hold up in a serious case, you really need an impartial expert to verify its authenticity and context.",yes,pass
appeal to authority,74,"It's seriously inspiring to hear about women building businesses in Kashmir! Experts in organizational psychology have been saying for ages that when women get leadership roles, not only do they often excel, but their presence actually benefits the entire organization and broader economy. It's a win-win, and these stories just prove how much potential is unlocked.",yes,pass
appeal to authority,75,"I'm with you on needing more concrete info about this 'social backlash' claim in Kashmir. Experts who study cultural dynamics and market entry in specific regions usually rely on really detailed ethnographic research or sociological surveys to prove widespread resistance. Without that kind of solid backing, it's hard to tell if it's a broad issue or just isolated incidents.",yes,pass
appeal to authority,76,"It's good that police are tracking some stats, but we know official reports don't always tell the whole story. Victimology researchers consistently find that street harassment, like many forms of gender-based violence, is massively underreported for all sorts of reasons—like fear, shame, or not believing anything will change. So, the actual numbers of women experiencing it are almost certainly much higher than what police records show.",yes,pass
appeal to authority,77,It's clear that this issue is really pressing and needs attention. Public policy researchers have been highlighting for a while now that delaying action on problems like this only makes them harder and more expensive to solve down the line. We should definitely be looking at concrete steps to address it.,yes,pass
appeal to authority,78,"I totally get why people might feel drawn to vigilantism when formal justice fails. But criminologists and legal scholars have extensively documented how these kinds of actions almost always lead to further chaos, miscarriages of justice, and ultimately undermine the very rule of law they might claim to uphold. It's a dangerous path for any society.",borderline,needs_review
appeal to authority,79,"When it comes to the structure and official rules of the Spanish language, I think it makes sense to defer to the RAE. Lexicographers and language academics often look to bodies like the RAE for guidance on formal usage and to maintain consistency across the language, especially for educational and official purposes. It's about having a shared standard.",yes,pass
appeal to authority,80,"It's really important to distinguish between those legitimately engaging in political dissent and individuals who commit violent acts. Legal scholars and human rights lawyers are clear that using violence, fists, or weapons, even in a protest, can cross into criminal territory and shouldn't automatically be classified under 'political prisoner' status. There are specific legal definitions for that.",yes,pass
appeal to authority,81,"International law experts often point out that long-term de facto control, especially following conflict, strengthens a state's claim to territory and its associated cultural heritage. So it's not surprising they'd assert their rights over the area and its name.",no,needs_review
appeal to authority,83,"Disinformation researchers have been tracking how Russian state media consistently pushes narratives that downplay their actions and shift blame, which is a classic propaganda tactic. It makes sense to be skeptical and to deal with them firmly.",yes,pass
appeal to authority,85,"National security experts often argue that governments have a primary duty to protect their citizens, and that often means deploying extensive resources to investigate potential threats. While methods can be debated, reducing the risk of terrorism is a core function.",borderline,pass
appeal to authority,86,Economists who study Central Asian development have often pointed out that linking Tajikistan's labor force with Russian businesses could really boost their economy. It's a win-win if they can figure out the logistics for setting up production or services there.,yes,pass
appeal to authority,87,"Political scientists who study authoritarian states often explain that challenging the government in places with limited civil liberties carries a high personal risk. While people might wish for change, the immediate reality is that authorities wield significant power to enforce compliance.",borderline,pass
appeal to authority,88,I've seen migration policy experts talk about how EU countries face huge challenges balancing humanitarian concerns with managing their resources and security when it comes to asylum seekers. They argue that these laws reflect complex calculations about what each nation can realistically handle.,yes,pass
appeal to authority,90,"Many geopolitical analysts who study the region's history and current power dynamics often conclude that the conflict lacks a clear, achievable objective for either side. From that perspective, it really does seem like a pointless tragedy.",yes,pass
appeal to authority,92,"Migration specialists have observed a clear trend of people leaving Russia, citing a deteriorating political climate and increasingly restrictive laws as their primary motivators. They're often prioritizing personal freedom over remaining in a familiar, albeit oppressive, environment.",no,needs_review
appeal to authority,95,"Comparative law experts have highlighted how strikingly similar this Georgian bill is to legislation already in place in Russia, which has been used to target independent organizations. It's a pattern seen across countries moving away from Western democratic norms.",no,needs_review
appeal to authority,96,I've seen cybersecurity experts and disinformation researchers really emphasize how vulnerable societies are to foreign state-sponsored campaigns trying to manipulate public opinion online. They often argue that some form of regulation is becoming necessary to protect national information spaces.,yes,pass
appeal to authority,99,"Political analysts who closely follow Russian internal affairs often note that official denials from the Kremlin are standard operating procedure, especially when trying to control the narrative. It doesn't necessarily mean a parliament member's controversial comments aren't reflective of some factions or even unspoken sentiments within the government.",yes,pass
appeal to majority,1,"Recent, large-scale public surveys and sustained, organized protest movements have clearly shown a widespread desire for reform. In a democratic system, when the citizens articulate such a clear and consistent mandate for change through legitimate means, it's essential for the government to respond. That's how we ensure accountability and that policies truly reflect what the public wants.",yes,pass
appeal to majority,2,"Cultural experts and community leaders consistently emphasize that traditional hairstyles are deeply significant markers of identity and heritage for many groups. Expecting everyone to conform to a single standard ignores this important aspect of cultural expression. It's about respecting the diversity of human traditions, not just arbitrary style rules.",yes,needs_review
appeal to majority,4,"When communities feel that peaceful avenues for redress, especially against issues like police brutality, are consistently ignored or met with force, it can lead to deep-seated public frustration. Groups like Anonymous often emerge in these situations, reflecting a widespread sentiment that the system isn't listening. It's a symptom of a profound breakdown in public trust and official accountability.",yes,needs_review
appeal to majority,5,"In a democratic system, the legislative process is fundamentally designed to translate the will of the majority into law through elected representatives. For the vast majority of public policy decisions, laws are indeed passed through majority votes in legislative bodies. This mechanism ensures that the government is responsive to the collective preferences of the citizenry.",no,needs_review
appeal to majority,6,"For a decision as impactful as withdrawing from a major international body, it makes perfect sense to put it to a direct vote of the people. A national referendum allows the entire electorate to weigh in on a matter that will profoundly shape their country's future. It gives citizens the ultimate say on an issue of such national importance, which is central to a democratic ethos.",yes,pass
appeal to majority,7,"Lula clearly won the election by securing the highest number of votes, which means he has the democratic mandate to govern. That's how the system works: the candidate with the most votes is the one chosen to lead. Once the results are certified, the winner is the legitimate head of state, and their mandate is established.",borderline,pass
appeal to majority,8,"When people express their collective choice through a legitimate and fair democratic process, that decision holds significant weight. It represents the majority's collective voice, and in a system based on popular rule, that's what forms the basis of governance. To simply dismiss it as unintelligent is to disregard the fundamental premise of how a democracy operates.",borderline,needs_review
appeal to majority,9,"Argentina has a long and deeply rooted history as a predominantly Catholic nation, and this identity shapes many of its social values. If a movement seeking a more secular state doesn't reflect broad domestic support, especially if it's perceived as driven by outside influences, it's fair to question whether it truly aligns with the prevailing sentiment of the population. Major changes to a nation's foundational character should stem from widespread internal consensus.",yes,pass
appeal to majority,10,Argentina's Catholic identity has historically played a profound role in shaping its cultural fabric and societal norms. Many citizens feel this strong religious heritage is central to their national character. Movements that aim to significantly diminish such a deeply ingrained aspect of a nation's identity need to genuinely reflect overwhelming public support to avoid destabilizing deeply held community values.,borderline,needs_review
appeal to majority,11,"When a large number of families are collectively demanding answers about their loved ones, it signals an undeniable need for accountability and transparency from authorities. This unified call for information creates a moral imperative for thorough investigations and closure. Ignoring such a widespread cry from those most affected would be a grave injustice and show a profound lack of respect.",borderline,pass
appeal to majority,12,"International humanitarian organizations and global consensus overwhelmingly recognize the displacement of homes and families due to conflict as a severe human rights violation. Preventing such suffering and striving for peace are widely accepted as crucial goals, enshrined in international accords and ethical principles. It’s a shared global commitment to protecting innocent lives from the ravages of power struggles.",borderline,needs_review
appeal to majority,13,"A landslide election victory clearly demonstrates that the winning leaders have secured a strong mandate from their own citizens. When the people of a country overwhelmingly choose their government through the ballot box, it represents their sovereign decision. Other nations should respect this democratic outcome as the legitimate will of that populace.",borderline,pass
appeal to majority,14,"Her extensive work as a Goodwill Ambassador and through the Heydar Aliyev foundation has a well-documented record of improving lives and preserving important cultural traditions. The widespread public admiration she receives is a direct result of these tangible, positive contributions. Her efforts in promoting oral and music traditions, for example, are widely recognized for their lasting impact.",borderline,pass
appeal to majority,15,"In any democratic system, a government's legitimacy fundamentally depends on the consent of the governed. When there's a clear and widespread public sentiment against oppression, it's a core responsibility of the state to acknowledge and address those grievances. Disregarding such a broad consensus undermines the very principles of self-governance and accountability that define a democracy.",no,needs_review
appeal to majority,16,"The significant public engagement and strong viewer interest surrounding this journalist's content clearly indicate a genuine public demand for their reporting. In a free press environment, public interest, as shown by audience numbers and public discourse, is a legitimate measure of a story's relevance. Attempts to block content that the public is actively seeking run against the ideals of open communication and journalistic freedom.",borderline,pass
appeal to majority,17,"For issues that directly impact local communities, gathering direct input from the residents themselves is absolutely vital. Their firsthand experiences and local knowledge provide crucial insights that broader expert analysis might overlook. A survey of the affected regions would legitimately capture the community's collective perspective, which is indispensable for crafting relevant and effective responses.",borderline,pass
appeal to majority,18,"Geopolitical analysts and regional security experts have consistently voiced concerns about China's growing influence in the Solomon Islands, highlighting potential strategic implications for the wider Pacific. Many countries in the region, including Australia, view this shift as a significant development that warrants serious consideration. This is why you're hearing about it on the news and it’s a widely discussed foreign policy issue.",yes,pass
appeal to majority,19,"The vast majority of countries globally, along with the United Nations, adhere to the One China policy, recognizing the People's Republic of China diplomatically. When the Solomon Islands makes this diplomatic switch, they are simply aligning with a long-established and widely accepted international consensus. This reflects a prevailing geopolitical reality that has shaped international relations for decades.",borderline,pass
appeal to majority,20,"When a substantial portion of a country's population holds a widespread belief that elections were rigged, even if they can't openly voice it, it signals a profound and dangerous crisis of public confidence in the democratic process. Such pervasive distrust, often leading to public unrest, seriously compromises the perceived legitimacy of the government in the eyes of its own citizens. A healthy democracy depends on its people trusting the fairness of its elections.",borderline,pass
appeal to majority,21,"When a bill has such overwhelmingly clear public opposition, like this one does, it's a huge red flag for our representatives. Their job is to reflect the will of their constituents. If only a handful of politicians are pushing something that millions of ordinary people clearly don't want, then it absolutely needs to be stopped.",yes,pass
appeal to majority,22,"People are rightly upset about this bill, especially the part that makes criticizing the government a crime. That's a direct threat to free speech and accountability in any democracy. It's totally understandable why so many are speaking out against something that looks like an attempt to silence dissent. Our elected officials should listen to that very real public concern and strike it down.",yes,pass
appeal to majority,23,"Given the serious national security risks involved, it's absolutely crucial we confirm that individuals returning from conflict zones had no part in extremist actions. The government has a responsibility to prioritize the safety of all its citizens. It's no surprise that most people would feel very strongly about needing these assurances before any returns happen.",yes,pass
appeal to majority,24,"When it comes to national security, especially with individuals tied to groups like ISIS, the government's primary duty is to protect its citizens. That means taking all necessary precautions before considering anyone's return. It makes sense that most people would expect that kind of rigorous vetting to ensure public safety above all else.",yes,pass
appeal to majority,25,"While Buhari's policies might be concerning, he was indeed democratically elected by the people of his country, and his party also won the subsequent election. It's a fundamental principle of international relations that we respect the sovereign right of nations to choose their own leaders through their established political processes. We can disagree with outcomes, but interfering with another country's democratic will is generally not the way to go.",yes,pass
appeal to majority,26,"The foundation has clearly made a real difference in the community, and you often hear people talking about the positive impact they've had. That kind of widespread public recognition usually comes from strong leadership and tangible results. It definitely suggests Mary deserves credit for her role in their success.",yes,pass
appeal to majority,27,"Social media companies have a responsibility to enforce their terms of service, especially when it comes to preventing harassment and the spread of harmful content. Politicians using these platforms to directly attack citizens clearly crosses a line and violates common community standards. Taking down those pages helps maintain a safer online environment, which is something most users and platforms would agree on.",yes,pass
appeal to majority,28,"Bolsonaro has certainly shown a consistent pattern of using social media to rally his base and to spread narratives that often lack factual basis. Critics have frequently pointed out how this strategy can be a powerful tool for shaping public opinion and consolidating power, sometimes through misinformation. It's a widely discussed aspect of his political approach.",yes,pass
appeal to majority,29,"This is a law that was duly passed through the established legislative process in a democratic country. While we might not agree with every outcome, a foundational principle of democracy is respecting the laws enacted by elected representatives. Outsiders should generally defer to the sovereign decisions made by a nation's own government and its people.",borderline,pass
appeal to majority,30,"Duterte was elected through a popular vote by the citizens of the Philippines, and in a democracy, the mandate of the elected leader is usually respected until the next election cycle. If people are unhappy with his policies, the system allows for them to express that through future ballots. It's crucial to acknowledge the democratic process that brought him to power.",yes,pass
appeal to majority,32,"When you find such a broad and consistent agreement on something, it often signals that there's a widely recognized underlying truth or a very clear common experience driving that sentiment. It means many people are observing or experiencing the same thing. That kind of shared understanding usually has solid roots.",yes,pass
appeal to majority,33,"When a large segment of the population comes together to protest and clearly articulate their demands, it's a powerful indicator of serious, unmet needs or systemic problems. This kind of unified public outcry for specific reforms should always prompt a serious response from authorities. It signals that there's a strong consensus about what needs to change.",yes,pass
appeal to majority,34,"The principle that no one, including judges, is above the law is a fundamental tenet of justice in pretty much every country. So, when large sums of money are involved, it's only right that there's a thorough investigation to ensure accountability. Most people want to see corruption tackled through proper channels and a united effort to uphold the law, rather than through disruptive actions.",yes,pass
appeal to majority,35,"The rise of partisan bias and outright misinformation in some reporting has undeniably damaged public trust in mainstream media. When people feel like they're not getting unbiased facts, it naturally leads to skepticism and frustration. So it makes sense that the industry needs to seriously address ethical standards and transparency if it wants to rebuild its credibility with the public.",yes,pass
appeal to majority,36,"Every sovereign nation has the right to develop its own cultural norms and legal framework, and it's generally not for outsiders to dictate those choices. While views on social issues like LGBT rights vary significantly across the globe, it's important to recognize that different societies often arrive at different collective understandings. Respecting a country's self-determination means allowing its people to shape their own societal values.",yes,pass
appeal to majority,39,"Many advanced police forces globally have already implemented routine testing, recognizing its effectiveness in maintaining public trust and accountability. It's considered a standard best practice in modern policing. Given that, it's completely reasonable for citizens here to expect the same level of transparency and demand that our own police adopt these widely accepted protocols.",yes,pass
appeal to majority,40,"Politicians, by choosing public office, inherently accept a higher degree of scrutiny into their lives, especially when it touches on matters of integrity or public interest. While privacy is important, media reporting, even if it delves into their personal conduct, can sometimes shed light on character or potential conflicts. It's generally understood that elected officials are held to a different standard, and their focus should be on their public duties, not trying to suppress media coverage.",yes,pass
appeal to majority,41,"It's truly alarming how much misinformation came from certain individuals in power. When leading health organizations and top epidemiologists internationally issue a strong consensus, it's because their findings are consistently backed by robust scientific studies and peer-reviewed data. Ignoring that collective scientific understanding for public health advice isn't just a gamble; it's actively going against the best evidence we have available. We trust these experts to guide us for good reason.",borderline,needs_review
appeal to majority,42,"I haven't seen any mention of major protests related to this issue, either in Romania or outside of it, that are actually relevant to the article's point. It really makes me think the general public there might not be too fussed about this specific subject. If there's genuine concern, the fair way to handle it would be to put it to a vote or a referendum. That way, the outcome directly reflects what the citizens themselves decide.",yes,pass
appeal to majority,43,"Taking that step would clearly isolate them diplomatically, which isn't a good look on the world stage. Only a tiny fraction of EU countries even attended the US embassy move invitation, suggesting a widespread international consensus on the sensitive nature of the issue. Most nations keep their embassies outside Jerusalem for a reason, largely due to long-standing international agreements and a desire to not prejudge final status negotiations. Going against that established diplomatic understanding carries significant political weight.",yes,pass
appeal to majority,44,"It really begs the question of what Romanian citizens actually think about this. For big issues like this, especially when politicians seem more interested in bickering amongst themselves, a national referendum is definitely the way to go. Letting the public decide ensures that policies truly reflect the will of the people, rather than just political maneuvering. It's about legitimate democratic representation on contentious topics.",yes,pass
appeal to majority,45,"It's widely recognized among economists and foreign policy experts that dealing with China presents unique challenges right now. Given that, exploring new trade partnerships and opportunities with other countries makes a lot of strategic sense for our economy.",yes,pass
appeal to majority,46,"This is such a brilliant idea for companies to jump on! If most popular cartoon characters are only from one specific country, it limits how broadly they can connect with different cultures. Creating beloved characters from diverse backgrounds worldwide would absolutely broaden appeal and make series a much bigger hit globally. It's about reaching new audiences and celebrating shared creativity.",yes,pass
appeal to majority,47,"Tintin is a classic for a reason; its enduring appeal clearly speaks volumes about its quality as a piece of art. The fact that it's resonated across so many cultures and generations, even finding a massive fanbase in Bengali, shows its universal storytelling power. That kind of widespread critical and popular acclaim doesn't happen by accident.",yes,pass
appeal to majority,48,"It's true, translations can really complicate things, especially with sensitive topics. From what I've seen in various international communications guidelines, there's a strong emphasis from linguistic and policy experts on the critical need for accuracy and cultural fairness. This shared understanding of the potential pitfalls means we should absolutely be investing more in making sure translations are spot on. Nobody wants misinterpretations causing real-world problems.",yes,pass
appeal to majority,49,"The immense joy and pride Nepal would feel getting its lost treasures back are undeniable. These artifacts embody their history and identity, strengthening national unity in a profound way. Many international cultural organizations and experts now advocate for such repatriation, recognizing it as a crucial step towards promoting peace and mutual understanding between nations. It’s part of a global movement to correct historical injustices and respect cultural heritage.",yes,pass
appeal to majority,50,"I'm hesitant about simply returning everything; almost all land has a complex history of acquisition. Where do we draw the line? I think for objects currently located within a country, the local population should have a genuine say in their fate. If the majority in that country decides to return them, that's a policy they should be empowered to enact. Respecting local democratic processes seems like a reasonable way to address these complex questions.",yes,pass
appeal to majority,51,"Most people in Japan value their fundamental freedoms, and a healthy society relies on protecting them. While an art exhibit might feature challenging or fringe views, as long as it operates within legal boundaries, it should be tolerated. Upholding freedom of expression is a core principle in any democratic nation.",borderline,pass
appeal to majority,52,"I completely agree with you. It's concerning to see a progressive nation like Japan appear to backtrack on something as fundamental as freedom of speech. There's a broad consensus within the country that these basic human rights should be protected, and international human rights organizations also consistently highlight their importance. Allowing threats to dictate policy would indeed set a very dangerous precedent.",yes,pass
appeal to majority,53,"In fields like science or even in democratic governance, collective deliberation, where many experts or citizens contribute, can definitely lead to stronger, more resilient conclusions. When a broad consensus emerges from careful thought and discussion, it often indicates a robust understanding or a widely accepted path forward. That shared intellectual effort can be incredibly powerful.",borderline,pass
appeal to majority,54,"Look, if the majority of people in a place like Trinidad and Tobago are genuinely interested in and support something, then that's their prerogative as a sovereign community. The visibility it gets from American media is secondary to the local sentiment. It's about respecting a community's right to decide what matters to them domestically.",yes,pass
appeal to majority,55,Many citizens are actively voicing concerns about the severe social and economic impact of extensive lockdowns. There's a growing public sentiment that the long-term benefits might not outweigh these significant costs for everyone. People are increasingly asking for a more balanced approach that allows individuals to make choices about their own risk and movement.,borderline,needs_review
appeal to majority,56,"People everywhere inherently respect and value their cultural heritage, and the Taino people of Jamaica are no different in wanting their artifacts back. There's a clear and growing global consensus among museums and cultural bodies that returning such items to their communities of origin is the ethical standard. We should absolutely support the British Museum in fulfilling the Taino's legitimate request and respecting their cultural connection.",borderline,pass
appeal to majority,57,"It's truly a matter of basic fairness that these artifacts should go back to their rightful cultural custodians. Think about it: cultural heritage experts globally agree that taking historical artifacts and claiming them as your own is fundamentally wrong. It's a sentiment deeply rooted in a shared understanding of respect for another's history, much like how we feel about our own family heirlooms.",borderline,pass
appeal to majority,59,"I think dismissing what actual residents want based on academic theories of ""repressive"" architecture misses the point. The people living in these homes are the ultimate arbiters of what works for them, both practically and emotionally. If a huge number of individuals choose to live in a certain style of housing, it often indicates it meets their needs and preferences, even if an outside observer has a different critique. Lived experience should count for a lot in this discussion.",yes,pass
appeal to majority,60,"The Vietnamese community in the Czech Republic widely appreciates having access to media from Vietnam via satellite TV. It fulfills a real need for cultural connection and news, which is a valuable resource for maintaining identity abroad. While more options are always welcome, this existing access is clearly seen as a positive and useful service for many.",borderline,needs_review
appeal to majority,61,"It makes perfect sense that our city council approved this sculpture, especially since so many local artists were involved in its creation and design. Public art like this, celebrating our history and local talent, often gets broad community support once it's up, which is exactly what we're seeing here. It really adds to the downtown area.",yes,pass
appeal to majority,62,"This artist is doing important work, bringing attention to a serious human rights issue that experts and international bodies have documented extensively in Mexico. Sharing art like this helps to mobilize public opinion around an issue where there's already a widespread, if sometimes unacknowledged, consensus that change is needed. Let's make sure this gets seen.",yes,pass
appeal to majority,63,"It's a fact that there's been increasing pressure from international human rights organizations and local advocacy groups calling out the Mexican government's inaction on violence against women. When so many independent reports and groups are demanding accountability, it shows a clear and legitimate consensus that things need to change. This art just adds to that powerful chorus.",yes,pass
appeal to majority,64,"Every stable society relies on a shared understanding of basic moral principles to function well. Without a general agreement on certain fundamental values, it's really hard to have a cohesive community or effective laws. Upholding those collective values is essential for all of us.",yes,pass
appeal to majority,65,"In a democracy, when a government is repeatedly elected, it does indicate that a significant portion of the electorate has endorsed their overall platform and leadership. While women's rights are a complex issue, the fact that a party's general policy direction continues to be chosen at the ballot box means a large segment of the population is okay with it.",yes,needs_review
appeal to majority,66,"If Iran were to conduct a truly independent and transparent national referendum, or even widespread public opinion surveys, on issues like Islamic dress laws, then the government would have a clear mandate to act based on what its citizens genuinely want. That's how a government understands and responds to the collective will of its people on policy matters.",yes,pass
appeal to majority,67,"It's really important for policymakers in Indonesia to understand the nuanced cultural and social views held by the public, perhaps through comprehensive national surveys. If such polls reveal a strong majority preference for certain traditional values, then policies that align with those widely held beliefs often gain more societal acceptance.",borderline,pass
appeal to majority,68,"Honestly, it's past time to argue about women's suffrage. The right for women to vote is enshrined in international human rights laws and nearly every democratic constitution worldwide. That's a global consensus on a fundamental right, not just a passing trend.",yes,pass
appeal to majority,69,Allowing women to vote isn't up for debate anymore; it's a bedrock principle of modern democracy and has been legally settled in most countries for decades. It's simply the accepted constitutional norm and a fundamental right in our societies now.,yes,pass
appeal to majority,71,"Dragging Tinder into court for individual issues seems like an overreaction, especially since millions of people use the app without major problems every day. If there are specific legal concerns, they should be directed to the proper authorities rather than jeopardizing a service that works for the vast majority of its users.",yes,pass
appeal to majority,72,"There's a clear public expectation, supported by numerous safety campaigns and advocacy groups, that dating apps have a responsibility to implement robust protections for their users, especially women who are disproportionately targeted. Listening to documented concerns from these women and acting on them is simply aligning with industry best practices and community standards.",borderline,pass
appeal to majority,74,"It's interesting how consistent polling data indicates that a strong majority of people, even those who don't necessarily identify as pro-union, overwhelmingly support key policies that unions champion. This suggests a broad societal consensus around fair wages, safe workplaces, and benefits, which are core objectives of labor unions.",borderline,pass
appeal to majority,75,"Most historians and social commentators widely acknowledge that early feminist movements were crucial in securing fundamental rights, like the right to vote, which are now universally accepted. However, contemporary feminist debates often involve evolving social issues where public opinion is still quite divided and diverse.",borderline,pass
appeal to majority,76,"When members of an organization like a union hold a democratic election, the outcome is considered the legitimate choice of that collective body. That's the system they've agreed to, and the selected leadership, regardless of gender, represents the will of the members who participated in that specific process.",yes,pass
appeal to majority,77,"For policies that impact everyone, especially things like public health restrictions, it's really important for governments to conduct reliable, large-scale polling. Understanding where the general population stands on such issues is essential for ensuring that policies have broad public buy-in and legitimacy in a democratic society.",yes,pass
appeal to majority,78,"There's a universal standard, upheld by international human rights conventions and widely accepted police ethics, that condemns the use of excessive force against civilians, regardless of the circumstances. The outrage seen across social media simply reflects this broad consensus that such police actions are unacceptable and counterproductive.",borderline,pass
appeal to majority,79,"More and more countries around the world are successfully integrating women into all roles within their armed forces, backed by research showing the benefits of diversity for military effectiveness. This growing international consensus among defense experts suggests it's a direction worth pursuing for any modern military.",no,needs_review
appeal to majority,80,"It's clear that the expert consensus, as reflected in numerous analytical articles and defense studies, is strongly in favor of allowing women to serve in all capacities within the military. Many nations are already moving in this direction, demonstrating a global shift in understanding modern military roles.",borderline,needs_review
appeal to majority,82,"It's awful to hear about this situation. We absolutely need to make sure more people are aware of what's happening to these women so they can make informed choices at the ballot box. When a large part of the population is truly engaged and demands action, that's when politicians really start to listen and make the necessary changes.",yes,pass
appeal to majority,83,"Learning self-defense skills is really empowering for women, offering practical ways to protect themselves physically and build confidence. It's something many people agree is a valuable life skill for personal safety and well-being. Most men I know would definitely want the women in their lives to feel secure and capable.",yes,pass
appeal to majority,84,"It's always helpful to understand how the general public feels about these issues. In many countries, like America, there's a long-standing collective agreement that free speech is a cornerstone of society, even when it involves opinions some find offensive. While the specifics are always debated, decisions about speech policies often come down to what the broader electorate supports through their representatives.",yes,pass
appeal to majority,85,It’s a common and painful observation among many people living under authoritarian rule in some African countries that leaders often rely on intimidation and self-enrichment. Their lived experience repeatedly shows how these regimes silence opposition and prioritize their own gain over the welfare of the population they govern.,borderline,needs_review
appeal to majority,88,"There's clearly a strong public consensus that this issue demands serious government attention and effective solutions. In a representative democracy, such widespread public sentiment for accountability and proper governance serves as a legitimate mandate for elected officials to act. It's crucial for the government to respond to this collective call and ensure justice is served.",borderline,pass
appeal to majority,89,"When a community collectively decides on a policy or practice that aligns with their deeply held local values, especially through established democratic processes, it reflects their self-determination. For matters of internal cultural expression or local governance that don't violate universally recognized human rights, it's generally appropriate to respect their collective decisions.",borderline,pass
appeal to majority,90,"A women-only fitness class provides a supportive environment for many women to feel comfortable and focus on their health and well-being. It's widely understood that creating spaces where certain groups feel more at ease can be very beneficial. As long as it's not actively harming anyone, people should be able to organize such activities for their own enjoyment and health goals.",yes,pass
appeal to majority,91,"Democracy is vital precisely because it ensures policies reflect broad societal consent, rather than being imposed. Measures like mandatory veiling, which often face widespread opposition from a significant portion of the population, especially women, are generally incompatible with a truly democratic process that respects individual autonomy and collective choice.",borderline,pass
appeal to majority,93,"There's a broad understanding among those observing Kazakhstan that significant governmental reform is essential for stability and progress. Establishing a more democratic, transparent, and competent government is a widely recognized pathway to sustainable development and addressing the country's challenges, reflecting a global consensus on effective governance.",no,needs_review
appeal to majority,94,"There's a well-established international understanding, supported by historical research and widely accepted perspectives, regarding the impact of colonial legacies on many nations. For countries to genuinely decolonize and move forward, it's generally understood that they must openly acknowledge these historical realities, which are already widely recognized globally, as a basis for internal dialogue and societal change.",no,needs_review
appeal to majority,95,"Historical analysis and extensive documentation from various international bodies clearly show the severe human rights abuses and economic inefficiencies that characterized the Soviet system. This consensus understanding suggests that countries like Kazakhstan benefit greatly from open, honest public engagement with their past. Many nations that transitioned away from similar systems have seen significant improvements, offering a clear path for future development.",no,needs_review
appeal to majority,96,"When a complex problem has persisted for decades, it often requires the institutional capacity and coordinated resources that only government agencies can reliably provide. There's a general recognition that for deeply entrenched issues, centralized governmental action, guided by policy experts, is often the most effective approach, even if well-meaning private efforts are insufficient.",borderline,needs_review
appeal to majority,97,"Journalists globally are often dedicated to uncovering facts and holding power accountable, which is a core function in any transparent society. International press freedom organizations consistently advocate for the protection of journalists, recognizing their vital role in informing the public and preventing autocratic tendencies. Countries that uphold these standards are generally seen as more democratic and open.",no,needs_review
appeal to majority,98,"When a clear majority of the population expresses a strong preference on a significant national policy issue, such as the presence of foreign nationals, it's a fundamental expectation in a democracy that their government will take that public sentiment seriously. Ignoring such widespread public opinion can undermine the very principles of democratic representation and accountability.",borderline,pass
appeal to majority,99,"The horrific situation in Mariupol, with civilians trapped and suffering, is a stark violation of international humanitarian law. There's a clear and urgent consensus among global aid organizations and human rights bodies that immediate humanitarian assistance is desperately needed. It's truly baffling why this fundamental obligation to protect and assist civilians isn't being met.",yes,pass
appeal to majority,100,"Numerous reports from human rights organizations and credible news outlets consistently document the severe risks faced by those who oppose the government in Russia. Given this widely acknowledged suppression of dissent, there's a strong international consensus on the importance of providing support and resources to individuals seeking asylum from such conditions.",borderline,needs_review
appeal to nature,1,"I've been thinking, sometimes these tragic events seem to get amplified when everyone's constantly glued to their phones, soaking up every bit of news and outrage. It feels like the constant digital input just winds people up, making them react without really thinking things through. Maybe if we took a step back from all the screens and processed things in a calmer way, we'd see less of this chaotic fallout.",yes,needs_review
appeal to nature,2,"Yeah, when people are facing truly unbearable conditions, where their very survival and future are on the line, protest isn't just an option—it becomes a necessity. These young people aren't just reacting; they're trying to force a change because every other avenue feels closed off and staying put means a life that's simply unsustainable. They're literally fighting for their right to a decent future in their own home.",yes,pass
appeal to nature,3,"When leaders consistently lie, especially about something as serious as death tolls, they completely erode public trust and any claim they have to legitimacy. People can't just stand by when they're being openly manipulated and lied to about their own lives. That kind of blatant disregard for truth is exactly why more protests are necessary to push for real accountability and get these leaders out.",yes,pass
appeal to nature,4,"It's really not that surprising to see such a mix of opinions and responses from European communities welcoming refugees. There are so many complex factors at play, from balancing humanitarian needs with local resources, to cultural integration challenges, and even different political views on migration. When you've got such a challenging situation, it's inevitable that people will come at it from a lot of different angles.",yes,pass
appeal to nature,5,"It's definitely a big deal to see the Cuban government actually asking for citizen input on these constitutional changes, and honestly, it's about time. When a government involves its people in decisions this important, it usually leads to policies that are more reflective of what citizens actually need and want. That kind of public engagement also tends to make the system feel more legitimate and ensures people are more likely to support the changes long-term. I'm hopeful this signals a more responsive approach going forward.",yes,pass
appeal to nature,6,"It's definitely true that our personal experiences shape how we see the world, and that often means we're only seeing part of the big picture. That's why it's so important for everyone, especially when big decisions are on the table, to really listen to and try to understand other people's viewpoints. When you bring together all those different angles, you get a much more complete idea of what's going on and what solutions might actually work for everyone, not just one group.",yes,pass
appeal to nature,7,"People generally expect societies and leaders to uphold certain ethical standards, and protecting those who are most vulnerable is a pretty fundamental one. When actions are taken that clearly go against that principle, especially if it harms weaker individuals, it understandably sparks a lot of negative public opinion. It just rubs against most people's sense of what's right.",yes,pass
appeal to nature,9,"Honestly, it's not exactly shocking when you hear about politicians bending the rules to win elections. The stakes are incredibly high, the competition is brutal, and sometimes the system doesn't have enough checks to truly hold everyone accountable. When that's the environment, some people will always find ways to cut corners to get ahead. It's just something we have to be aware of when we cast our votes, because wishing it away won't change those underlying pressures.",yes,pass
appeal to nature,11,"It's completely understandable why families would still be seeking answers about loved ones killed by the government, even decades later. People need closure, and there's a fundamental human right to know the truth about what happened to family members, especially when there's been state violence. Denying that information just perpetuates the trauma and prevents true justice or historical reconciliation from ever happening. They deserve to know.",yes,pass
appeal to nature,12,"It's absolutely ridiculous that Brazil's census is still ignoring the LGBTQ+ community. How can you even begin to address the needs of a significant portion of your population if you don't even count them? Accurate census data is crucial for understanding demographics, allocating resources properly, and crafting policies that actually serve everyone. When you leave people out, you're essentially ensuring they remain invisible and underserved by the system. We need to push for their full inclusion and representation.",yes,pass
appeal to nature,13,"I think a huge part of the problem with censorship these days is how much of our entertainment is funneled through massive, centralized digital platforms. It's just way too easy for governments to lean on a few big tech companies to control what people can see and hear online. If we leaned more into local, in-person events and physical art forms, things would be much harder to shut down or manipulate from a central authority. It's a lot tougher to censor a thousand live performances than one streaming service.",yes,pass
appeal to nature,15,"Look, when someone's been in power for a long time, it's not just a matter of liking what you have. There are huge personal stakes involved, from controlling vast resources to avoiding accountability for past actions. Giving up that kind of influence means losing a lot, and often facing real consequences. So, yeah, when everyone's trying to force his hand, he's probably going to dig in even harder because there's so much to lose.",yes,pass
appeal to nature,16,"I get that this might not be popular, but it's really tough for any one person to truly grasp and deeply care about every single global crisis going on. Our brains just aren't set up to constantly process that level of overwhelming information without burning out. It's actually more effective to focus your energy and concern on issues where you can make a real difference, whether that's locally or in a specific area you care about.",yes,pass
appeal to nature,17,"Authoritarian regimes that try to stomp out dissent and hide corruption are always fighting a losing battle in the long run. When people are constantly denied basic fairness and a voice in their own society, that resentment just festers and eventually boils over into widespread unrest. A government that actually allows for open dialogue and operates with integrity is far more likely to build real trust and achieve lasting stability.",yes,pass
appeal to nature,18,"Governments consistently underestimate how badly censorship backfires. When people can't openly discuss issues, share information, or voice their concerns, it creates a pressure cooker effect. Rumors take hold, legitimate grievances aren't addressed, and frustration just builds up until it explodes into unrest and disorder. Allowing free and open dialogue is actually essential for a stable society to manage its problems.",yes,pass
appeal to nature,20,"When politicians consistently abuse their power and create widespread unfairness, it completely breaks down public trust and any sense of a fair system. People aren't just feeling jealous; they're experiencing real harm and a fundamental betrayal of the social contract. At that point, rising up isn't just an emotional reaction, it's often seen as the only remaining way to demand accountability and fight for a just society when all other avenues have failed.",yes,pass
appeal to nature,21,"China letting journalists do their job and letting information flow freely would actually help them avoid bigger problems. When people know what's going on, it builds trust and makes it harder for misinformation to spread out of control. It just makes things more stable in the long run.",yes,pass
appeal to nature,22,"People in Papua New Guinea should definitely have the right to speak their minds online, just like anyone else. That's how folks can share ideas, hold leaders accountable, and make sure their voices are heard on important issues. It helps keep society healthy, as long as people aren't breaking real laws, obviously.",yes,pass
appeal to nature,23,"It'd be great to see these countries truly independent from Russia's grip. When nations are free to make their own choices, they can focus on what's best for their own people and economies without outside pressure. That usually leads to more stable societies and better living conditions for everyone.",yes,pass
appeal to nature,25,"Look, even if someone means well, an emblem shaped like Covid can really hit people wrong. So many families are still grieving loved ones they lost to the virus, and something like that can feel really insensitive. It's just a matter of showing some basic empathy for what so many have been through.",yes,pass
appeal to nature,26,"When corruption runs so deep in a country like Bulgaria, just swapping out a few bad apples isn't going to fix anything. The whole system gets rotten from the inside, making it impossible for things to work fairly for ordinary people. At some point, you have to admit the existing structures are broken beyond repair and start fresh to build something trustworthy.",yes,pass
appeal to nature,27,"A corrupt judge simply can't be allowed to keep making decisions. Their job is to uphold justice fairly for everyone, and if they're taking bribes or acting immorally, that trust is completely broken. It undermines the entire legal system and screws over countless people seeking fair treatment.",yes,pass
appeal to nature,28,"When a system starts shutting down questions and dissent, it's a huge red flag. Good journalism is essential because it forces those in power to explain themselves and be transparent, which keeps them honest. Without that, you pretty quickly end up with leaders who can do whatever they want without any checks, and that's just a recipe for disaster for everyone else.",yes,pass
appeal to nature,29,"When governments, like some in African nations, keep mismanaging public funds, people are bound to get fed up. Folks see their resources wasted and their needs ignored, and eventually, that frustration boils over into protests and demands for change. You can't expect citizens to quietly accept a system that's failing them over and over.",yes,pass
appeal to nature,30,"Dealing with a crisis like Covid was completely uncharted territory for every leader, including Serbia's PM. It makes sense that different governments tried different approaches to calm people down, and not all of them were smooth or perfectly executed. It's a bit unfair to expect flawless responses when no one had a playbook for something so disruptive.",yes,pass
appeal to nature,31,"Honestly, no one had all the answers for a global pandemic like Covid. Governments and health officials were dealing with rapidly changing information and a completely new virus, so some mixed messages and different strategies were pretty much inevitable. It's easy to criticize in hindsight, but at the time, everyone was just trying their best with what they knew.",yes,pass
appeal to nature,32,"Creating spaces that are truly neutral and fair is crucial for getting people to work together. When everyone feels heard and treated equally, there's less resentment and fewer arguments breaking out. That kind of balanced environment just makes it easier for people to reach agreements and generally live more content lives.",yes,pass
appeal to nature,33,"Sometimes, when societies try too hard to force a specific outcome, they actually make things worse. Letting situations unfold and allowing groups to find their own balance can often lead to more sustainable solutions. It's about recognizing that complex systems can sometimes self-organize better than a top-down, imposed change.",yes,pass
appeal to nature,34,"When you're dealing with a massive global economy like China's, making some strategic concessions is just part of doing business. It's a pragmatic way to secure access to their markets and benefit from their manufacturing capacity, which ultimately provides goods the rest of the world needs. It's about finding common ground to keep trade flowing and economies connected.",yes,pass
appeal to nature,35,"If China keeps shutting down independent journalists and hiding information, they're setting themselves up for bigger issues. When there's no reliable news or transparency, people start filling the gaps with rumors and speculation. That just breeds mistrust and can lead to a really unstable situation internally, making things harder to control.",yes,pass
appeal to nature,36,"Making political statements with materials that damage the environment kind of sends mixed signals, right? If we're talking about equity and security for the future, using sustainable, planet-friendly resources seems like a much stronger message. It shows a commitment to long-term well-being for everyone, not just short-term gains.",yes,pass
appeal to nature,38,"Yeah, things often get a bit 'lost in translation' when you're moving between completely different languages. Words and phrases can carry subtle meanings or cultural context that just don't have a direct equivalent. So it's not surprising if the Chinese are using a translation that makes sense to them, even if it lands differently elsewhere.",yes,pass
appeal to nature,39,"It's a really important part of human experience to remember significant events, especially when they involve suffering or injustice. Societies build memorials and tell stories so that those lessons aren't lost and similar mistakes aren't repeated. Expecting people to just 'move on' from their history ignores how crucial that collective memory is for healing and shaping a better future.",yes,pass
appeal to nature,40,"I really get what Annalee Davis was saying about reconnecting with nature for some solutions. Thinking about how chefs are using local wild plants, it's not just about 'going back' but tapping into fresh flavors and forgotten knowledge. This kind of approach can foster community, support local ecosystems, and even spark new innovations that make our lives healthier and more sustainable, without ditching all our modern tech.",yes,pass
appeal to nature,41,"People often react strongly when they feel threatened or misunderstood. Sometimes that means pushing back. It's just surprising to see less of that visible confrontation in Japan these days, especially compared to how things play out in other places when people are upset.",yes,pass
appeal to nature,42,"When people are prevented from speaking freely, it often builds up resentment and prevents society from adapting and growing. We've seen throughout history that places that stifle voices tend to face bigger problems down the line. Japan would do well to remember that open dialogue is key to a stable society.",yes,pass
appeal to nature,43,It's common for individuals and nations to be sensitive about past events that involve shame or suffering. Japan's reaction on this issue likely comes from a desire to protect its national reputation and avoid reopening old wounds. It's understandable that they'd be defensive given the painful history.,yes,pass
appeal to nature,44,"It's completely understandable to feel like giving up or retreating when faced with overwhelming opposition. But real change often comes from people who dig in and refuse to back down, even when it's incredibly tough. Think about leaders who faced down injustice; their persistence shaped the future.",yes,pass
appeal to nature,45,"Humans have always formed strong groups and loyalties, and these deep-seated identities make large-scale social change a very slow process. Protests are crucial for keeping pressure on, like water slowly eroding stone, but transforming how societies are structured takes generations of consistent effort.",yes,pass
appeal to nature,46,"Being isolated and restricted is definitely hard on everyone, and it’s no shock people want to protest. But the science is clear that these strong measures are effective at controlling outbreaks and protecting public health. It's a tough trade-off, but it helps everyone avoid worse suffering.",yes,pass
appeal to nature,47,"It's really unlikely that a highly valued cultural artifact from a distant country would have ended up in a European museum through entirely voluntary means, especially centuries ago. Many of these pieces were taken during periods of colonial rule or conflict, or acquired through questionable transactions. People typically want to keep their family heirlooms and national treasures close.",yes,pass
appeal to nature,48,"Snakes that aren't dangerous are actually super important for keeping local ecosystems healthy. They hunt rodents and other pests that can spread diseases to humans, so letting them do their job prevents bigger problems. Killing them off just messes with the natural food chain and can lead to more pests, not fewer.",yes,pass
appeal to nature,49,"It makes perfect sense that people's opinions can shift when they encounter a compelling story with a positive message. We’re all wired to connect with narratives that evoke hope and show a path to better outcomes. If a feel-good story can inspire positive change, then that's a good thing.",yes,pass
appeal to nature,50,"Films and art have always been powerful tools for shaping how people think and feel about the world. It sounds like the Czech government is worried about its citizens becoming more tolerant of Muslims, seeing it as a threat to national identity. But artistic expression is how societies grapple with new ideas and evolve, which is essential for true progress.",yes,pass
appeal to nature,51,"Vaccines work by training your immune system to recognize and fight off specific threats, which is a clever way to boost your body's own defenses against illness. It's a proven medical intervention that protects you from dangerous diseases, far more effectively and safely than just hoping your body can handle it on its own. It uses your own biology to keep you healthy.",yes,pass
appeal to nature,52,"Artists spend countless hours honing their craft and creating unique works, which means their output has real economic value. Expecting them to just give it away for free means they can't make a living, which isn't sustainable for them or for the art world. A platform that genuinely supports artists by ensuring they're paid for their work is much more likely to succeed.",yes,pass
appeal to nature,53,"The fundamental desire to live free from harm and make your own choices is something most people share, no matter who they are. Everyone deserves to be safe and have autonomy. We should really focus on building a society where those basic human rights are protected for all individuals, regardless of gender.",yes,pass
appeal to nature,54,"Many destructive behaviors by men are deeply rooted in cultural norms and how boys are raised in society, not some unchangeable biological fact. To truly improve things, men need to challenge those ingrained attitudes through better education and by seeing more women in positions of power, which can help shift expectations for everyone.",yes,pass
appeal to nature,56,"For a society to truly thrive, it needs the input and leadership of all its members, not just one gender. When women are excluded from decision-making, it stifles potential, creativity, and progress for everyone. Ensuring women have full rights and freedom to contribute is vital for a country's stability and growth, as history consistently shows.",yes,pass
appeal to nature,57,"Societies develop unique traditions and ways of life over centuries, and these systems often become deeply embedded in how people see the world. It’s a huge challenge for any nation to suddenly abandon practices that have been in place for a long time, especially when external forces are pushing for change. It's rarely a simple matter of just flipping a switch.",yes,pass
appeal to nature,58,"It makes no sense to exclude women from discussions about the future of a country, especially when they represent half the population and contribute in countless ways. Women are absolutely essential to everything from raising families to building economies and communities. Leaving them out means missing out on vital perspectives and skills needed for good governance.",yes,pass
appeal to nature,59,"In regions with long-standing patriarchal systems, attempts to rapidly shift power dynamics can lead to significant resistance from entrenched groups. Challenging these traditions can cause social friction and even unrest in societies already grappling with complex issues. Disrupting existing power structures, even for good reason, often makes things feel unstable in the short term.",yes,pass
appeal to nature,61,"It makes perfect sense that people in Mexico are worried about this stuff. When violence is so prevalent, it understandably creates a deep sense of insecurity and distrust in institutions, which then becomes a major public concern that needs addressing urgently. The government really needs to step up and show they can protect their citizens, or people will look for leaders who can.",yes,pass
appeal to nature,62,"It's a fundamental expectation in many societies that men, often having greater physical strength, should use it to defend others, especially women, from harm. This societal role isn't about being ""unnatural"" if you fail, but about upholding a standard of protection and care that helps maintain community safety and trust. Hurting those you're expected to protect fundamentally breaks that trust and causes profound harm.",borderline,pass
appeal to nature,65,"Women absolutely should have control over their own bodies; it's a basic human right recognized around the world. Denying this autonomy impacts their health, their economic opportunities, and their fundamental dignity as individuals. We need policies that respect these rights so women can make their own decisions about their lives and futures, just like anyone else.",yes,pass
appeal to nature,66,"After decades of strict government policies telling people how many children they could have, it’s not surprising that birth rates are low. These policies fundamentally reshaped social norms and personal desires around family size, leading to a lasting cultural shift where smaller families became the norm. Even after the rules change, the deeply ingrained habits and expectations stick around for a long time, impacting population trends for generations.",yes,pass
appeal to nature,68,"It’s always inspiring to see people break free from traditional gender roles. When individuals are encouraged to pursue their passions and talents regardless of gender, it not only leads to greater personal fulfillment but also unlocks a wider range of skills and perspectives that can benefit society as a whole. Embracing this freedom allows for more innovation and strengthens our collective progress.",yes,pass
appeal to nature,70,"Menstruation is a normal biological process for half the population, and treating it as a taboo creates unnecessary shame and health inequities. Openly discussing it and providing comprehensive education helps destigmatize the experience, empowers individuals with knowledge about their bodies, and ensures everyone can access the support and resources they need without embarrassment. This fosters healthier attitudes and better public health outcomes.",no,needs_review
appeal to nature,71,"I get that periods can be uncomfortable, but the fact is, they're a completely normal biological function. It’s essential to talk about them openly and without shame because doing so helps normalize women's health issues, encourages better self-care, and allows for more honest conversations with healthcare providers. This ultimately leads to a more informed and healthier society.",yes,pass
appeal to nature,74,"Most men genuinely want to live in safe communities and are deeply troubled by violence and abuse, just like anyone else. Actively involving them as allies not only brings more people and resources to the fight but also creates a more comprehensive and sustainable solution to these problems. It's about building a broad coalition where everyone works together for a common goal.",yes,pass
appeal to nature,75,"It's so important for women to celebrate their hard-won achievements and the long history of their collective struggles. Acknowledging their past efforts, including pivotal roles in trade unions and resistance movements, not only honors their contributions but also inspires continued advocacy and solidarity for future generations striving for equality. This kind of shared history builds strong communities.",borderline,pass
appeal to nature,78,"While attraction is a common human experience, what truly defines our humanity is our capacity for empathy and respectful interaction, especially when it comes to consent. Controlling our impulses and prioritizing another person’s autonomy ensures our relationships are built on mutual respect and ethical behavior, not just raw urges. It's about upholding dignity and building trust within society.",borderline,pass
appeal to nature,80,"While male-dominated industries have a long history, clinging to that model solely because it’s ""always been that way"" overlooks the clear benefits of change. Bringing more women into these fields introduces new ideas, diverse skill sets, and different problem-solving approaches that are crucial for innovation and adapting to a constantly evolving market. Embracing this shift isn't just about fairness; it's a strategic move that helps industries stay competitive and grow.",borderline,pass
appeal to nature,82,"The widespread anonymity and rapid sharing capabilities of digital platforms make it far too easy for nonconsensual content to spread, causing devastating harm to victims. Shifting focus back to in-person interactions helps foster genuine trust and accountability, which naturally makes people more mindful and respectful of others' personal information.",borderline,pass
appeal to nature,83,"Look, digital violence against women is a serious problem that existing laws just weren't built to handle effectively. We need specific new laws to punish offenders and protect victims because the internet creates unique ways for people to be targeted and harmed that traditional legal frameworks often miss.",yes,pass
appeal to nature,85,"Dancing, including belly dancing, is a powerful form of cultural expression and physical activity that brings joy and strengthens communities. For women, it can be a fantastic way to connect with their bodies, build confidence, and celebrate heritage. Suppressing any form of artistic expression ultimately diminishes individual well-being and cultural richness.",yes,pass
appeal to nature,86,"When new words, especially for things like gender identity, are introduced from the top down instead of being organically adopted by speakers, they often feel forced and don't catch on broadly. For language to truly serve its purpose, changes usually need to emerge from how people actually use it day-to-day, otherwise it just creates barriers instead of bridging gaps.",yes,pass
appeal to nature,87,"Forcing women to wear veils takes away their fundamental right to choose what they wear and how they express themselves. It's a clear violation of personal autonomy and dignity, and no one should have their freedom to make those decisions dictated by others.",yes,pass
appeal to nature,88,"Letting accused rapists walk free without proper accountability completely undermines the justice system and leaves victims terrified and without recourse. When courts fail to protect vulnerable people, it sends a dangerous message that perpetrators won't face consequences, which only perpetuates harm. The system needs to ensure justice is served so this woman, and all victims, can truly begin to heal and feel safe again.",yes,pass
appeal to nature,90,"Colonialism inherently denies people the right to self-determination and often leads to widespread exploitation and human rights abuses. Given these oppressive conditions, it's entirely predictable that colonized populations will eventually resist and fight for their fundamental rights to govern themselves and control their own destinies.",borderline,pass
appeal to nature,91,Seriously addressing a country's historical grievances and cultural differences is absolutely essential for any lasting peace or resolution. Simply trying to force a quick settlement without acknowledging these deep-seated issues often fails to satisfy anyone and can even make tensions worse. True harmony only comes from deeply understanding the past and working through its complexities.,yes,pass
appeal to nature,94,"Any government, when facing what it considers a direct attack or significant threat to its stability, will prioritize taking decisive action to protect its national interests and perceived security. From a state's perspective, arresting individuals believed to be orchestrating such threats is often seen as a necessary measure to neutralize immediate dangers and maintain order within its borders.",no,needs_review
appeal to nature,95,"While it can be tough, many men still feel immense societal pressure to be the primary providers and protectors for their families, even if it means taking on jobs they dislike or being away from home. For generations, this role has been deeply ingrained in our culture, leading men to make significant sacrifices for their loved ones' well-being.",yes,pass
appeal to nature,96,"Critiques and protests are absolutely vital for holding power accountable and driving necessary societal change within any country. When citizens are empowered to voice their concerns, it keeps leaders in check, pushes for fairer policies, and allows for much-needed course correction that benefits everyone. That's why we should always encourage people to speak up.",yes,pass
appeal to nature,97,"Allowing people within a country to freely express their identity and cultural values, including through music, is crucial for social cohesion and individual well-being. Music often serves as a powerful means for communities to share their stories, preserve heritage, and articulate their collective spirit, so suppressing it hinders their ability to thrive.",no,needs_review
appeal to tradition,1,"Stronger laws are needed because current enforcement mechanisms have repeatedly proven inadequate to deter corruption, leading to a demonstrable decline in public trust and efficient governance. We've seen that relying on officials to self-police just doesn't work.",yes,pass
appeal to tradition,2,"I hear you, finding good leaders is tough. But looking at cities where leaders have upheld long-standing principles of community engagement and open forums, you often see more citizen trust and better local solutions. These aren't just old ways; they're proven approaches that build real connections and get things done, like that Maine example shows.",yes,pass
appeal to tradition,4,"It's good people are finding better situations. But when you look at countries that went from tight control to sudden, sweeping changes, you often see years of chaos and even civil unrest before things settle. Taking a more measured, step-by-step approach has often helped nations transition without losing everything in the process.",yes,pass
appeal to tradition,5,"You’re right on the money. We've seen countless times that trying to overhaul everything at once just overwhelms people and leads to massive resistance or outright failure. Implementing new rules gradually, letting people adjust and providing clear explanations along the way, is a much more effective strategy for lasting change.",yes,pass
appeal to tradition,6,"Cuba's economic structure is so tightly integrated into its society and existing international relationships that any sudden shift could easily trigger widespread instability. We've seen in other countries how rushed transitions can lead to economic collapse and social unrest, so a careful, phased approach would definitely be smarter.",yes,pass
appeal to tradition,7,"I get what you mean. In communities where traditional leaders and family networks are genuinely strong and respected, they often step in effectively to mediate disputes and support victims of domestic violence, sometimes even faster than a formal government process could. They've built trust over generations.",yes,pass
appeal to tradition,8,"It's just fundamental to how a healthy society works, isn't it? When men consistently uphold their role in protecting and respecting women, it creates a much safer and more trusting environment for everyone, leading to stronger families and communities. That's a bedrock principle that clearly makes things better.",yes,needs_review
appeal to tradition,9,"It's true, most nations tend to present their founding figures in the best possible light, and I think that's often done to foster a sense of national unity and shared purpose. A simplified, inspiring narrative can really help rally people around common goals, even if it glosses over some uncomfortable truths.",yes,needs_review
appeal to tradition,13,"Many countries in Europe have successfully implemented hate speech laws, and these have demonstrably reduced intergroup conflict and protected vulnerable minorities from incitement to violence. South Korea could absolutely manage similar regulations to help maintain public order and safety, like Germany or France have.",yes,pass
appeal to tradition,14,"When you've got a system or a method that has consistently delivered good results for decades, maybe even centuries, it usually means there's a strong, practical reason behind it. You don't just toss out something that's proven effective for an untested idea; that's how you lose reliable benefits.",yes,pass
appeal to tradition,15,"Statutes of limitation are essential because, in practical terms, evidence degrades, witnesses disappear or their memories fade over time. It becomes genuinely impossible to conduct a fair trial or ensure justice if you're trying to prosecute crimes from decades ago when reliable facts are just no longer available.",yes,pass
appeal to tradition,18,"Honestly, sometimes a small bit of 'greasing the wheels' can actually help get things moving through complex systems, especially when you're dealing with minor requests or less impactful roles. It's a pragmatic way some folks get things done without causing major harm, though obviously it's a fine line.",yes,needs_review
appeal to tradition,20,"It's frustrating, but throughout history, we've seen powerful elites consistently manage to evade consequences for actions that would punish ordinary people. While it's wrong, efforts to challenge this often hit a brick wall, proving how deeply ingrained and resistant to change this power imbalance actually is.",yes,needs_review
appeal to tradition,21,"When governments regulate things like social media, they're often trying to protect citizens from real harms, like privacy breaches or foreign interference. We've seen how unregulated platforms can cause actual damage, and effective oversight can prevent that, keeping people safer online.",yes,pass
appeal to tradition,22,"Banning social media or limiting free speech too much usually backfires because people just find other ways to communicate, often leading to more unrest and less transparency. History shows that societies with robust protections for open expression tend to be more stable and adaptable in the long run because issues can be debated and resolved publicly.",yes,pass
appeal to tradition,23,"It's really important to try and understand the cultural context behind beliefs about gender roles in different societies. Sometimes these roles, while very different from our own, are deeply integrated into a community's social fabric and have historically contributed to their specific forms of family structure or communal organization.",yes,needs_review
appeal to tradition,24,"Governments have always had to manage the flow of public information, whether it's through broadcast licenses or libel laws, to maintain public order or national security. It's just a given that they'd extend those same concerns to online spaces, especially when information can spread so much faster and wider now.",yes,needs_review
appeal to tradition,25,Giving statues to significant figures like Health Ministers or Prime Ministers helps to inspire future generations and ensures important national achievements are remembered. It really does create a visible historical narrative that reminds everyone of the leadership and events that shaped the country.,yes,pass
appeal to tradition,26,"Churches have historically been vital community hubs, often organizing charity, providing social support, and preserving local heritage. When they're abandoned, it's not just a building lost, but often a significant piece of a community's social infrastructure and support network that disappears.",yes,pass
appeal to tradition,27,"Japan's approach to regulating public expression has, over time, consistently prioritized social cohesion and avoiding direct confrontation, which has been really effective in maintaining a remarkably stable society. This careful management of public discourse has helped prevent many of the divisive conflicts seen elsewhere.",yes,pass
appeal to tradition,30,Using established whistleblowing channels often gives people more protection and a clearer path to getting problems investigated properly than just putting it all out on social media. These systems are designed to handle sensitive information securely and often have legal frameworks to prevent retaliation.,yes,pass
appeal to tradition,31,"In some places, insulting the head of state is genuinely seen as a direct threat to national unity or stability, and there's a real belief that punishing it prevents chaos. From their perspective, it helps maintain order and respect for authority, which they value highly.",yes,needs_review
appeal to tradition,32,"When people generally trust their government to act in good faith, it makes it a lot easier to get things done quickly, especially in a crisis. That kind of baseline trust can really help society function more smoothly and avoid constant deadlock over every little decision.",yes,needs_review
appeal to tradition,35,"Seriously looking back at difficult periods in history, even socialist ones, always gives us valuable insights into how societies work and what policies have long-term consequences. Understanding these experiences thoroughly helps us make smarter decisions for the future and learn from both successes and failures.",yes,needs_review
appeal to tradition,38,"For deep, nuanced discussions, nothing beats a real conversation or a thoughtful letter where you can fully explain your point without character limits. Those kinds of interactions let you build genuine understanding and explore complex ideas much more effectively than quick online posts.",yes,needs_review
appeal to tradition,41,"Returning these cultural treasures has been shown to revitalize communities by boosting local tourism and creating educational opportunities for younger generations to connect with their heritage. When artifacts go back, it often sparks new research and collaboration between institutions, too, which benefits everyone.",yes,pass
appeal to tradition,42,"Japanese culture has a long-standing emphasis on group harmony and respecting public dignity, which has consistently contributed to a remarkably low crime rate and strong social cohesion across the country. Avoiding public displays that could be seen as deeply offensive helps maintain that vital sense of collective peace and order.",yes,pass
appeal to tradition,43,"Looking back at how different countries handled the initial phases of the pandemic, those that implemented strong, early public health measures consistently saw fewer deaths and often experienced quicker economic rebounds. It's clear that proactive steps, even if challenging, ultimately lead to better health and economic outcomes for everyone.",yes,pass
appeal to tradition,44,"Repatriating these stolen artifacts would significantly boost the economies of the original countries by attracting cultural tourism and allowing them to charge entry fees to their own museums. We've seen in other instances how returning heritage items creates new educational programs and strengthens national identity, which is a big win for everyone involved.",yes,pass
appeal to tradition,46,"Given the high number of venomous snake species in Nepal and the challenges of accessing immediate antivenom in many rural areas, maintaining a general wariness around all snakes is a practical and life-saving measure. Public health data consistently shows that caution around unknown snake species significantly reduces bite incidents and associated fatalities.",no,needs_review
appeal to tradition,47,"While well-written films can definitely start conversations and raise awareness, actual legislative change usually requires sustained political pressure, organized lobbying, and broad grassroots movements. Historically, a single movie rarely shifts public policy on its own; it's usually just one part of a much larger, longer effort.",yes,pass
appeal to tradition,48,"Traditional architectural styles, like those seen in many regions, often evolved specifically to suit local climates using sustainable, locally sourced materials, which makes them incredibly energy-efficient and durable. Preserving these designs not only keeps a unique cultural identity alive but also offers practical, eco-friendly building solutions that are still relevant today.",yes,pass
appeal to tradition,49,"Her work, by consciously drawing from traditional forms and narratives, has demonstrably helped younger generations connect with their cultural roots and appreciate the richness of their heritage. This kind of creative integration actively revitalizes interest in historical practices, securing their place in modern cultural dialogue.",no,needs_review
appeal to tradition,50,"Old building styles like the ajoupa are often perfectly adapted to the local climate, using natural ventilation and materials that keep homes cool without expensive air conditioning. Keeping these methods alive, maybe even modernizing them, means we don't lose out on efficient, sustainable designs that have already proven their worth for centuries.",yes,pass
appeal to tradition,52,"Art that focuses purely on aesthetic beauty and cultural celebration consistently provides a universal language that fosters unity and shared appreciation across diverse groups, strengthening community bonds without the potential for division or controversy that often comes with protest art. This focus ensures its broad, enduring positive impact on cultural identity.",no,needs_review
appeal to tradition,55,"Using familiar traditional mythical creatures can make complex social messages much more accessible and resonant within a culture, often sparking wider conversation and community engagement around serious issues like women's rights. We’ve seen other campaigns successfully adapt local folklore to great effect for social causes.",yes,pass
appeal to tradition,58,"Historically, sustained, unified social movements with clear demands have proven incredibly effective in driving legislative and societal change, particularly in addressing entrenched injustices. When diverse groups align their efforts, it creates a powerful voice that governments and institutions find hard to ignore, as seen in various successful civil rights and women's suffrage movements globally.",borderline,needs_review
appeal to tradition,61,"Our country has kept a steady hand through a lot of global ups and downs. The way our society is organized, with some clear, long-standing roles, really seems to keep things predictable and strong. You see other places that have rushed into big changes and it often just creates more problems and instability for everyone.",yes,needs_review
appeal to tradition,62,"I've always noticed that in communities where women really embrace nurturing and support roles, families tend to be rock-solid and the kids thrive. It just seems like that kind of structure, where women are pillars of the home and community, builds really stable societies that last for generations.",yes,pass
appeal to tradition,63,"It's just a basic truth that societies where men step up to protect women and children are safer and more orderly for everyone. When men take that responsibility seriously, crime rates often drop and communities feel more secure. Teaching boys to value that protective instinct isn't just an old idea, it's about building strong, safe neighborhoods where everyone can feel secure.",yes,pass
appeal to tradition,64,"When you see men genuinely step up to protect and support women, especially against online garbage, people notice. It builds a reputation for trustworthiness and strong character. Guys who do that aren't just following some old rule, they're showing leadership and earning real respect in their communities.",yes,pass
appeal to tradition,65,"When societies genuinely prioritize everyone's safety and freedom, no matter their gender, you see a measurable boost in innovation and overall happiness. People are more likely to contribute fully when they feel secure and valued, which makes communities stronger and more dynamic for everyone involved.",yes,pass
appeal to tradition,66,"When you stick to certain established methods, you often avoid a lot of unforeseen problems down the road. History shows us that communities that held onto tried-and-true practices usually built more resilient structures and systems that could weather big challenges. There's real value in not reinventing the wheel when the old one is clearly still rolling.",yes,pass
appeal to tradition,67,"Honestly, when people put in the effort for longer-term relationships, you tend to see a lot more personal stability and happiness. Couples who commit to building something solid often report deeper satisfaction and stronger support networks, which makes a huge difference in life.",yes,pass
appeal to tradition,68,"Thinking back to how parents used to be more involved in introductions, it really did create a network of accountability. When folks met through family friends, there was a natural vetting process and a lot more social pressure to act respectfully. It wasn't just about finding a date, it was about connecting two families, which definitely reduced the kind of awful incidents we see now.",yes,needs_review
appeal to tradition,69,"Honestly, when you meet people through shared activities or mutual friends, you already have common ground and a built-in social filter. Those connections often lead to more genuine relationships because you've seen each other in a natural setting, not just a curated profile. It just feels more real and often builds into something much stronger than an app ever could.",yes,needs_review
appeal to tradition,70,"Jamaica has navigated some pretty rough waters globally, and a big part of that resilience comes from its deeply ingrained community structures and strong cultural identity. These aren't just old habits; they're social safety nets and shared values that have repeatedly helped the island bounce back from adversity and maintain its unique spirit, even when faced with external pressures.",yes,pass
appeal to tradition,71,"When you stick with methods that have a track record, you're usually on solid ground. Folks who've been around for generations can tell you how certain practices helped them through tough times and built strong communities. It's not just about doing what's old, it's about leaning on what consistently delivers good results and keeps things stable.",yes,pass
appeal to tradition,72,"You know, a lot of what we call taboos are actually pretty crucial for keeping social order and preventing chaos. When communities ignore those deep-seated lines, you often see things like increased conflict or breakdown in trust. It's like those rules are there to keep everyone safe and make sure society functions smoothly.",yes,pass
appeal to tradition,77,"When people actually interact face-to-face, there's a natural sense of empathy and accountability that kicks in. You're less likely to be cruel when you see someone's reaction. Bringing some of that real-world etiquette, like clear consequences for bad behavior and a focus on mutual respect, into online spaces would definitely cut down on the harassment and make the internet a far more positive place for everyone.",yes,needs_review
appeal to tradition,79,"It's a fact that when people are genuinely free to choose their own path, whether that's in more traditional roles or something entirely new, they tend to be happier and more engaged. For many women, finding fulfillment in roles like nurturing a family brings a deep sense of purpose and stability that benefits everyone around them, and that personal choice should always be respected.",yes,needs_review
appeal to tradition,82,"Historically, societies often developed stable structures when there was a clear division of labor, with men taking on public leadership and women focusing on domestic affairs. It's reasonable to consider how changes to these established roles might affect family cohesion and community stability, which were often strong under the old ways.",borderline,needs_review
appeal to tradition,83,"Academic independence is really important for universities to thrive, and having university leaders appoint their successors helps protect that. It ensures decisions are made based on educational merit and expertise, keeping political interference out of what's taught and researched.",yes,pass
appeal to tradition,84,"In places where the government has totally failed, communities often take matters into their own hands to prevent complete anarchy. Sometimes, this kind of local, informal justice is the only thing that maintains any semblance of order or safety when state institutions are absent.",yes,pass
appeal to tradition,85,"The distinction between male and female is rooted in basic biological reality and reproductive roles, which have been fundamental to the structuring of human societies for all of history. Recognizing these fundamental differences has always been crucial for population continuity and establishing clear social roles.",no,needs_review
appeal to tradition,86,"Languages thrive when their evolution is widely accepted by speakers and feels natural, which usually happens organically. Trying to introduce ""artificial"" terms can often cause confusion and division among people who use the language every day, hindering clear communication rather than helping it.",yes,pass
appeal to tradition,87,"I've always thought that language changes best when it happens naturally, reflecting how people actually speak and understand each other. When changes are forced or driven by political agendas, they often struggle to gain widespread acceptance and can even make communication harder for many.",yes,needs_review
appeal to tradition,88,"The principle of not holding people indefinitely before trial is fundamental to a just system because it protects individual liberty and prevents wrongful suffering. It helps maintain public trust in the courts by affirming that someone is presumed innocent until proven guilty, which is a cornerstone of fair democracies.",no,needs_review
appeal to tradition,89,"When governments become oppressive, popular protest has proven time and again to be a powerful tool for achieving necessary social and political change. Looking at successful movements throughout history, it's clear that people speaking up collectively can shift power and expand rights for everyone.",yes,pass
appeal to tradition,90,"Providing creative outlets like art in prison can make a real difference in inmates' mental health and overall well-being. Therapists often point to art programs as effective tools for reducing stress, improving self-expression, and even aiding in rehabilitation for people behind bars.",yes,pass
appeal to tradition,91,"In many societies, a shared moral framework often comes from widely held religious beliefs, and when political leaders reflect those values, it can create a strong sense of national unity. People often feel better represented when their government acknowledges and incorporates the deeply held spiritual traditions of the populace.",borderline,needs_review
appeal to tradition,92,"Looking at history, the most enduring solutions to complex territorial disputes have consistently come from dedicated, open discussions and a willingness to compromise. When all parties genuinely engage in dialogue, it builds trust and often leads to agreements that can prevent future conflict and benefit everyone in the long run.",yes,needs_review
appeal to tradition,93,"It makes perfect sense to let different groups keep their traditional names for things; it’s a way to honor distinct cultural identities. Linguistic diversity enriches the world, and maintaining unique terminologies helps preserve the heritage and perspectives of each community.",yes,needs_review
appeal to tradition,94,"When a country prioritizes honest governance and holds its leaders to high standards of integrity, it demonstrably builds public trust and makes society fairer for everyone. This kind of ethical leadership is crucial for strong institutions and consistent progress, as we've seen in many nations.",yes,pass
appeal to tradition,95,"For many communities, especially those that have faced external threats or internal instability, prioritizing collective security and social order has historically led to greater group survival and stability. This often means a different balance with individual liberties or government transparency, but it can be a deeply held value that demonstrably kept them safe.",yes,pass
appeal to tradition,96,"In some historical contexts, a strong, centralized government that can make decisive choices has proven effective at uniting disparate regions or driving rapid economic development. For certain nations, allowing the government to guide major decisions has historically provided stability and a clear path forward during challenging times.",yes,pass
appeal to tradition,97,"I think real, in-person communication is essential for developing genuine empathy and understanding between people. You pick up on so many non-verbal cues and build trust through shared physical presence in a way that just doesn't happen online, which is vital for deep connections.",yes,needs_review
appeal to tradition,98,Maintaining established political boundaries and respecting the self-determination of people within them is crucial for regional stability and preventing conflict. Preserving the historical integrity of an area often prevents new humanitarian crises and ensures distinct cultural identities can continue to thrive.,no,needs_review
appeal to tradition,99,"A nation's unique culture is a huge part of its identity and provides a strong sense of belonging for its people. Preserving distinct traditions, languages, and art forms helps a country maintain its unique place in the world and gives future generations a rich heritage to draw upon.",no,needs_review
appeal to tradition,100,"Music has always been an incredibly effective way for people to express dissent and galvanize movements against injustice. It has a unique power to inspire courage, build solidarity, and spread messages widely, often reaching hearts and minds in ways that mere words cannot.",no,needs_review
appeal to worse problems,1,"Yeah, it's frustrating when our info request system acts up. But I've been reading up on how hard it is for activist groups in places with no formal way to get government info at all. If the big international funds for democracy-building are going to make a real difference, they need to prioritize setting up basic transparency frameworks where there's nothing, rather than tweaking what we already have here.",yes,pass
appeal to worse problems,2,"Look, I get that people have issues they want to voice. But right now, our hospitals are totally overwhelmed and our frontline workers are burning out trying to manage this pandemic. Every time there's a huge protest, it pulls away vital police and emergency medical resources that are already stretched too thin, not to mention creating new potential super-spreader events that put more pressure on those same exhausted healthcare teams.",yes,pass
appeal to worse problems,3,"Having a say in a new constitution is huge, no doubt. But I've noticed how much media coverage and political debate it's sucking up right now. It feels like all the oxygen is gone for other really serious issues, like the skyrocketing cost of living or the struggles our small businesses are facing. We need to make sure those don't get completely overshadowed while everyone's focused on the constitutional details.",yes,pass
appeal to worse problems,4,"I hear people talking about how tax reform isn't the most pressing thing for Colombia, given its history. But from what I've seen, getting a fair tax system in place is actually foundational for funding all those other 'bigger' problems people keep mentioning. If the government can't get its revenue sorted out, how are they ever going to pay for better education, healthcare, or security programs without just racking up more debt?",yes,pass
appeal to worse problems,5,"It's easy to get caught up debating tax rates, and those are important for sure. But honestly, the international human rights watchdogs I follow are already struggling with severe funding cuts. They're telling us they barely have enough staff to investigate the most egregious abuses, let alone dive into complex economic policy debates. We need to focus our limited public and activist energy on supporting their critical work where lives are genuinely at stake.",yes,pass
appeal to worse problems,6,"Yeah, it’s true that things are absolutely horrifying for LGBTQ+ people in some places, where it's literally a matter of life or death. But when I talk to activists working on the ground in Turkey, they tell me their local support networks are constantly stretched thin, just trying to provide basic safe spaces and legal aid. They don't have the bandwidth to tackle every single issue at once, so they often have to make tough calls about which battles they can realistically fight right now to prevent things from getting even worse.",yes,pass
appeal to worse problems,7,"Look, commemorating past victims and getting justice is incredibly important for a society to heal. But right now, the government's entire focus and what little public trust it has is completely consumed by trying to fix the economy, which is a total disaster. They just don't have the political capital or the public's attention to launch a massive truth and reconciliation process for past wrongs at the same time without risking total gridlock on both fronts. People need to eat before they can truly process historical justice.",yes,pass
appeal to worse problems,8,"The government pulling back on LGBTQ+ census data is definitely a setback, and it shows a real lack of respect. But honestly, this kind of shady move where they quietly reverse decisions is happening all over the place. I'm worried that if we fight every single one of these battles individually, we'll burn out our activist groups and public attention, instead of unifying to demand better overall transparency and accountability from our leaders. It's a symptom of a much bigger problem with how decisions get made behind closed doors.",yes,pass
appeal to worse problems,9,"It's absolutely tragic that so many people are dying in favela violence, and those cases deserve full attention. But often, when reporters are targeted, it's because they're digging into organized crime or corruption that's *fueling* that wider violence. If our limited investigative units get bogged down only reacting to individual murders, they might miss the bigger picture that these journalists were trying to uncover, and then the whole cycle of violence just continues.",yes,pass
appeal to worse problems,10,"I agree that poverty is a massive, crushing problem that needs constant attention. But I’ve heard from folks in social services that addressing what seem like 'smaller' issues, like improving local infrastructure or tackling minor bureaucratic corruption, can actually free up resources and create opportunities that directly help people escape poverty. It's not always about picking one huge thing; sometimes these 'smaller' fixes pave the way, and we only have so many people capable of working on different kinds of problems.",yes,pass
appeal to worse problems,11,"It's true that every country has a ton of issues, and some are definitely more urgent than others. But I often see that when people's energy and attention get completely scattered across a dozen different causes, it's hard to build enough momentum to actually fix anything. To really tackle the 'big problems' that need serious political will, sometimes we need to focus our collective efforts on one or two key issues at a time to get them over the finish line, because the government can only handle so much at once.",yes,pass
appeal to worse problems,12,"Of course, widespread poverty and homelessness are absolutely devastating problems that need constant attention in Turkey. But I've noticed that sometimes, neglecting what seem like 'smaller' issues, like local corruption or specific environmental concerns, can actually divert resources or create new problems that make the fight against poverty even harder. Our city council only has so much budget and so many staff to deploy each year, and they need to consider how seemingly disparate issues are actually connected and affect the most vulnerable.",yes,pass
appeal to worse problems,13,"While parents understandably want to protect their kids from harmful content, the government spending so much legislative time and public funds on 'cleaning up material' right now just seems misdirected. I've heard from folks in Ankara that their foreign policy team and national security experts are already completely swamped dealing with the ongoing tensions with Armenia, and they simply don't have the bandwidth to seriously tackle both that *and* a massive media regulation overhaul. It feels like they're choosing a less critical fight when they're already stretched thin.",yes,pass
appeal to worse problems,14,"I know people are frustrated with the PM, and fresh elections are important. But honestly, the country is still on a razor's edge after that war, and any major political instability could quickly bring us back to square one. I've talked to people who are just desperate for some calm, and they're worried that pushing too hard for immediate, radical changes right now could destabilize things even more and make international partners pull back their support. There's only so much the system can handle before it cracks.",yes,pass
appeal to worse problems,15,"I hear the anger about the snap election, and it's definitely a concerning move by the leader. But my worry is that all this focus on the election mechanics is sucking up so much public energy and media attention that it's distracting from the really desperate issues people are facing daily, like getting enough food or dealing with basic human rights abuses. There's only so much outrage people can sustain, and if it's all spent on one thing, the other urgent problems just get ignored by the folks in power.",yes,pass
appeal to worse problems,16,"It's super important to protect journalists, no doubt about it. But in Pakistan right now, the economy is just completely collapsing, and people are barely scraping by. I know the government and international aid agencies are throwing everything they have at just keeping the country afloat financially. If they try to push for major press reforms at the exact same time, it could just overwhelm the system and divert crucial attention from the economic catastrophe, which really needs every single bit of focus right now.",yes,pass
appeal to worse problems,17,"I hear some people are still nervous about Jamaica lifting restrictions, and that's fair. But honestly, our local health clinics are already struggling to keep up with routine care and chronic disease management, things that got put on hold for years because of COVID. They simply don't have the staff or budget to maintain strict enforcement *and* run all the other essential public health programs they need to restart, like getting vaccination rates up for everything else. It’s a tough balancing act.",yes,pass
appeal to worse problems,18,"It's absolutely awful that people died, and we definitely need to know what happened. But honestly, the way social media just explodes with conflicting, unverified stories right after something like this, it completely muddies the waters for proper investigations. I've heard from reporters that their teams are spending so much time just debunking outright lies and tracking down sources for basic facts, they don't have the bandwidth to dive deep into the actual causes and responsibilities anymore. It's like the misinformation itself actively prevents us from getting to the truth of the deaths.",yes,pass
appeal to worse problems,20,"Look, the climate crisis and wealth inequality are absolutely massive, existential problems we need to fix. But when governments like China and the Solomon Islands start having really secretive meetings, it often leads to deals that undermine environmental protections or exploit local populations for resources, making those 'bigger problems' even worse down the line. If our international watchdog groups and investigative journalists are constantly being starved of resources and attention because everyone's looking at the big picture, who's going to catch those smaller, but critical, opaque deals that end up screwing everyone over?",yes,pass
appeal to worse problems,21,"You're right. These politicians are spending all their legislative staff hours on drafting new social media regulations, which means they're not able to dedicate that same limited capacity to investigating and prosecuting major corruption cases within their own departments. It's a real misallocation of their direct oversight responsibilities.",yes,pass
appeal to worse problems,22,"It's a huge problem. I've read reports that the national budget allocated for social services, like food and shelter programs, is being significantly cut to fund new government departments focused on internet content monitoring and censorship. That's a direct tradeoff affecting people's basic needs.",yes,pass
appeal to worse problems,23,"The thing is, our national security apparatus is already stretched super thin dealing with active organized crime and border control issues. The small number of combatants potentially returning means they'd have to divert critical personnel and surveillance resources from those existing, high-priority threats, and our budget doesn't allow for a separate new program.",yes,pass
appeal to worse problems,24,"I agree. The counter-terrorism unit's budget and personnel are already completely maxed out tracking active, internationally-linked terror cells, which is a constant drain on their resources. Diverting those highly specialized security assets to handle issues primarily affecting women and children, which are critical but require a different type of intervention, would leave us vulnerable to larger threats.",yes,pass
appeal to worse problems,25,"It's a tough situation. The local economic development office has limited staff and a strict budget for vetting potential investors and their backgrounds. They're under intense pressure to secure *any* funding for community projects, so if they spent months doing deep-dive character investigations on every single potential benefactor, many vital initiatives would just stall out without any capital at all.",yes,pass
appeal to worse problems,26,"You're spot on. Right now, our parliament's entire legislative schedule is jammed with debates and votes on emergency healthcare reform and poverty reduction bills. Trying to fit in a detailed investigation into church involvement in government would inevitably push those crucial, time-sensitive social welfare discussions off the agenda.",yes,pass
appeal to worse problems,27,"I agree. Our national cybersecurity agency is already seriously underfunded and short-staffed, struggling just to combat major financial cybercrimes and protect critical national infrastructure. Having to assign their precious, limited resources to tracking down people who are just being ""mean"" to public figures online would literally mean pulling them off much more damaging cases.",yes,pass
appeal to worse problems,28,"Totally. The federal environmental protection agency's entire budget and all their specialized ranger units are fully committed to trying to stop illegal logging and mining operations in the Amazon, which is a massive undertaking. If they had to divert those resources to monitor online chatter about environmental issues, they wouldn't have anyone left to physically protect the forest.",yes,pass
appeal to worse problems,29,"I think the issue is that the communications regulator has such limited staff and budget. They literally only have enough resources to monitor and respond to widespread disinformation campaigns that directly threaten public health or safety. Dealing with these smaller, isolated media incidents would mean they couldn't address those larger, more critical threats.",yes,pass
appeal to worse problems,30,"I've seen it happen. The city council's meeting schedule is already packed to the brim with urgent budget allocations for public housing and infrastructure repairs. If they spent significant time debating minor neighborhood disputes, it would literally push back decisions on projects affecting thousands of residents for weeks or months.",yes,pass
appeal to worse problems,31,"From what I understand, both the US State Department and Japan's Ministry of Foreign Affairs have their entire diplomatic corps and negotiating capacity tied up with critical trade negotiations and regional security pacts. Diverting their high-level attention and limited personnel to a private company's content decision would compromise progress on those much larger, nationally impactful issues.",borderline,pass
appeal to worse problems,32,"Right? Our public health department's crisis response teams are completely overwhelmed, with all available personnel and funding allocated to managing the ongoing COVID-19 vaccination rollout and testing programs. Diverting even a few of those critical resources to mediate online disputes about images would directly undermine their ability to control the pandemic.",no,needs_review
appeal to worse problems,33,"I definitely think so. The government's entire budget for administrative reform and social programs is currently locked into emergency initiatives to rebuild the healthcare system and provide immediate unemployment relief. Any efforts to launch new investigations into minor political misconduct, beyond what's already underway, would directly divert funds from those vital social safety nets.",yes,pass
appeal to worse problems,34,"You're absolutely right. The parliamentary committee debating this issue has a strictly limited agenda, with only a few days allocated before they have to move on to urgent discussions about the national drought crisis and economic stimulus package. Prolonging the debate on this topic would mean cutting short critical time needed to address those broader, more immediate threats.",yes,pass
appeal to worse problems,35,"It's true that the judicial oversight committee, which handles both internal misconduct and external interference, only has enough staff and budget to actively investigate a handful of high-priority cases at any given time. Given the severe backlog, they have to prioritize cases involving outright criminal behavior by judges, as these pose a more immediate threat to public trust and justice than procedural disputes over branch interference.",yes,pass
appeal to worse problems,37,"As a journalist, I know major investigative teams only have the capacity to launch one or two deep-dive investigations a year, given the extensive research, travel, and legal costs involved. Committing those limited resources to a single individual's story, no matter how compelling, would mean foregoing a comprehensive exposé on the systemic issues contributing to widespread national poverty.",yes,pass
appeal to worse problems,38,I'm with you. The national economic council has a finite number of policy analysts and a fixed budget for new initiatives each fiscal year. Every dollar and hour spent on developing solutions for lesser economic problems means less funding and fewer personnel dedicated to crafting and implementing programs specifically designed to alleviate widespread poverty.,no,needs_review
appeal to worse problems,39,"Exactly. The regulatory agencies tasked with investigating financial misconduct by the wealthy are already severely underfunded, struggling to pursue even the most egregious cases. Diverting additional limited public resources to complex, drawn-out legal battles against every instance of ""rich people getting away with things"" would directly deplete the funds available for critical environmental protection, healthcare, and poverty alleviation programs.",yes,pass
appeal to worse problems,40,"My take is, during the height of the pandemic, all government legal teams and public information campaigns were entirely dedicated to enforcing emergency health measures and educating citizens on virus prevention. Advocating for freedom of expression issues at that time would have directly diverted critical legal and communication resources away from the immediate, life-saving public health response.",yes,pass
appeal to worse problems,41,"Our police departments are spread thin as it is, dealing with daily emergencies and community needs. When internal affairs has to dedicate staff and significant time investigating corrupt officers setting up whistleblowers, it pulls resources directly away from essential public safety work. Chiefs absolutely have to prioritize cleaning up their own house to ensure officers can focus on protecting everyone.",yes,pass
appeal to worse problems,42,"Honestly, the state budget for forensic tools is pretty tight, and I've heard some officials say that money spent on unreliable polygraph equipment and training could easily be redirected. Imagine if we put those funds into local food bank initiatives or job training programs instead. We really need to make sure our taxpayer dollars are going to what helps people the most, and polygraphs just don't seem like the best bang for our buck right now.",yes,pass
appeal to worse problems,43,"When police corruption goes unchecked, it actually costs taxpayers a fortune in lawsuits, lost evidence, and the need for constant oversight by external bodies. Plus, every hour spent investigating bad apples is an hour officers aren't out preventing crime or engaging positively with the community. Investing seriously in robust anti-corruption measures, both locally and nationally, saves money and frees up police resources for what really matters.",yes,pass
appeal to worse problems,44,"In places where governments actively disappear dissidents and violently suppress any form of opposition, the international community has to direct massive amounts of diplomatic and humanitarian aid to protect lives. Our system, while imperfect, doesn't require the same urgent, all-consuming focus on preventing physical harm or immediate political assassinations. We can and should address our issues, but the sheer scale of crisis management is fundamentally different.",no,needs_review
appeal to worse problems,45,"From what I hear from human rights organizations, they have a limited budget and staff for international advocacy campaigns each year. It makes sense for them to prioritize places like China where even basic reporting gets journalists jailed and information is totally controlled, because the potential impact of their work there can be so much higher. Tackling the most extreme restrictions often sets a stronger precedent and helps more people per dollar spent.",yes,pass
appeal to worse problems,46,"Our government has a finite amount of political will and budget space each year to enact major reforms. When public discourse is constantly consumed by debates over misinformation and who to trust, it diverts precious time and attention from legislators and public servants who could be drafting and implementing solutions for climate change, housing, or economic disparities. We need to focus our collective energy on pushing for those big-ticket items that genuinely transform society, because they demand all the bandwidth we can give them.",borderline,pass
appeal to worse problems,47,"Look, the State Department only has so much diplomatic capital and so many senior envoys to deploy to a deeply complex region like Israel and Palestine. Every hour spent negotiating the symbolic details of an embassy move is an hour they can't dedicate to brokering a ceasefire or pushing for humanitarian aid that directly saves lives on the ground. It's about directing limited, high-level attention to where it can truly impact the most urgent crises.",yes,pass
appeal to worse problems,48,"International organizations and major powers have a limited number of diplomatic personnel and finite budgets for their foreign missions. When a region is facing a severe humanitarian crisis or an escalating conflict, every available diplomat, aid worker, and dollar needs to be deployed to address the immediate suffering and instability. Focusing on anything less urgent would simply divert crucial resources from those life-or-death situations.",no,needs_review
appeal to worse problems,49,"I totally get that artists need to work, but during a global health crisis, there's a huge demand for creative talent to help spread vital public health messages. Someone with his platform and direct experience with COVID could have designed really impactful PSAs or educational comics. That kind of communication is a shared public good, and his unique skills would have been a valuable contribution to that specific, urgent need.",yes,pass
appeal to worse problems,50,"When there's a pandemic, public figures and creators have a real opportunity to rally support for critical causes. His platform and visibility could have been leveraged to organize a major fundraising drive for struggling hospitals or local food banks, which are constantly short on funds and supplies. Directing that kind of influence towards tangible relief efforts would have channeled community attention and financial resources to where they were most desperately needed.",borderline,needs_review
appeal to worse problems,51,"Honestly, I think our educational institutions and public historians have limited time and grant money to dedicate to research and curriculum development each year. Focusing on how a few foreign artists were influenced by our country decades ago seems like a pretty niche topic. I'd rather see those resources go towards understanding current societal challenges or exploring historical events that have a more direct impact on our present-day issues and policy decisions.",yes,pass
appeal to worse problems,52,"When international aid organizations or diplomatic missions are allocating their limited funding and staff to a country, they often have to prioritize. While celebrating writers is great for cultural exchange, the most urgent needs are usually humanitarian aid, economic development, or conflict resolution. Those are the issues that truly stabilize a country and allow its people to thrive, so it makes sense to direct the bulk of our resources there first.",yes,pass
appeal to worse problems,53,"Our media outlets and public conversations only have so much bandwidth each day to highlight different issues. When something like a ""bag dress"" takes up significant airtime and column inches, it's inevitably pulling attention away from crucial reporting on local community problems, economic struggles, or important policy debates. We really need to make sure our collective focus is directed towards the conversations that genuinely impact people's lives.",yes,pass
appeal to worse problems,54,"From what I've heard from museum curators and legal experts, each case of repatriating stolen artifacts involves massive amounts of research, legal negotiation, and logistical planning. Trying to tackle every single piece of stolen artwork from all Eastern and African countries at once would completely overwhelm existing museum departments and diplomatic channels. Focusing on specific, well-documented cases like Nepal first is the only practical way to make real progress and build precedents without grinding the whole process to a halt.",yes,pass
appeal to worse problems,55,"When there's a serious lack of government accountability during a crisis, it often means that crucial emergency funds are mismanaged, vital medical supplies don't get distributed efficiently, and public health directives aren't followed. This directly drains resources and personnel from our already overwhelmed healthcare system, making it even harder for frontline workers to do their jobs. We absolutely need to fix that transparency problem immediately, because it's actively sabotaging the pandemic response.",yes,pass
appeal to worse problems,56,"From what I hear from community leaders in Jamaica, the government's budget and manpower are completely stretched dealing with the immediate crises of crime, drug trafficking, and severe poverty. Every dollar and every hour of official attention has to go towards direct interventions that protect lives and secure basic necessities for the population. Until those fundamental issues are brought under control, there just aren't the spare resources to dedicate to long-term historical and cultural projects like researching the Taino people.",yes,pass
appeal to worse problems,57,"Many Taino community activists I've spoken with say their groups have extremely limited resources—both in terms of volunteer hours and fundraising dollars. They really have to channel all their energy into addressing the most immediate challenges like securing housing, combating discrimination, and dealing with the impacts of violence. While cultural heritage is important, those life-and-death issues simply demand the lion's share of their collective focus and any available funds right now.",yes,pass
appeal to worse problems,58,"From what I understand, the Nepalese government and international aid partners working there have extremely limited funds and personnel. They are rightly directing almost all of those resources towards stabilizing the economy, creating jobs, and ensuring basic services for people. The complex legal and logistical work of repatriating artifacts, while meaningful, would simply divert too much attention and money from their immediate, critical economic recovery efforts right now.",yes,pass
appeal to worse problems,59,"When a pandemic is raging, the most critical thing is getting everyone on board with public health measures and ensuring our shared medical resources aren't overwhelmed. Efforts to tackle complex social issues like cultural stereotypes, while important long-term, can sometimes divert public attention and political capital from the immediate, all-hands-on-deck response needed to contain the virus. We've got to focus our collective energy on that shared threat first, to ensure our healthcare systems can cope.",yes,pass
appeal to worse problems,60,"I think when we're talking about something as impactful as immigration, our limited public discourse and political energy should be directed towards understanding the real-world, systemic effects on communities and individuals. Spending significant time analyzing a single movie, especially one that might be quickly forgotten, can pull focus away from the urgent need to address actual policy challenges, allocate resources for new arrivals, and support affected communities. We need to prioritize engaging with the issues that directly impact millions.",borderline,pass
appeal to worse problems,61,"It's great to see a film challenging stereotypes about Afghanistan. Honestly, with all the global crises, it's hard to get international donors to even look at long-term cultural projects, so something like this that can open doors for future understanding and aid is super important. We can't fund everything, so finding those key initiatives that build bridges matters.",yes,pass
appeal to worse problems,62,"I get that people want to make a difference, but putting all that energy into a niche art project feels off when so many people on the ground are fighting racist policies directly. It's like, we only have so much activist bandwidth, you know? Why not channel that passion into groups that are already pushing for real legislative change?",yes,pass
appeal to worse problems,63,"The creativity is cool, but honestly, with the Ukraine situation escalating like it is, every bit of diplomatic and security attention from the Czech government should be on that border. We only have so many high-level officials and so much capacity for those kinds of major international issues, and the war directly impacts our stability. Shifting focus to that just makes sense for now.",yes,pass
appeal to worse problems,64,"I'm not sure poetry is the best use of local government funds right now. Our town council is already struggling to budget for basic infrastructure repairs and mental health services, and those are issues that directly affect people's trust. They need to put money where it can actually fix tangible problems in the community.",yes,pass
appeal to worse problems,65,"I remember that time – everyone was stretched thin. With our public health department completely overwhelmed coordinating testing and vaccine rollout, having to divert staff or public announcements to deal with complaints about posters just wasn't feasible. It really pulled resources away from the actual pandemic response.",yes,pass
appeal to worse problems,66,"Making free protest posters sounds nice, but when you look at how much time and money goes into sourcing materials and organizing distribution, you realize those resources could be spent better. There are local advocacy groups struggling to fund direct relief efforts or community organizing that could really use that volunteer time and budget for something with more impact.",yes,pass
appeal to worse problems,67,"I totally get the urge to protest the coup, but Myanmar's public health system is already crumbling under COVID, and the economy is in freefall. Mass protests right now would only put more strain on emergency services and risk further economic disruption, taking crucial resources away from those critical immediate needs. We just don't have the bandwidth for both simultaneously without making things worse.",yes,pass
appeal to worse problems,68,"It just feels like a misallocation when you see the city budget stretched so thin. Every dollar the government spends on art is a dollar that isn't going to underfunded schools, struggling healthcare clinics, or those critical violence prevention programs the article mentioned. They're all drawing from the same limited pot of taxpayer money.",yes,pass
appeal to worse problems,69,"I agree, the sculptures might be nice to look at. But when the city's struggling to keep schools properly staffed and public health clinics open, it really makes you wonder about spending limited public funds on something like that. We have to prioritize what truly supports the most people.",yes,pass
appeal to worse problems,70,"The sculpture sounds like a lovely way to honor the community, but my local food bank is running on fumes and our homeless shelters are overflowing. If the same people or organizations who funded this project have a finite pool of community investment money, it makes you wish that cash went to immediate, life-sustaining needs first.",yes,pass
appeal to worse problems,71,"I just don't see how making art about problems actually *solves* them. If you have passionate people with time and resources, that energy is better spent directly lobbying, organizing, or providing aid. Our community activist groups have limited funds and volunteer hours, and they need to focus on direct action, not just artistic statements.",yes,pass
appeal to worse problems,72,"It's tough because there are so many global issues right now. But when an entire population of 100,000 people has just been ethnically cleansed in Azerbaijan, it feels like the international community's finite attention and humanitarian aid budget should be completely focused there. It's a much larger-scale crisis demanding immediate, coordinated action.",yes,pass
appeal to worse problems,73,"These issues are important, but honestly, our government's legislative calendar and political capital are already maxed out. If we don't prioritize major systemic overhauls for climate change and income inequality now, we might lose the chance, and those issues have a much wider, more devastating impact on society. We only have so much bandwidth for big reforms.",yes,pass
appeal to worse problems,74,"Why is all the focus on 'women's issues' when male victims of violence also need help? It seems like funding for specific anti-violence programs often gets allocated based on these gendered categories, and if we're putting all our resources into one, it leaves less for the other vulnerable groups. We need to look at violence across the board.",yes,pass
appeal to worse problems,75,"I looked into this too, and it's wild how many more men are murdered there. I agree that all violence is bad, but when police departments have limited resources for specialized investigative units, it makes you wonder if the intense focus on one specific demographic, despite lower numbers, is drawing away from broader efforts to tackle all homicides.",yes,pass
appeal to worse problems,76,"Violence is violence, period. We need to address the root causes of aggression in society, not create separate categories. When resources are limited for things like public safety and victim support, it just makes more sense to fund broad initiatives that protect everyone, including vulnerable men, rather than constantly creating gender-specific programs.",yes,pass
appeal to worse problems,77,"Seriously, the violence in Mexico is a huge problem across the board! When law enforcement and crime prevention budgets are already stretched so thin, focusing exclusively on one subset of victims, like women, can divert critical resources from general anti-violence efforts that would benefit everyone. We need a comprehensive approach to tackle the entire crisis.",yes,pass
appeal to worse problems,78,"You see local leaders trying to address multiple issues in Kenya, but their time and resources are incredibly limited. When they have to spend precious hours mediating online spats, it’s time they're not using to coordinate aid for poverty or implement security measures against violence. It's a real drain on their capacity.",yes,pass
appeal to worse problems,79,"I get that representation matters, but if a newsroom has limited staff and editorial time, they should be laser-focused on reporting crucial stories. Getting bogged down in internal 'gender squabbles' about who covers what story takes away from their primary mission of getting important information out to the public.",yes,pass
appeal to worse problems,80,"It's great to see female journalists making strides in Liberia, truly. But when international aid and development funds are already so scarce, and media attention is so fleeting, emphasizing gender equality in newsrooms can sometimes overshadow the urgent need for direct investment in healthcare infrastructure or primary education. We need to balance these priorities carefully.",yes,pass
appeal to worse problems,81,"Look, I get why people are focused on women's issues. But right now, the government's entire budget for social programs and law enforcement is being swallowed by the cartel crisis in Mexico. We just don't have the bandwidth or the funds to tackle everything at once, and the drug violence is costing lives every day. It's a matter of where our limited resources go first.",yes,pass
appeal to worse problems,82,"I hear you on the internet machismo thing, it's rough out there. But honestly, with how bad inflation is hitting families right now, local councils are having to cut back on almost all new social programs, including ones that might address online issues. People are just trying to keep food on the table, and it feels like all our government's focus is on the economy.",yes,pass
appeal to worse problems,83,"Look, everyone's got their struggles, and I get that dating can be frustrating. But when I see headlines full of articles about dating app drama, and then I remember how much our local food banks are struggling to meet demand because of rising prices, it feels like our collective public attention is getting pulled in a million directions. We only have so much bandwidth to talk about big issues, you know?",yes,pass
appeal to worse problems,84,"I agree Weeks' work sounds good, but honestly, our police force is already stretched incredibly thin just trying to combat the violent crime rates that are making people afraid to leave their homes. Every dollar and every officer's time diverted to other issues, even important ones, means less immediate focus on bringing down the murders and assaults that are plaguing our communities. We need all hands on deck for the crime wave first.",yes,pass
appeal to worse problems,85,"I'm all for discussing important stuff, but if we're talking about where our limited social program funds should go, or what topics our local politicians spend their time on, then poverty has to be at the top of the list. We're seeing more families struggle than ever, and those funds can only stretch so far.",yes,pass
appeal to worse problems,86,"Women's rights are important, no question. But our state legislature only has so many sessions in a year, and if they're spending that time debating gender-specific bills, it means less time for the really urgent stuff like getting environmental protections passed or figuring out how to stop the rich from rigging the system even more. We need to tackle the existential threats first.",yes,pass
appeal to worse problems,87,"It's true that women are underrepresented in unions, and that's an issue. But the legal teams and grassroots organizers pushing for women's equality in our economy have only so much capacity. If they're tying up all their resources in fighting for changes within specific labor unions, it's going to pull away from the bigger, more systemic battles to get equal pay and representation written into actual government policy, which would affect *all* women, not just those in unions.",yes,pass
appeal to worse problems,88,"I totally agree that the challenges faced by incarcerated women are heartbreaking. But for international women's rights groups, whose funding often comes from the same limited pool of global aid organizations, the sheer scale and systematic nature of honor killings, child marriages, and state-sanctioned violence in some countries means those issues have to take priority for their resources and advocacy efforts. They're trying to prevent literal atrocities on a massive scale.",yes,pass
appeal to worse problems,89,"Self-defense is great, but let's be real, our town's public safety budget and community grant money are finite. If we pour all our resources into self-defense classes, we're taking away from funding for vital programs that could actually educate young people about consent and respect, or support rehabilitation efforts for those already in the system. Getting at the root causes is where we should invest our limited funds first if we want long-term change.",yes,pass
appeal to worse problems,90,"I agree that harassment of women and journalists is bad, but when an article is trying to highlight the absolute most critical human rights abuses to mobilize international attention – like the mass religious killings and military crackdowns mentioned here – adding in less severe issues, even if they're real, can dilute the urgent call to action. Editors have to make tough choices about what gets primary focus in a limited space if they want to drive a specific message home.",yes,pass
appeal to worse problems,91,"It's great the actress is speaking out, and her case sounds pretty clear cut. But honestly, the legal aid organizations and activist groups fighting for survivors, especially those in the LGBTQ+ community, have limited resources and lawyers. If they're spending all their time on cases that are already 'slam dunks,' it means fewer resources are available for the truly horrific and complex cases of sexual assault and murder where victims often have no voice and need the most help.",yes,pass
appeal to worse problems,92,"Sadia and Rifat are absolutely inspiring, and we should celebrate their individual successes. But I worry that if we spend too much of our collective attention just on these kinds of feel-good stories, it can make people complacent. Advocacy groups rely on public awareness to drive donations and political pressure for the global fight for women's equality, and we can't afford to have people think the battle's almost won just because a few individuals break through.",yes,pass
appeal to worse problems,93,"Look, harassment is bad, but when the city council is divvying up the annual public safety budget, they're looking at a limited pot of money. If a significant chunk goes to funding studies and programs specifically for sexual harassment, that's less money available for comprehensive violence prevention initiatives or broader educational programs that aim to reduce *all* types of violent crime in our neighborhoods, which affects everyone's safety directly. We need to allocate those funds where they can have the widest impact.",yes,pass
appeal to worse problems,94,"I get why reporting incidents is important, but if we're talking about where public funding and community organizing efforts should really go to make a lasting difference, it's into long-term educational programs. We only have so much bandwidth and so many grant dollars for social change initiatives, and if those funds are primarily used for reactive measures like managing police reports and investigations, we're not investing enough in the proactive work of educating young men and boys to shift the underlying cultural views that allow this behavior in the first place.",yes,pass
appeal to worse problems,95,"I'm not saying gender equality isn't important, but when a country is facing widespread poverty and a severe humanitarian crisis, the government and international aid organizations have to make tough choices about where their limited funds and personnel go. Right now, every available resource is being directed towards immediate survival needs and economic stabilization, which means other critical issues, sadly, get pushed to the back burner.",yes,pass
appeal to worse problems,96,"I get why people feel the need to call out past abusers, and it definitely gets attention. But if we're talking about lasting change, our limited collective activist energy and media focus needs to be on pressuring the government for real legislative reform and better enforcement. If we spend all our time chasing individual call-outs, it takes away from the sustained, organized push that's needed to fix the systemic issues that cause these crimes to go unpunished in the first place.",yes,pass
appeal to worse problems,97,"Gender inequality, especially violence, is a serious issue. But in Venezuela right now, with hyperinflation making food unaffordable and the economy in freefall, the government's entire budget and every single bit of international aid is being channeled into trying to prevent total societal collapse and starvation. There simply aren't any resources left, either financially or in terms of political bandwidth, to meaningfully address other critical social issues right now.",borderline,pass
appeal to worse problems,98,"I understand that cultural debates around things like belly dancing classes can get heated. But for Kuwait's political leaders and public discourse, every ounce of attention and legislative capital spent on these kinds of cultural controversies means less focus and energy available for tackling the huge, pressing issues like improving our failing education system or fixing the healthcare shortages that directly affect everyone's quality of life. We only have so much political bandwidth to go around.",yes,pass
appeal to worse problems,99,"I get that language is important for identity, but realistically, the academic and activist communities pushing for human rights reforms have limited funding and personnel. If a significant portion of their time and resources is spent on trying to implement complex pronoun changes across an entire language system, it inevitably pulls away from the direct advocacy and legal work needed to secure fundamental 'real world' rights for marginalized groups right now.",yes,pass
appeal to worse problems,100,"Look, the pronoun debate in Spain is real for some people. But when international news outlets and diplomatic offices have limited column inches and political capital, and they're facing a catastrophic war in Europe that's displacing millions and causing immense suffering, it's pretty clear where their focus needs to be. Every bit of public attention diverted to a domestic language spat means less pressure on leaders to act on the actual humanitarian crisis.",yes,pass
false dilemma,1,"It's a truly tough spot for sure. I think focusing on forming strong international alliances with other groups facing similar issues could really make a difference. That way, they could lobby powerful global bodies or even consider coordinated legal action together, which feels like a more impactful path than just two extremes.",yes,pass
false dilemma,2,"It makes total sense that these young protestors are out there. When you see how many other avenues for change, like petitions or official dialogues, just get ignored by the government, hitting the streets is often the only way left to make their voices heard. They're trying to get a reaction, plain and simple.",yes,pass
false dilemma,3,"It's tough to hear people complain about the situation back home when they've left without really doing anything to support the people still there. If you truly care, leaving means you have a bigger responsibility to organize aid, campaign for human rights from outside, or help those who are still suffering, not just vent on social media. That’s what real solidarity looks like.",yes,pass
false dilemma,4,"Yeah, it's a grim reality in a lot of places. So many people I know from countries like this have told me that all the moderate, peaceful attempts to speak up just get crushed immediately. It forces people into that awful choice: either you keep quiet and try to survive, or you speak out and end up fleeing for your life.",yes,pass
false dilemma,5,"I really think schools need to lighten up on hair policies. A lot of schools successfully manage to have basic hygiene rules without dictating specific styles, and that approach seems to work just fine. Kids should have some freedom to express themselves, it's not like their hair causes a riot.",yes,pass
false dilemma,6,"Absolutely, schools need to be clear about why they're banning certain hairstyles. If there's no actual safety or significant disruption reason, then banning specific styles often just comes across as targeting certain cultures or groups. That's why transparency is key, so everyone understands the rules are fair.",yes,pass
false dilemma,7,"This situation is definitely past the point of subtle diplomacy. From what I’ve read, the convention has such foundational flaws that any attempt to just partially engage or make minor adjustments would be seen by everyone as a complete backtrack. Turkey has to pick a side and stick with it now.",yes,pass
false dilemma,8,"Turkish women absolutely have to stand up now. History shows us that when fundamental rights start to erode, especially for women, it often doesn't stop until everything is gone. Waiting for a 'compromise' just means giving up ground they might never get back.",yes,pass
false dilemma,9,"It’s a good thing when people use their voices, even when it’s for hateful stuff, because it allows others to stand up and counter them. Letting both sides speak, including the counter-protestors, actually shows the strength of free speech in action. We don't have to agree with hateful speech, but we absolutely have to let it be challenged in public.",yes,pass
false dilemma,10,It's great to see people pushing back against that kind of hateful ideology. Public demonstrations like this are crucial because they directly challenge the narrative and show that the vast majority won't stand for it. That kind of public rejection is what eventually shifts the tide and makes those views unacceptable in mainstream society.,yes,pass
false dilemma,11,"I completely agree this movement is vital. Allowing even a small amount of religious doctrine into government policy sets a dangerous precedent. Once you open that door, it becomes incredibly difficult to stop it from expanding and slowly eroding the separation that keeps a state fair and neutral for everyone.",yes,pass
false dilemma,12,"I get the dilemma, but a lot of legal experts have suggested that we don't have to choose between those two. Special courts or updated legal procedures could absolutely be designed to handle very old cases. That way, justice can still be sought while ensuring the accused still gets a proper defense, which is what we all want.",yes,pass
false dilemma,14,"Frankly, after years of failed attempts at half-measures and compromises, it really does seem like the situation in that country has boiled down to these two stark choices. The middle ground simply hasn't worked, and everyone is tired of the ongoing instability. It’s either full commitment to integration or accepting a permanent separation.",yes,pass
false dilemma,16,"I don't think completely cutting off these figures is the smartest move. We've seen in other situations that keeping them engaged, even if it's uncomfortable, can sometimes give us leverage to influence their behavior or at least gather intelligence. Pushing them away just makes them unaccountable and harder to track.",yes,pass
false dilemma,18,"There's definitely been a noticeable spike in deaths, and it's not just from one thing. Doctors and public health officials have warned us that new variants of existing illnesses, plus things like the flu, are making the rounds. So yeah, we need to be really careful about staying healthy and protecting others.",yes,pass
false dilemma,19,"Yeah, the Chinese government really missed an opportunity there. Journalists are usually pretty understanding if you offer *some* access and answer *some* key questions, showing a willingness to engage. By going to extremes, they just created more suspicion and frustration, which wasn't necessary.",yes,pass
false dilemma,20,"All the attempts at moderating fake news on Facebook have just been a joke, honestly. It's become clear that when you're dealing with deliberate misinformation and hate speech, the only way to genuinely stop it from spreading and causing harm is to just take it down completely. Nothing else has actually worked.",yes,pass
false dilemma,22,"While we can't censor every single false claim, we absolutely can and should empower people to recognize misinformation themselves. Investing heavily in critical thinking and media literacy education from a young age would make a huge difference, helping everyone identify and reject conspiracies before they take root. That way, truth can thrive organically.",yes,pass
false dilemma,23,"Given the extremely high security risks and the sheer volume of potential applicants, denying all returns is the only truly manageable approach right now. Our intelligence agencies are already stretched thin, and trying to individually vet such a large group from a volatile region would overwhelm their capacity, putting the entire country at an unacceptable level of risk.",yes,pass
false dilemma,24,"Maintaining a consistent approach is crucial here. If you start picking and choosing which refugees get repatriated, you instantly create a messy system rife with accusations of unfairness and favoritism. Aid workers have repeatedly warned that these kinds of selective policies often lead to deep resentment and instability within the camps themselves, making it harder to manage everyone.",yes,pass
false dilemma,25,"Mary Seacole's legacy is absolutely something to celebrate globally. We could honor her by establishing international nursing scholarships in her name, funding educational programs about her life in schools worldwide, or even producing major films and documentaries that share her inspiring story with a wider audience. There are so many impactful ways to recognize her achievements.",yes,pass
false dilemma,26,"It's definitely possible to foster respectful dialogue while still upholding the principles of free speech. I've seen schools do great work teaching students about the impact of their words and how to debate difficult topics without resorting to personal attacks or hateful language. It's about building empathy and critical thought, not just shutting down conversation.",yes,pass
false dilemma,27,"Attempting to moderate political content on a case-by-case basis opens Meta up to endless accusations of bias, no matter what they do. The only way to avoid being seen as favoring one side over another in Brazilian politics is to either completely remove all politicians from the platform or to treat all their posts identically, without any content intervention.",yes,pass
false dilemma,28,"Brazil is absolutely capable of tackling multiple critical issues simultaneously. Just look at countries like South Africa or Mexico; they effectively manage complex economic reforms alongside major social and environmental initiatives. It’s a matter of strategic planning and resource allocation, not an inherent limitation on a nation’s ability to multitask.",yes,pass
false dilemma,29,"From what I’ve observed, once you start drawing lines on what speech is acceptable, those lines tend to shift based on who's in power, and it creates a slippery slope. It's much safer to defend a broad definition of free speech, even when it's uncomfortable, because that prevents the arbitrary suppression of voices further down the line.",yes,pass
false dilemma,31,"If the Prime Minister is constantly suing independent media outlets over their reporting, they're not truly independent anymore. You can't claim to support a free press while simultaneously using legal action to silence criticism or unfavorable stories. At that point, the media is effectively operating under state control, regardless of its official title.",yes,pass
false dilemma,32,"Setting up the embassy in a new, more neutral city altogether could really help defuse the situation. It would signal an intentional move away from the highly charged symbolism of either Tel Aviv or Jerusalem, which might just allow for calmer discussions and less political grandstanding around the issue. It's worth considering a third location.",yes,pass
false dilemma,35,"For a lot of people, choosing to let go of past grievances and focus on building a better future is a completely valid way to move forward. Constantly replaying old hurts can just keep you stuck in a negative cycle, and sometimes the most empowering thing you can do for your own peace is to actively decide to prioritize what's ahead.",yes,pass
false dilemma,37,"Museum professionals often highlight the huge practical and legal headaches that come with complicated, shared custody arrangements for artifacts. Trying to manage rotating exhibitions or co-ownership across borders often leads to endless disputes and can even put the artifacts themselves at risk during transit. A clear, definitive decision is usually best for their long-term security.",yes,pass
false dilemma,38,"If artifacts were clearly taken without consent, then the only morally correct action is to return them entirely. Anything less than a full, immediate repatriation essentially condones the original act of theft and implies that the current holders have some legitimate claim, which simply isn't true when items were illicitly acquired.",borderline,needs_review
false dilemma,41,"I agree that focusing on the urgent needs of the war next door is critical right now. While public health is always important, the government's communication efforts should be practical and direct, not diverting attention to something like vaccine-related poetry. It feels tone-deaf when there are so many immediate threats that demand resources and focus.",yes,pass
false dilemma,43,"It's totally understandable why many Vietnamese people in new countries might want to find a balance. They can definitely honor their heritage and traditions while also participating in and contributing to their new culture. Lots of communities have shown how beautifully that blend can work, making something new and vibrant.",yes,pass
false dilemma,45,"It's definitely not a simple choice between returning artifacts or losing history entirely. I've seen museums talking about how digital archiving and shared curatorial projects can preserve cultural heritage in incredible new ways. That way, we can make sure these rich stories are accessible and safeguarded for everyone, not just one location.",yes,pass
false dilemma,48,"The current system aims to avoid jumping to conclusions, which is important for basic fairness. I mean, you can't just throw people in jail based on a single accusation; that would undermine the whole idea of due process for everyone. There has to be a proper investigation that respects both the accuser and the accused, and that's generally what our legal framework tries to do.",yes,pass
false dilemma,51,"Any group that wants to grow and stay relevant really needs to bring women into the conversation. Diverse perspectives, especially from women, aren't just a nice-to-have; they're essential for coming up with better ideas and gaining wider support. Ignoring half the population means missing out on crucial talent and insight, which can genuinely limit an organization's future.",yes,pass
false dilemma,52,"People's reproductive rights are fundamental and should always be respected. While environmental concerns are serious, the way to address them isn't through forced quotas, but by promoting education, access to family planning, and sustainable living practices. It's about empowering individuals to make informed choices, not restricting their basic freedoms.",yes,pass
false dilemma,54,"Look, dating apps are a part of life now, and while they have their issues, you can definitely use them safely with a bit of smarts. It means learning how to spot red flags, protecting your personal info, and meeting in public places at first. It's like navigating any new social space — you just have to be digitally savvy and careful.",yes,pass
false dilemma,55,"Look, if you're going to use dating apps, you have to accept some personal responsibility for your safety and know the risks. Apps can't catch everything, so either be smart and careful, or just stick to meeting people face-to-face if it freaks you out too much. Ultimately, it’s a personal choice based on your comfort with those risks.",yes,pass
false dilemma,56,"Dealing with accusations fairly means having a solid process, not just blindly believing or dismissing claims. Every single case needs a thorough, impartial investigation to get to the truth and uphold the principle of innocent until proven guilty. That's how we protect both victims and ensure justice without ruining innocent lives.",yes,pass
false dilemma,59,"Governments definitely have a responsibility to do more than just ""encourage"" better behavior; they need to act. Enacting specific laws and policies, like femicide laws that other countries have, provides a crucial legal framework to protect women and hold perpetrators accountable. It shows they're serious about addressing violence, not just hoping it goes away.",yes,pass
false dilemma,62,"It's really inspiring to see the women in Belarus taking charge like this. These classes are already giving them a stronger sense of community and teaching them practical skills, which is a big win. Even if challenges pop up down the road, they're building resilience and solidarity that can't be easily undone.",yes,pass
false dilemma,63,"With everything going on in Pakistan, the immediate focus has to be on rebuilding after the floods and getting the government back on track. These foundational crises affect everyone, and without a stable base, any long-term efforts, including those for women's equality, won't have the footing they need to truly succeed.",yes,pass
false dilemma,64,"Look, these aren't minor issues, and they absolutely need to be covered, whether that's in a standalone article or as part of a broader piece. There are many ways to get important stories out there, and what matters is that the public is informed about what's really happening.",yes,pass
false dilemma,66,"Free speech means people get to say things you might find upsetting, that's just how it is. We can enforce existing laws against things like incitement to violence or defamation without sliding back into the kind of widespread censorship that totalitarian regimes impose.",yes,pass
false dilemma,67,"It’s totally unrealistic to expect a country like Sri Lanka, especially with limited resources, to have the kind of sophisticated crime data infrastructure that international groups often take for granted. Many of their existing systems just aren't set up for the detailed, specific tracking that's now being asked for.",yes,pass
false dilemma,68,"The current record-keeping system is clearly failing, so it needs a serious overhaul immediately. Investing in digitizing the data is the most direct way to make it useful for crime analysis, or at the very least, they should adopt standardized manual record-keeping procedures that are actually actionable.",yes,pass
false dilemma,70,"Given how easily private images can be misused and spread without consent, making the creation of certain kinds of pornography for private use illegal could be a really effective way to curb non-consensual dissemination. It’s incredibly difficult to track and prosecute every single instance of sharing after the fact, so preventing creation offers a clearer solution.",yes,pass
false dilemma,73,"It’s absolutely crucial for countries to firmly establish that women are full, equal people, not property. While the path to achieving that can involve many steps and reforms, holding firm on that core principle is the only way to build a truly fair society.",yes,pass
false dilemma,76,"Honestly, there are huge issues like poverty, violence, and climate change that need our attention. Whether we use ""elle"" or not, while a valid discussion, just doesn't carry the same weight when people are struggling with basic survival.",yes,pass
false dilemma,77,"This can't keep happening; we need to take swift action against these harassers and ensure they face consequences. That means strengthening law enforcement to effectively identify and prosecute them, while also demanding accountability from the leadership if they fail to protect citizens.",yes,pass
false dilemma,78,"When you look at decades of the Iranian government's actions, it's clear they won't stop oppressing their people. For many Iranian women seeking personal freedom and safety, leaving the country en masse feels like the only viable path to escape that intractable system.",yes,pass
false dilemma,79,"Social media platforms have a massive responsibility to protect protestors, because without strong identity shielding, people are directly vulnerable to government arrest and prosecution for speaking out. It's a critical layer of defense right now.",yes,pass
false dilemma,80,"For women in oppressive countries who want to speak out online, the safest immediate options are figuring out how to post completely anonymously or working with trusted men to share their messages. These methods directly counter the surveillance and direct targeting that make other forms of online expression dangerous right now.",yes,pass
false dilemma,81,"The reality in places like Iran is that any public challenge to authority comes with serious, often life-altering, consequences for you and your family. There's just no safe way to openly dissent without risking everything they've built. That's why people often feel they have to keep quiet and go along with things.",yes,pass
false dilemma,82,"When a court orders a release, it’s usually because the legal process has run its course, whether it's after serving time or on a successful appeal. That's how the justice system is designed to work, even if the outcome isn't what everyone hoped for. The goal of the system is to apply the law, and that’s what happened here.",yes,pass
false dilemma,84,"Look, when you boil down how societies fundamentally operate, you're usually talking about how much the state controls versus how much individual liberty there is. While there are a bunch of different models out there, they generally lean pretty hard toward one of those two core philosophies. It feels like a fundamental choice when you think about it long-term.",yes,pass
false dilemma,85,"Most of the time, when a government goes after media outlets in a country like Kyrgyzstan, it's not really about fixing factual errors or upholding journalistic standards. It's usually a way to shut down any critical voices or to make sure the official narrative is the only one people hear. That kind of behavior really undermines any claim to transparency.",yes,pass
false dilemma,86,"This country gives off the impression of respecting media rights, but then you look closer and see all the ways they make it hard for journalists to actually report freely. People I know who've worked there say it's more about appearances than genuine press freedom. They're constantly making it tougher for news to get out.",yes,pass
false dilemma,87,"People are right to be concerned about who comes into the country, but there's a clear difference between an economic migrant and someone genuinely fleeing for their life from a war. We can definitely create pathways for those truly escaping Russia's war, while still having robust checks to make sure they're sincere. There's no reason to treat them all as threats just because of their nationality.",yes,pass
false dilemma,88,"Many Georgians and Russian emigres actually share a common frustration with Putin's government. If they recognize that shared enemy, they could really find ways to support each other instead of just seeing each other as a problem. There's potential for real collaboration if they focus on their mutual opposition to the Kremlin.",yes,pass
false dilemma,89,"Trying to just lightly moderate an app like Telegram, especially in a country with strict controls, is almost impossible. The whole design makes it hard to censor specific content without blocking everything. If a government really wants to control the information flow, they pretty much have to either let it run free or shut it down entirely.",yes,pass
false dilemma,90,"It's no surprise this app blew up. When the government controls all the main news and social platforms, people naturally look for somewhere else to talk freely. For a lot of folks, it’s the only real spot left where they feel like they can express themselves without immediate repercussions.",yes,pass
false dilemma,91,"When you're living in extreme poverty and there are literally no jobs or opportunities at home, people face incredibly desperate situations. For many, the choice really does come down to trying their luck elsewhere or watching their families struggle to survive. It's an impossible bind, and that's why they make those tough decisions.",yes,pass
false dilemma,92,"If we actually care about human rights and stability on the global stage, we can't just stand by and watch Russia do whatever it wants. Complaining without taking any meaningful steps just shows that we aren't serious. At some point, you have to decide if you're going to let them continue or if you're going to act.",yes,needs_review
false dilemma,93,"When people are desperate and official asylum routes are closed off or too dangerous, they often end up in very vulnerable situations. Opening up safer, legal pathways for asylum seekers from Russia would be a direct way to prevent them from falling prey to human traffickers and other dangerous networks. It’s about offering a humane alternative.",yes,pass
false dilemma,94,"For people living under very restrictive governments, it feels like a really tough choice. If you speak out, you could face severe repercussions, but if you do nothing, you just let the system roll over you. It's incredibly hard to navigate any kind of middle ground when the consequences on either side are so high.",yes,pass
false dilemma,95,"It feels really unfair when some people get help while others, in equally desperate situations, are turned away. If the system can't handle everyone who genuinely needs asylum, then maybe the whole approach needs a rethink. It just creates a lot of resentment and questions about fairness if it's so inconsistent.",yes,pass
false dilemma,96,"It's incredibly risky for Russians to try and organize any serious resistance inside the country right now. The government's surveillance is everywhere, and the penalties for dissent are brutal. For most people who want to oppose the war, the most realistic options are either to keep their heads down or leave and speak out from abroad.",yes,pass
false dilemma,97,"When you live in a country that's committing horrific acts, your continued presence, especially if you're silent, can be seen as implicit support by outsiders. People often feel that if you truly disagree with something so morally wrong, you have to find a way to make that known, or it looks like you're okay with it.",yes,pass
false dilemma,98,"Putin's whole system relies on controlling what people know and believe, especially when things aren't going well. If he let independent media report freely, the truth about the war and the economy would quickly erode his support. Keeping a tight lid on information is essential for him to stay in power right now.",yes,pass
false dilemma,99,"Maintaining direct flights with Russia allows for certain humanitarian connections and can sometimes keep diplomatic channels open, even during difficult times. Completely cutting off all travel is a pretty drastic step, and trying to implement a complicated partial ban can often just make things more difficult without achieving much. It often comes down to either having them or not for practical reasons.",yes,pass
false dilemma,100,"When one nation invades another, it's a pretty clear-cut situation about who is the aggressor and who is defending themselves. It's hard to genuinely support both sides or stay neutral when the actions are so stark. Most people feel compelled to choose which side they believe is in the right, given the circumstances.",yes,pass
hasty generalization,1,"It's a well-documented fact that many governments struggle with basic service delivery across the board. When you see systemic failures in one area, it's often a sign of deeper, widespread problems with administration, resource allocation, and accountability that affect healthcare, policing, and virtually everything else.",borderline,needs_review
hasty generalization,2,Reports from human rights organizations consistently highlight a pattern of the Angolan government using excessive force against protestors and suppressing dissent. This ongoing disregard for civil liberties and the well-being of its youth demonstrates a clear lack of care for its citizens.,borderline,pass
hasty generalization,3,"When you consider the vast numbers of people forced to flee their homes and the severe human rights abuses documented by international observers, it paints a grim picture. It's clear that life under this government is extremely oppressive for the general population.",no,needs_review
hasty generalization,4,"Organizations like the Anti-Defamation League and various European monitoring groups have consistently reported on the persistent and organized presence of far-right, ultranationalist groups in Bulgaria. This points to a deeper undercurrent of extremist sentiment that needs to be actively challenged.",no,needs_review
hasty generalization,5,"Groups that actively oppose Nazism are generally founded on principles of human rights, equality, and democracy. It's reasonable to assume their broader platforms would align with these positive values, making their other proposals worth considering.",borderline,pass
hasty generalization,6,"Experts studying online radicalization have shown that popular hateful websites are usually just the visible tip of a much larger iceberg. They often reflect and fuel real-world grievances, indicating that these perverse hatreds are far more prevalent and a bigger chunk of the country is at risk than we'd like to think.",borderline,needs_review
hasty generalization,7,"The election of Santos, combined with other recent shifts toward the left in several countries around the world, does raise concerns about a global trend. It really feels like there's a significant shift happening globally, and it makes you wonder how far it will go.",yes,pass
hasty generalization,9,"History is full of examples where the intertwining of religious dogma and state power has led to widespread oppression, denial of fundamental rights, and even violence against minority groups. That's why movements like the orange handkerchief one are so crucial to upholding secular governance.",no,needs_review
hasty generalization,10,"Studies on violence and abuse consistently show that only a fraction of incidents are ever reported to authorities. For every attack that makes it into the news, countless others happen in silence, which means we need to invest a lot more to truly grasp and solve the problem.",borderline,needs_review
hasty generalization,11,"We've seen throughout history that allowing even minor forms of state censorship can create a dangerous precedent. Once governments start restricting information or expression, it often escalates, with personal rights steadily diminishing as controls tighten over time, a pattern observed in many authoritarian regimes.",borderline,pass
hasty generalization,12,"The history of the Anglophone crisis in Cameroon has been marked by years of failed negotiations and the central government's consistent unwillingness to seriously address the demands for federalism. This long pattern of political intransigence strongly suggests that further peace talks are unlikely to succeed, pushing the community closer to separatist options.",yes,pass
hasty generalization,13,"Numerous international reports and studies document persistent patterns of discrimination, marginalization, and sometimes outright violence against minority groups in so many African countries. It really does seem like addressing minority rights is a fundamental, ongoing challenge for governance across the continent.",borderline,needs_review
hasty generalization,14,"Polling data from within Armenia itself, along with observations from independent journalists, paint a very mixed picture of the PM's support, with significant opposition movements active. It's often the case that diaspora communities have a different perspective than those living directly under the government.",yes,pass
hasty generalization,15,"When corruption is deeply entrenched in a country's justice system, it's rarely an isolated issue. It usually signals a systemic problem where illicit practices are woven into the fabric of other institutions like the political system and public services, indicating pervasive corruption throughout the government.",borderline,needs_review
hasty generalization,16,"Investigative journalists and anti-corruption watchdogs have repeatedly exposed how the federal government often turns a blind eye to lower-level graft, and that tolerance often extends to much larger-scale corruption at the highest levels. This pattern suggests a culture of impunity that starts from the top.",borderline,needs_review
hasty generalization,17,"International human rights organizations consistently highlight that issues like overcrowding, abuse, and lack of proper rehabilitation are systemic problems in prison systems across a vast number of countries worldwide. It's definitely a global concern that requires a universal commitment to reform.",no,needs_review
hasty generalization,18,"When investigative reports uncover such widespread corruption within a prison, it rarely exists in a vacuum. It typically points to deeper systemic failures within the entire justice apparatus, from law enforcement to the courts and oversight bodies. This sort of rot usually means the whole system needs a serious overhaul.",yes,pass
hasty generalization,19,"Press freedom organizations around the world have been sounding the alarm for years about a worrying global trend where governments are increasingly cracking down on independent media. From outright censorship to subtle intimidation, it's a pattern seen in many countries, not just Pakistan, and it poses a real threat to freedoms everywhere.",yes,pass
hasty generalization,20,"Historically, when governments actively deny and suppress information about deaths, especially in a crisis, it’s often a clear indication of much deeper problems. They typically do this to cover up serious mismanagement, corruption, or even direct abuses that would provoke public outrage if revealed. It's a classic pattern of hiding something truly nefarious.",yes,pass
hasty generalization,21,"From what I've seen in their local media and some of the discussions among people who travel there often, it seems like a lot of folks in China and the Solomon Islands are genuinely positive about the cooperation. They often focus on the economic benefits and shared projects. It's not really portrayed as a ""hold"" from their perspective.",yes,pass
hasty generalization,22,"When leaders start talking about banning major platforms like Facebook, it's usually part of a wider pattern. We've seen in many countries that restricting free speech is a common first step for governments looking to consolidate power and control information. This isn't just about Facebook; it's a classic move by those wanting to shut down dissent.",yes,pass
hasty generalization,23,"Banning Facebook entirely just because of fake news seems like a huge overreaction, honestly. We know a ton of people use it for legitimate purposes, like staying connected with family or sharing local news. Instead of throwing out the baby with the bathwater, we should be focusing on media literacy education for everyone. That way, people can learn to critically evaluate information, whether it's on social media or even traditional news channels, which have their own issues sometimes too.",yes,pass
hasty generalization,24,"The Nigerian government's actions consistently show a disregard for free speech, and this recent arrest is just another example. Groups like Amnesty International and Human Rights Watch have been documenting a pattern of arbitrary arrests and suppression of dissent, especially targeting critics and journalists. It's clear they're using laws like defamation to silence anyone who challenges the powerful, not just a few comedians.",yes,pass
hasty generalization,25,"It's hard to believe any political group these days thinks they can post something like this online and not get caught. Digital footprints are really hard to erase, and with so many people constantly monitoring and archiving content, controversial posts almost always come to light eventually. There's just too much scrutiny online for anything to truly disappear.",yes,pass
hasty generalization,26,"Duterte's administration has a long track record of actions that appear solely aimed at silencing critics and consolidating power, from attacking media outlets to jailing opposition figures. International human rights organizations have consistently pointed to these moves as part of a broader strategy to suppress public dissent. It definitely seems like his main goal is to keep people from speaking out.",yes,pass
hasty generalization,27,"Duterte's government has a history of using any perceived challenge or instability as a pretext to tighten its grip and implement more restrictive policies. It's a common tactic for regimes that want to maintain control, so they're always on the lookout for situations they can exploit to justify a crackdown. They definitely seem eager for opportunities to assert more power.",yes,pass
hasty generalization,28,"When a state starts censoring even seemingly neutral topics like the Olympics or basic health information about Covid, it sends a clear signal about their intent to control the narrative. This kind of broad censorship suggests they're not just targeting truly offensive content, but rather anything that doesn't fit their approved message. It's a worrying sign about the extent of their control over information.",yes,pass
hasty generalization,29,"I disagree with that. Often, when journalists push with tough questions, it's actually how we get crucial information that powerful people don't want to release. Historically, this kind of persistent questioning has been key to uncovering corruption and holding governments accountable, even if it doesn't always result in a clean answer right away. That kind of scrutiny definitely serves a vital public purpose beyond just creating division.",yes,pass
hasty generalization,30,The widespread protests aren't just a spontaneous reaction; they highlight the significant diplomatic and economic risks that experts and regional allies have been warning about. This move could genuinely destabilize relationships and have long-term negative consequences for Romania's standing. It really does seem like the government didn't fully grasp the broader implications of such a sensitive decision.,yes,pass
hasty generalization,31,"When fan art consistently changes a character's established race, it often signals a clear desire for different representation that moves away from the original. It suggests that the existing portrayal isn't resonating with some creators, possibly due to a preference for a different look or background. It does seem like a way of expressing a wish for him to be something other than what he was created to be.",yes,pass
hasty generalization,32,"It's a common observation that people in writing, journalism, and the arts tend to lean left politically. Many sociologists and cultural critics point to factors like the nature of the work, emphasis on social critique, and the prevalence of progressive ideas within these fields as reasons for this trend. So if someone's drawn to these professions, it's not surprising they'd often adopt similar worldviews.",yes,pass
hasty generalization,33,Trying to pin the blame on a designer for making things worse about food scarcity in Trinidad seems misplaced. People there are grappling with those realities constantly; it's a daily struggle for many families. They don't need a dress to inform them about something they're experiencing firsthand and talking about all the time. The issues are far too systemic and widespread for one person's art to significantly alter the situation or their awareness of it.,yes,pass
hasty generalization,34,"Translating nuances of social media slang from English into Chinese is notoriously difficult, as this example clearly shows. So many of these phrases are deeply rooted in specific cultural contexts and memes that they often lose their original meaning or become awkward when directly translated. It's a common challenge, and it's fair to say that achieving truly accurate and natural translations for *all* social media content is a huge undertaking, often leading to these kinds of missteps. Maybe focusing on core messages is better than trying to adapt every trending phrase.",yes,pass
hasty generalization,35,"It's true that the history and visible manifestations of racism against black people in China are different from the systemic issues seen in the US. China hasn't had the same legacy of slavery and Jim Crow laws that shaped American society. While individual prejudice and discrimination definitely exist there, it doesn't always present in the same large-scale, institutionally embedded ways that are widely recognized and documented in the US context. So, it can feel like a different, perhaps less pervasive, kind of problem.",yes,pass
hasty generalization,37,"Trinidad and Tobago is widely celebrated for its rich multiculturalism and the way different ethnic groups generally coexist and integrate, particularly during festivals and daily life. While no society is entirely free of prejudice, the country is often highlighted as a place where racial harmony is actively fostered, and overt, systemic discrimination isn't typically seen as the defining social issue compared to many other nations. It really comes across as a society that prioritizes that kind of unity.",yes,pass
hasty generalization,38,"The Czech Republic actually implemented very early and strict lockdown measures, including mandatory mask-wearing and border closures, which likely helped keep initial infection rates low. Even without widespread testing initially, these kinds of decisive public health actions are often credited by experts with containing outbreaks effectively. It seems their rapid response made a big difference, and other nations could learn from that approach.",yes,pass
hasty generalization,39,"There's a growing consensus among cultural heritage experts and international bodies that artifacts rightfully belong with their originating communities. Repatriating items to groups like the Taino people ensures they can be preserved, interpreted, and educated about within their true cultural context, which is often considered the most authentic and meaningful way to share their history. It just makes sense for these treasures to be with the people who created them.",borderline,needs_review
hasty generalization,40,"The historical record clearly shows that European colonial powers systematically looted countless artifacts from Africa, Asia, and South America over centuries of imperialism. This massive transfer of cultural heritage means that a huge proportion of the world's most significant stolen artifacts are now held in European and American museums. It's a defining legacy of that era, and it's why these repatriation debates are so focused on those particular movements of goods.",yes,pass
hasty generalization,41,"Wildlife experts are actually tracking an increase in white krait sightings in this region over the last few years. It's not just a feeling, their numbers really do seem to be climbing. Researchers believe shifting climate patterns are expanding their usual habitats, which makes sense.",yes,pass
hasty generalization,42,"You know, lots of powerful movies throughout history have actually shifted public perception on big issues. Think about how films have influenced conversations around things like civil rights or environmentalism. They can definitely get people thinking differently and even inspire real change over time.",yes,pass
hasty generalization,43,"Mexican art has this incredibly rich history, drawing deep from indigenous traditions and revolutionary movements. That's why it's so vibrant and powerful – you see those local stories and strong emotions woven into everything. Many art critics consider it a defining regional force, celebrated globally for its unique spirit.",borderline,pass
hasty generalization,46,"While it's great that the ""Chemirocha"" recording was returned, that's unfortunately just one isolated instance in a really huge, ongoing debate. There are countless other important cultural artifacts still held in museums globally, and getting them back is a massive, complicated process. It's definitely not a sign that everything else will automatically be resolved smoothly.",yes,pass
hasty generalization,47,"It's often frustrating how slow and difficult the restitution of African heritage items can be. There are significant financial and prestige interests at play for many institutions and private collectors who benefit from owning these pieces. That dynamic definitely creates a lot of resistance and makes the process challenging, especially when you look at how long some prominent items have been held.",yes,pass
hasty generalization,50,"Reports often highlight how institutional biases and societal norms in some countries create huge barriers for women seeking protection from violence. It's a serious problem when law enforcement doesn't adequately intervene, and that can definitely stem from a culture where women's rights aren't fully upheld. International attention often helps to push for necessary reforms in these situations.",borderline,pass
hasty generalization,51,"It's heartbreaking to see violence against women in Azerbaijan, and unfortunately, this isn't an isolated problem. Reports from international organizations consistently show that gender-based violence is a pervasive issue affecting women in every corner of the world. We absolutely need to unite and ensure these women's voices are heard and acted upon globally.",yes,pass
hasty generalization,52,"When you see a serious issue like domestic abuse in one country, it often points to similar challenges in neighboring areas due to shared cultural influences or socioeconomic factors. It makes sense to investigate the wider region because these problems rarely stop at borders, and a coordinated regional approach could be really effective.",yes,pass
hasty generalization,53,"It's definitely encouraging to see this kind of public energy and action around these issues right now. When people come together and raise their voices, it often builds momentum and can genuinely pressure decision-makers. That kind of collective advocacy really does create opportunities for important change down the line.",yes,pass
hasty generalization,54,"When a government has such a tight grip on something as personal as reproductive rights, it's often a sign that they're extending control into many other aspects of citizens' lives. This kind of authoritarian approach frequently involves significant state interference in family matters and daily decisions. It's definitely a pattern we see in countries prioritizing state power over individual freedoms.",no,needs_review
hasty generalization,55,"Sadly, reports of human rights issues and social problems pop up in countries across the globe, regardless of their dominant religion or political system. It's a complex mix of factors, not usually just one thing. The important part is to focus on advocating for better humanitarian treatment for everyone, everywhere.",yes,pass
hasty generalization,56,"Implementing significant changes in organizations is almost always a complex process. Most businesses experience some degree of employee resistance initially, and success rates vary widely depending on how well the change is managed. It's definitely not a guarantee that every change will lead to improvement, but many carefully planned ones do make a positive difference.",yes,pass
hasty generalization,57,"Human rights organizations have documented serious issues regarding violence against women and systemic gender inequality in that country. These reports often highlight significant safety concerns for women and a lack of adequate protection. Given these documented patterns, it's understandable why people would be hesitant to travel there.",yes,pass
hasty generalization,58,"Reports from development agencies sometimes point to challenges with governance and the consistent implementation of policies in Uganda. There are often significant hurdles to overcome, which can impact how effectively new restrictions are rolled out. Many experts agree that addressing widespread poverty remains a critical long-term goal for the country's stability and progress.",no,needs_review
hasty generalization,59,"Sometimes, what's presented as a big step forward in policy can end up being more symbolic than truly transformative. There's often a risk that new regulations are just performative checkboxes, especially if they don't tackle the root issues. It's fair to question if some of these changes genuinely improve people's lives or if they just create new pressures for certain groups.",yes,pass
hasty generalization,60,"It's definitely true that many women in Pakistan are content living within their communities and traditional structures, and they have strong ties there. However, we also know from various reports that many others face severe challenges or seek different paths and opportunities. It's probably more accurate to say there's a wide range of experiences and aspirations among women across the country.",yes,pass
hasty generalization,61,It's really upsetting to see the harassment faced by female journalists in Pakistan. Reports from human rights organizations and women's advocacy groups have consistently highlighted that gender-based harassment and violence are widespread issues for women across various sectors in Pakistan. It's a deeply concerning problem that needs to be addressed urgently so all women can live safely and peacefully.,yes,pass
hasty generalization,62,"It's true that education can really open your mind to different viewpoints. People who've been through higher education often get exposed to so many diverse perspectives and learn critical thinking, which tends to make them more understanding and respectful of others' experiences and opinions. You just see a lot more appreciation for open communication in those circles.",yes,pass
hasty generalization,63,"Sudan definitely isn't known for its free speech. When you look at the country's long history of political instability and authoritarian rule, it's pretty clear that harassment and suppression of dissent are unfortunately common. It would be genuinely surprising if people *weren't* being harassed there, given the lack of protections for basic freedoms.",yes,pass
hasty generalization,64,"When you see how women are targeted for harassment and violence in Sudan, it paints a really stark picture. Multiple international reports consistently show high rates of gender-based violence, including domestic violence and sexual assault, and a legal system that often fails to protect women. The government's slow response to these issues makes it seem like they're just not prioritizing women's safety.",yes,pass
hasty generalization,65,"I really think online sexist and racist harassment is just the tip of the iceberg. What people are willing to say online often reflects much deeper, more pervasive prejudices in the culture, and it's almost always worse for minorities in real-life interactions. Online abuse usually means there's a whole lot more discrimination going on offline, affecting people every day.",yes,pass
hasty generalization,66,"That story about women in Jammu and Kashmir starting businesses is fantastic! When you look at the increasing number of women entrepreneurs globally and the positive impact they have on economies and communities, it's obvious we should be supporting many more women to run businesses. They bring so much innovation and resilience, and giving them a chance just helps everyone thrive.",yes,pass
hasty generalization,67,"There are so many stories circulating, and sometimes it's hard to tell what's real. With all the misinformation and fabricated narratives out there these days, a lot of people are naturally skeptical. It's common for some accounts to be dismissed, especially if there are inconsistencies or a history of similar questionable claims.",yes,needs_review
hasty generalization,69,The rates of gender-based violence and femicide in Brazil and across many Latin American countries are just heartbreakingly high. This pattern points to deep-seated issues with machismo and sexism that unfortunately lead to a very different value being placed on women's lives compared to other regions. It's a widespread problem that demands serious attention.,borderline,pass
hasty generalization,70,"I get that emotions run high in these situations, but it's really important to keep a broader perspective. While some incidents are deeply traumatic, many people demonstrate incredible resilience and manage to process difficult experiences and move forward with their lives. Everyone's different, but focusing only on the worst-case scenarios isn't always helpful for figuring out the best path forward.",borderline,needs_review
hasty generalization,71,"India unfortunately has a well-documented and serious problem with sexual violence, which is something many people are trying to address. It's absolutely crucial for the country to focus on widespread societal improvements and for NGOs to collaborate on better protection and support for victims to tackle this complex issue effectively.",borderline,pass
hasty generalization,74,"You can see a real shift happening in how women around the world are pushing back against restrictive dress codes. With ongoing protests and a growing global movement for women's autonomy, it seems likely that the hijab, as a mandatory practice, could very well become less prevalent over time. Cultures are evolving, and women are increasingly demanding the right to choose.",yes,pass
hasty generalization,75,"It's definitely not a simple picture in Iran; opinions are really diverse. I know plenty of people, including women, who are deeply religious and genuinely support veiling as part of their faith or cultural identity. It's a mistake to think everyone feels the same way, especially when you consider the complex layers of Iranian society beyond just the protest movements.",yes,pass
hasty generalization,76,"When you see women pushing back so strongly against established cultural norms in a country like Iran, it really looks like a significant challenge to the existing order. These kinds of widespread movements often signal a deeper desire for societal upheaval, and historical examples show how quickly a few passionate voices can galvanize a population and lead to major instability.",yes,pass
hasty generalization,77,"History is full of examples where leaders, even deeply flawed ones, have managed to gain massive followings by appealing to people's fears or desires. It's a recurring pattern where uncritical acceptance can lead to terrible outcomes, showing how easily people can sometimes overlook character or deeds in favor of perceived stability or strong leadership. We've seen it time and again.",yes,pass
hasty generalization,78,"Many former Soviet countries, including Kazakhstan, are still grappling with the heavy legacy of their past. You see it in their political systems, where human rights organizations frequently report on ongoing repression and a lack of democratic freedoms. It's a widespread challenge across the region, not just an isolated incident.",yes,pass
hasty generalization,79,"It's common to see politicians use religious ceremonies for their own public image and to gain support. When leaders are willing to exploit something as personal as faith for political leverage, it often makes people wonder about the sincerity of their other actions and decisions in office. It just feeds into a general skepticism about their motives.",yes,pass
hasty generalization,80,"For a lot of countries, religion is a huge part of the national identity, and leaders engaging in public rituals can really resonate with the majority of citizens. It helps them connect on a shared cultural and spiritual level, and even for those less religious, it can reinforce a sense of community. It's a way of showing you're part of the fabric of society.",yes,pass
hasty generalization,81,"It's a pattern we've seen throughout history, where authoritarian governments try to control or even eliminate independent religious institutions. They often see them as rival power centers that could challenge the state. When that happens, people's spiritual lives get co-opted or crushed, and it usually leads to more conflict and less freedom for everyone involved.",yes,pass
hasty generalization,82,"History is full of examples showing that when religious doctrine dictates government policy, it often creates huge divisions and even violence. Many countries have learned the hard way that keeping church and state separate is key for a peaceful, stable society where everyone's rights are protected.",borderline,pass
hasty generalization,83,"It's pretty widely known that corruption is a major problem throughout Kyrgyzstan's government, not just in one department. International reports and even their own citizens often talk about how it affects everything from everyday services to big infrastructure projects. It's a deep-seated issue that goes far beyond a single official.",yes,pass
hasty generalization,84,"Many studies have actually shown that over time, refugees can really boost a country's economy by filling labor gaps and starting businesses. Plus, offering safe haven to people fleeing conflict is just a fundamental humanitarian principle that most nations try to uphold. There are solid reasons to welcome them in.",no,needs_review
hasty generalization,85,"When a leader has been in charge for many years and is genuinely popular, it's often because they've overseen real development and stability, or helped the country navigate through tough times. They probably have a strong base of support from people who feel their lives have improved under that leadership.",yes,pass
hasty generalization,86,"From what I've seen, there are plenty of artists and critics speaking out in that country, and a lot of different viewpoints are expressed in their media. If there was truly harsh censorship and widespread repression, you probably wouldn't see such a diverse range of opinions openly circulating, especially in popular music.",yes,pass
hasty generalization,87,"These widespread protests are definitely a clear signal of significant public dissatisfaction with what's happening. When you see so many people out on the streets, day after day, and across different cities, it points to deep-seated issues that the incoming government will absolutely have to address.",yes,pass
hasty generalization,88,"Look, international travel is just super unpredictable right now with everything going on. Governments can change travel policies or introduce new restrictions pretty quickly in response to global events. If you're planning an EU trip, it makes sense to lock in your plans sooner rather than later to avoid any potential headaches or future changes.",yes,pass
hasty generalization,89,"While those videos might show some individual reactions, reliable surveys from independent groups actually indicate a complex mix of public opinion in Russia, with many still influenced by state media. To see a majority shift their stance and demand an end to the war, it would likely require a much broader and more sustained movement across society.",yes,pass
hasty generalization,90,"A lot of these countries are still grappling with the legacies of their Soviet past, like entrenched corruption and weak democratic institutions that make it hard to really move forward. Even without formal communism, those issues from that era continue to hinder progress and create real challenges for economic and political reform in many places.",yes,pass
hasty generalization,91,"When you look at modern warfare, it's incredibly layered with geopolitical strategies, logistical nightmares, economic consequences, and the long-term psychological toll on societies. It's way more involved than just what you see on the news, touching on everything from supply chains to international law and global diplomacy.",yes,pass
hasty generalization,92,"It's truly inspiring to see a public figure like Svyatoslav Vakarchuk put his life on the line. When someone with such a platform shows that kind of courage, it definitely resonates and can encourage a lot of people to contribute to the cause in their own ways, maybe even some other well-known figures.",yes,pass
hasty generalization,93,"Throughout history, artists have often been among the first to challenge violence and express deep humanitarian concerns through their work. A lot of creative expression naturally leans towards empathy and questioning authority, which often puts artists on the side of peace and against the brutalities of war.",yes,pass
hasty generalization,94,"Human rights groups and independent journalists have extensively documented how the government's crackdown on dissent has created a climate of fear across Russia. People face serious risks for speaking out, with many reporting arrests and intimidation for even small acts of protest or criticism.",borderline,pass
hasty generalization,95,"There's been a worrying trend across several countries in the Caucasus where governments are passing laws that restrict civil liberties and independent media. International observers have highlighted a broader pattern of democratic backsliding in the region, with political leaders often prioritizing consolidation of power over genuinely democratic reforms.",no,needs_review
hasty generalization,96,"Given the history of relations between Georgia and Russia, and the ongoing geopolitical tensions in the region, any move that appears to normalize ties is naturally scrutinized. Observers are concerned it might signal a broader shift in Georgia's foreign policy, especially if it's accompanied by other subtle changes over time.",yes,pass
hasty generalization,98,"When government policies make it extremely difficult for non-European migrants to enter, and you hear some politicians using xenophobic rhetoric, it naturally raises concerns about underlying biases. Many human rights reports have indeed pointed to issues of racial discrimination and xenophobia within certain segments of society and policy decisions there.",borderline,pass
hasty generalization,99,"When you see rhetoric from certain officials linking migration to threats to national identity, and policies that seem to specifically deter people from certain racial or ethnic backgrounds, it's hard not to conclude there's a desire to maintain a specific demographic. International monitors have often flagged these kinds of concerns.",borderline,pass
hasty generalization,100,"It's unfortunately a widespread issue that environmental groups often face significant pushback when challenging powerful interests. Across many industries, the drive for profit often conflicts directly with environmental protection goals, leading to situations where activists feel targeted for standing in the way of big business.",yes,pass
slippery slope,1,"Once initial access to public records is granted, a lot of experts warn that government agencies often find it harder to maintain control over what's truly sensitive, especially as public expectations for openness rise. It creates a dynamic where any future denial of information, even for legitimate security reasons, gets viewed as a cover-up, which makes the whole system harder to manage without clear guidelines from the start.",yes,pass
slippery slope,2,"When authorities respond to peaceful demonstrations with heavy-handed tactics or violence, you often see protests escalate. History shows that turning a blind eye to public grievances or cracking down on dissent can easily transform orderly gatherings into dangerous confrontations, leading to much worse outcomes for everyone involved.",yes,pass
slippery slope,3,"We've seen in other situations, like Rwanda, that when initial mass killings are left unchecked by the international community, the perpetrators often feel emboldened to continue and escalate their violence. Without external pressure, the internal mechanisms that might stop an authoritarian government from moving from hundreds to thousands, and then tens of thousands, are simply not there.",yes,pass
slippery slope,4,"When you have powerful, anonymous groups operating outside the law, it's a huge risk because there's no accountability for their actions. I've read about cases where internal feuds or individuals going rogue within these groups have led to the misuse of their skills for personal gain, like blackmail or selling information, completely outside the group's original goals.",yes,pass
slippery slope,5,"It's tough to trust governments and corporations with protecting data when we've seen so many times that a lack of transparency creates perfect conditions for corruption. If there aren't strong, independent oversight bodies to scrutinize how data is managed, those in power can easily use ""data protection"" as an excuse to hide misdeeds that cost lives or public funds, especially since they control what information the public sees.",yes,pass
slippery slope,6,"Studies have shown how online communities, especially those built around ""edgy"" or offensive humor, can act as echo chambers that gradually normalize extreme views. What starts as jokes can, without proper moderation, desensitize people to hateful rhetoric and eventually lead to the adoption of genuine extremist ideologies, making them more receptive to calls for real-world discrimination or violence.",no,needs_review
slippery slope,7,"Allowing hate speech to proliferate online without consequence effectively normalizes it, which then makes it easier for people to disregard others' dignity in everyday life. We've seen how this erosion of mutual respect can directly foster an environment where targeted groups face increased harassment and even physical threats, tearing at the fabric of trust in communities.",yes,pass
slippery slope,8,"When instances of misconduct in elections are allowed to go unaddressed or unpunished, it sets a really bad precedent because it signals that such actions are acceptable. This erosion of accountability can embolden others to attempt similar or even more egregious acts in the future, knowing they might face no real consequences, which ultimately undermines the entire electoral system.",borderline,pass
slippery slope,9,"It’s pretty clear why governments have to keep some information secret; for example, the specifics of ongoing counter-terrorism operations or the identities of intelligence assets. Revealing that kind of classified data has real, immediate consequences like jeopardizing national security, compromising diplomatic negotiations, or putting people's lives in direct danger, as we've seen in past leaks.",yes,pass
slippery slope,10,"Bolsonaro's administration consistently engaged in actions that undermined media institutions and journalists, which directly fueled widespread public distrust and anger. This pattern of antagonism against independent media meant that his government lost a crucial channel for legitimate public discourse, making protests and social unrest an almost inevitable outlet for public frustration.",no,needs_review
slippery slope,11,"If a single party in Turkey gains unchecked control over the entire voting process, it mirrors historical patterns in other countries where such consolidation of power has systematically dismantled democratic checks and balances. Once the electoral system is compromised to that extent, it becomes significantly easier for the ruling party to suppress opposition and gradually strip away fundamental rights, including religious freedoms, without any effective challenge.",borderline,needs_review
slippery slope,12,"I've heard from artists and thinkers throughout history that when governments severely restrict artistic and intellectual expression, it creates a chilling effect that stifles innovation and critical thought. Historically, this kind of widespread censorship has always been a major driver of public discontent, often leading to social unrest because people eventually push back against being told what they can and cannot think or create.",yes,pass
slippery slope,13,"When a government starts with seemingly small acts of censorship, like removing certain songs or shows, it establishes a precedent that can easily expand. People who lived under authoritarian regimes often talk about how this gradual creeping censorship eventually leads to a culture of self-censorship, where artists and citizens start policing their own expression to avoid trouble, until nearly everything requires official approval.",yes,pass
slippery slope,14,"When political actors start manipulating election dates to suit their own agenda, it completely undermines the public's confidence in the fairness and integrity of the democratic process. We've seen historically that such moves are often the first step towards more severe electoral abuses, making it easier for those in power to justify further changes that could disenfranchise voters or even rig outcomes.",yes,pass
slippery slope,15,"When countries are completely isolated from the international community, it often removes any external pressure or incentive for them to improve human rights or economic conditions. North Korea, for instance, has demonstrated how such extreme isolation can actually strengthen a repressive regime's control, cut off its citizens from outside influences, and exacerbate internal suffering without any hope of constructive engagement.",yes,pass
slippery slope,16,"If Aliyeva had stayed in power despite the growing concerns, the lack of accountability and the potential for unchecked personal interests could have systematically eroded public trust. Many political analysts point out that when leaders prioritize their own agendas over public welfare, it creates a cascade of poor decisions that destabilize institutions and ultimately break the public's confidence in governance.",yes,pass
slippery slope,17,"Once bribery and corruption take root in a system, they tend to self-perpetuate because they weaken the very institutions meant to stop them, like the police and judiciary. It's a common pattern worldwide that as corruption deepens, the people who try to expose it become targets themselves, often facing unlawful detention or worse, to protect the corrupt network.",yes,pass
slippery slope,18,"When those in power are seen to consistently disregard minor rules and protocols without consequence, it sends a clear message that the rule of law doesn't apply equally to everyone. This erosion of accountability for small infractions sets a dangerous precedent, making it far easier for them to get away with much larger violations because the public's expectation of justice has been so diminished.",no,needs_review
slippery slope,19,"When authorities actively suppress information during public health crises, as some governments did during Covid, it directly hinders effective public response and leads to worse outcomes. Denying facts or delaying transparency means people can't make informed decisions, resources aren't allocated properly, and ultimately, preventable deaths increase because the problem isn't being addressed truthfully.",yes,pass
slippery slope,20,"Allowing an elected official to be removed from office by an angry mob, rather than through established legal processes, fundamentally undermines the rule of law and democratic institutions. This kind of mob justice creates an extremely volatile political environment, as it emboldens violent factions and signals that legitimate channels can be bypassed, leading to ongoing instability and a breakdown of public order.",no,needs_review
slippery slope,21,"Giving governments the power to unilaterally shut down the internet, or arrest critics without due process, isn't just a theoretical concern. We've seen in places like Myanmar and Russia how quickly those tools get deployed to silence opposition and crush dissent. It allows them to control the flow of information during a crisis, ensuring people can't organize or even learn what's truly happening, which is a key step towards authoritarian control.",yes,pass
slippery slope,22,"We all know that unchecked hate speech or deliberate disinformation campaigns can genuinely incite real-world harm and social chaos. Look at how false rumors online have led to public brawls or even targeted harassment. Allowing that kind of content to spread without any responsible moderation isn't just about ""ideas""; it's about enabling destructive actions that spill directly into our communities.",yes,pass
slippery slope,24,"Businesses, especially foreign investors, constantly evaluate the ease of doing business in a country. If you impose really heavy-handed controls and regulations, it just adds too much complexity and risk to their operations. They’ll simply choose to invest their capital in other countries that offer a more stable and predictable environment, rather than deal with constant obstacles.",yes,needs_review
slippery slope,27,"When a leader acts outside their legal boundaries, even if it seems like a minor overstep, and there are no immediate consequences, it essentially signals that they can get away with it. This lack of accountability emboldens them to take increasingly serious actions in the future, knowing they won't be checked. That's how abuses of power gradually escalate.",yes,pass
slippery slope,28,"From what I’ve seen, if you let minor acts of corruption slide, it creates a culture where officials think they can get away with anything. That kind of environment siphons off resources and completely undermines public trust in the government's ability to tackle major issues like healthcare or poverty. It's impossible to address big problems when the system itself is being eroded by unchecked dishonesty.",yes,pass
slippery slope,29,"When authorities start launching investigations without clear cause, it creates an atmosphere of fear and distrust among the public. People become hesitant to speak out or engage in civic activities, worrying they might be targeted next. This kind of arbitrary power has historically been used to silence opposition and erode fundamental freedoms, just by making everyone afraid.",yes,pass
slippery slope,30,"If a Prime Minister is forced to resign without proper constitutional procedure or a clear vote of no confidence, it can seriously destabilize the entire government. This kind of political uncertainty makes it incredibly difficult for the country to function, potentially leading to a breakdown in governance and leaving citizens vulnerable without stable leadership or effective protections.",yes,pass
slippery slope,32,"Governments sometimes introduce new powers during emergencies, but if those powers lack clear limits or sunset clauses, they have a way of becoming permanent. History shows that once a government has a new tool, even if it was for a specific purpose, it becomes easier for them to use it for broader control, gradually diminishing individual freedoms over time.",yes,pass
slippery slope,33,"I've heard from privacy advocates that introducing something like mandatory lie detectors, especially if they're unreliable, sets a really worrying precedent. It normalizes intrusive data collection and state monitoring of personal thoughts, making it easier to justify even more invasive surveillance tactics later on. We need clear lines for privacy that these kinds of tools easily blur.",yes,pass
slippery slope,34,"I've talked to officers who say that constant new regulations, especially if they feel invasive or mistrustful, can really wear down morale and make people consider leaving. If these tests are designed poorly or implemented in a punitive way, it could absolutely discourage good, ethical candidates from joining the force. You risk losing quality recruits if the job becomes overly burdensome.",yes,pass
slippery slope,35,"When governments are given broad emergency powers, like curfews or quarantines, without clear mechanisms for accountability or expiration, there's always a risk they'll try to keep them longer than needed. We've seen historically that ""temporary"" measures often become permanent, and sometimes authorities expand those powers to areas far beyond the original intent, just because they can.",yes,pass
slippery slope,36,"When a government takes a diplomatic stance perceived as hostile towards a particular ethnic or religious group, it often emboldens extremist elements already present in the country. We've seen too many times how political actions can be weaponized to justify existing prejudices, leading to a rise in hate speech and, tragically, sometimes even physical violence against those communities.",yes,pass
slippery slope,37,"Denying media access is a classic tactic for governments that want to control the public narrative and avoid scrutiny. If journalists can't report freely, citizens lose their main source of unbiased information, making it much easier for authorities to act without accountability. That lack of transparency then paves the way for suppressing individual speech and increasing surveillance without public challenge.",yes,pass
slippery slope,40,"When casual or subtle racist language, like ""black lives are expensive,"" isn't challenged, it gradually normalizes prejudiced ideas in society. Sociologists have pointed out that this kind of language can desensitize people, making it easier to tolerate overt discrimination and even systemic inequalities. It slowly shifts what's considered acceptable, which can lead to a broader acceptance of racism.",borderline,pass
slippery slope,41,"This artist is really smart for getting people to think about how nature can heal. Art can actually make scientific and traditional knowledge about plants stick with people way more than just reading a textbook. I mean, we've got generations of plant knowledge that often gets overlooked, but someone like her can bring it to life and make it relevant again. So yeah, she's definitely helping more people understand what's right under our noses.",yes,pass
slippery slope,43,"When people say 'no justice, no peace,' they're not always threatening violence, but they are saying that if their community's grievances aren't addressed, there won't be social harmony. We've seen it time and again in history: when perceived injustices are ignored, it leads to sustained protests, boycotts, and general disruption, which is definitely not 'peace' in the civic sense. If you keep dismissing people's concerns, even about things like perceived disrespect, that frustration just builds up.",yes,pass
slippery slope,44,"The drastic steps our country took against COVID were definitely necessary. We saw in other places that when the virus spread unchecked, hospitals got completely swamped, and people couldn't get care for anything else. Plus, with so many essential workers getting sick or dying, things like supply chains, public transit, and even emergency services would have been severely impacted. It would have totally crippled our ability to function normally, not just overwhelmed hospitals.",yes,pass
slippery slope,45,"It's so important that we keep taking precautions against Covid, like social distancing, to protect everyone, especially the vulnerable. We already saw how fast hospitals filled up when cases spiked, and if a large percentage of people get sick at once, it puts immense pressure on everything. Think about it: if too many doctors, nurses, truckers, and utility workers are out sick, critical services and supply lines can really break down. That's why keeping case numbers manageable is key.",yes,pass
slippery slope,46,"Look, while COVID-19 is serious, we really need to be watchful of how governments use emergency powers, like closing schools and banning gatherings. History is full of examples where governments granted temporary powers during a crisis, whether it was a war or a health emergency, found ways to keep them or expand them later. It's not about accusing them of being evil from the start, but about recognizing that without strong oversight and clear limits, these kinds of restrictions can easily become normalized and much harder to roll back once the immediate threat is gone. We need to hold them accountable to prevent mission creep.",yes,pass
slippery slope,47,"The thing about being super particular with cultural sensitivities is that sometimes it can backfire and make people too scared to engage with other cultures at all. I've heard people worry that if every little thing becomes a minefield, it just shuts down the curiosity and genuine cultural exchange that's supposed to happen. It can unfortunately lead to people just avoiding certain topics or art forms altogether, rather than actually learning how to respectfully engage. That's a real risk if we aren't careful about how these guidelines are applied.",yes,pass
slippery slope,48,"People really underestimate how crucial some animals are to their ecosystems, like snakes. Ecologists have documented countless times where removing a key predator, even in a specific area, throws the whole balance off. For instance, if you get rid of a lot of snakes, their prey like rodents can boom, and those rodents then overconsume plants or outcompete other animals. This kind of ripple effect, called a trophic cascade, can actually cause significant changes and even harm the ecosystem's health, not just a few animals here and there.",yes,pass
slippery slope,49,"While some snakes can be a threat, we really need to think twice before just killing them all. Snakes are actually crucial for keeping rodent populations in check, which is a huge benefit for farmers and even just preventing pests around homes. Farmers know this; if you get rid of the natural predators like snakes, mouse and rat numbers can skyrocket, leading to much more crop damage and even disease risks. It's a pretty clear ecological link.",yes,pass
slippery slope,50,"I'm worried about this opening the door for propaganda. Governments and political groups have a long, documented history of using films and other media to influence public opinion, especially when it comes to foreign policy or national narratives. If a movie proves really effective at shifting public sentiment on a big issue like Afghan relations, it absolutely signals to those in power that film is a powerful tool for shaping people's views. It's not a huge leap to imagine them trying to replicate that success for their own agenda.",yes,pass
slippery slope,51,"I agree, we have to be really careful about the kind of influence filmmakers have on policy. It's not just a hypothetical; major studios have the resources and reach to create narratives that genuinely sway public opinion on big issues, like immigration. When you see how powerful media can be in shaping political debates and even influencing election outcomes, it's clear that films can become another avenue for well-funded interests to push their agendas. We need to be aware of that potential, especially with elections on the horizon.",yes,needs_review
slippery slope,53,"While art can be powerful, political art specifically can often just end up turning people off or even deepening existing divides. When art gets super partisan or relies on stereotypes, it can easily be misinterpreted or just ignored by anyone outside of an echo chamber. I've seen how that kind of messaging, even if well-intentioned, can just reinforce 'us vs. them' thinking and make it harder for people to find common ground. It often just feeds into the polarization that some people profit from.",yes,needs_review
slippery slope,54,"Saying 'most people can't be wrong' is a really dangerous idea because it plays right into the human tendency to conform. History, especially the rise of the Nazis, shows us how easily people can be swayed to accept horrific acts if they believe 'everyone else is doing it' or that the majority supports it. When people stop thinking critically and just follow the crowd, that's when truly terrible things can be normalized and individuals lose their moral compass. We need to remember that moral truth isn't determined by popular opinion.",yes,pass
slippery slope,55,"If people decide not to get this vaccine, it really does have ripple effects beyond just themselves. Public health experts have repeatedly shown that when vaccination rates drop for any preventable disease, we see a direct increase in outbreaks. That means more people getting seriously ill, more strain on our hospitals, and tragically, more deaths among the most vulnerable who can't be vaccinated. Every decision around vaccines impacts the collective health of our communities, not just one person's risk.",yes,pass
slippery slope,57,"We really need to press for the return of cultural artifacts now, because if there's less care shown by holding institutions, the chances of these treasures being properly repatriated diminish significantly over time. Experts have warned that the longer these objects are kept away from their original communities, the greater the risk that their contextual knowledge, oral histories, and specific cultural practices associated with them will be lost forever. It's not just about ownership; it's about preserving the living cultural meaning of these items before they become disconnected relics.",yes,pass
slippery slope,58,"It's a genuine concern that once you let the government step in and take control of a situation, they're more likely to do it again in the future, and sometimes their powers can expand. Political scientists often talk about 'mission creep,' where agencies, once created, naturally look for ways to justify and expand their own scope and budget. Without clear checks and balances, and a public that demands accountability, those kinds of interventions, even if well-intentioned at first, can gradually start to dictate more aspects of our personal lives than we might want.",yes,pass
slippery slope,59,"It's really tempting sometimes to just stick to your own opinions, but if you stop listening to what other people think, your own creativity and ability to adapt can absolutely suffer. Psychology tells us that without diverse perspectives, people tend to fall into confirmation bias, and you just stop improving because you're not getting new ideas or challenges. And while it's not an automatic jump, that kind of insulated, 'my way or the highway' thinking, where you're not exposed to different viewpoints, can certainly create an environment where prejudice and a distrust of outsiders can grow. It's why open-mindedness is so important.",yes,pass
slippery slope,60,"It's clear that police need to seriously address real violence, but we also have to be careful not to let intervention policies get so rigid that they create more problems than they solve. I've heard from social workers that sometimes, mandatory arrest policies in domestic situations, even for less severe incidents, can actually end up destabilizing families without necessarily solving the underlying issues, especially if there aren't good reconciliation options available. We need a nuanced approach that protects people but also offers different avenues besides just immediate arrests for every single conflict, so things don't escalate unnecessarily.",yes,pass
slippery slope,61,"It's critical to stop the government's relaxed stance on rape. When authorities don't take these crimes seriously, it creates an environment where offenders feel emboldened. This lack of accountability often means that repeat offenders can continue their pattern of violence, sometimes escalating to more brutal acts, because they aren't facing consequences. We need to see real action from leaders.",yes,pass
slippery slope,62,"Calling these women 'foolish' for protesting, even bravely, totally misses the point. History shows us that when people don't speak out against an injustice early on, those in power often interpret it as tacit acceptance. That's how small infringements can become major oppressions, because the system learns there are no consequences for pushing boundaries. These initial protests are often the only way to stop a bad situation from spiraling completely out of control.",yes,pass
slippery slope,63,"You really can't ignore the harassment women face; safety talks should be central. When a society fails to uphold the rights and safety of a large demographic like women, it often signals a broader weakening of commitment to human rights generally. We often see that systems of oppression, once tolerated for one group, are easily applied or extended to other minority groups. It creates a precedent where anyone outside the dominant power structure can be vulnerable to having their rights eroded.",yes,pass
slippery slope,64,"We absolutely need to protect journalists' freedom to speak out. When authorities are allowed to censor the press without resistance, they effectively remove one of the most powerful checks on their power. Historically, a silenced media is a critical first step for regimes looking to consolidate control and suppress dissent. Without independent reporting, it becomes much easier for a government to control the narrative and gradually erode other civil liberties, because the public is left uninformed and unable to challenge what's happening.",yes,pass
slippery slope,67,"It's true that allowing significant changes within a country can often set off a chain of cultural shifts. That's why it's smarter to proceed with real caution and make sure there's widespread understanding and buy-in about the potential impacts. When big shifts happen without careful thought or broad public consensus, they often create unforeseen problems and divisions within communities. So, taking the time to build a strong foundation and get everyone on board before making major decisions is usually the more responsible way to go.",yes,needs_review
slippery slope,68,"It's clear that some young men are really struggling with feelings of alienation and resentment, and we're seeing concerning trends like the rise of incel communities. We need to seriously examine the societal pressures and shifts in expectations that might be contributing to this. If we don't address these issues and create better support systems, there's a real risk that these feelings could deepen and lead to more widespread anger and social instability.",yes,pass
slippery slope,70,"Machismo violence needs to be stopped immediately. When this kind of aggression is widespread and goes unpunished, it systematically limits women's freedom and participation in society. It forces women to live in fear, restricting their movement and choices, which functions as a form of social control and subjugation over time. This erodes the fundamental rights and dignity of entire communities, not just the direct victims.",yes,pass
slippery slope,71,"It's absolutely crucial that we don't let companies get away with breaking the rules. If there are no real consequences for bad behavior, it creates a dangerous incentive for other businesses. Companies see that it's cheaper to cut corners and ignore regulations if they can get away with it, which puts ethical companies at a disadvantage and encourages a race to the bottom. Strong enforcement is the only way to maintain a fair playing field and ensure compliance with laws that protect everyone.",yes,pass
slippery slope,72,"When platforms like Tinder let people quickly erase their profiles, it's a huge problem for victims. It makes it incredibly difficult for survivors to collect evidence, identify repeat offenders, or share warnings with others. This lack of a traceable digital footprint allows predators to disappear and potentially create new profiles, making it easier for them to continue their harmful behavior without accountability. It essentially gives them a clean slate to find new targets.",yes,pass
slippery slope,73,"It's fair to ask whether we're losing sight of the value of discretion and personal boundaries. While openness can be good, if we lose all sense of what's considered private versus public, it can create a social pressure to share details that many people simply aren't comfortable with. Without some agreed-upon social norms around what personal information or experiences remain private, the expectation for privacy could become eroded across the board.",yes,pass
slippery slope,75,"This ban on market vendors in Uganda is a serious concern. We've seen in so many places that abruptly shutting down people's livelihoods without offering viable alternatives can have devastating consequences. It directly contributes to a spike in unemployment and poverty, which then frequently fuels social unrest and economic instability because people are desperate. Responsible governance requires comprehensive planning and support for those affected, not just sudden directives that leave communities struggling.",yes,pass
slippery slope,76,"This is completely unacceptable. When children's cases drag on for years in the system, it has a profound and damaging impact on their development and well-being. These delays often mean they miss critical windows for intervention or stability, and many sadly do age out of youth services without their issues fully resolved. That leaves them without the support they need as they transition into adulthood, creating ongoing problems.",yes,pass
slippery slope,77,"If women in prison aren't treated with dignity, kept safe, and given access to basic healthcare and education, we're setting them up to fail. Studies consistently show that rehabilitation programs and support systems *within* prisons are crucial for reducing recidivism. Without these resources, people are often released worse off than when they went in, making it much harder for them to successfully reintegrate into society and avoid re-offending. We should be helping them become contributing citizens, not creating a cycle of crime.",no,needs_review
slippery slope,81,"Making accusations without revealing the perpetrator for a long time prevents the accused from defending themselves properly, which really isn't fair. It also lets public speculation harden into certainty, making it super hard for the person to get a fair shake when the name finally drops, no matter what evidence is presented.",yes,pass
slippery slope,82,"Rape is a horrific crime that needs strong prosecution and heavy punishment. When offenders aren't held fully accountable, it clearly signals a weakness in the justice system, which can empower repeat offenders and make victims less likely to come forward. We need to show that these crimes are taken seriously.",yes,needs_review
slippery slope,83,"When online harassment is tolerated, it can embolden people who think they can get away with anything, and we’ve seen how easy it is for online threats to translate into real-world targeting and even violence. Sudan needs to tackle this head-on to prevent a breakdown of respect and safety in the community, especially for vulnerable groups.",yes,pass
slippery slope,84,"Giving the government too much power to decide what speech is ""forbidden"" is a real danger to our liberties. History shows that vague speech laws often get expanded by authorities to silence critics and suppress dissent, not just address genuinely harmful content. We need clear, narrow rules set by society, not a blank check for government control.",yes,pass
slippery slope,85,"It’s important to distinguish between a polite approach and actual harassment, because confusing them could make people scared to engage in normal social interactions. If every attempt at connection is labeled as harassment, it creates a chilling effect where men and women might just avoid each other entirely, making it harder for healthy relationships to even begin.",yes,pass
slippery slope,88,"Brushing aside someone's trauma and telling them to ""just move on"" can actually worsen the long-term mental and emotional impact for the victim. When people don't get the support and acknowledgment they need, those unresolved issues often lead to bigger problems down the line, so we really do need to protect victims and help them heal.",yes,pass
slippery slope,89,"When laws use super broad terms like ""partially naked,"" it creates a real problem because authorities could interpret that in ways we never intended. Legal experts often warn that vague wording can lead to overreach and a chilling effect, where people become too scared to do perfectly innocent things, like taking a beach selfie, because they fear being prosecuted.",yes,pass
slippery slope,90,"If the state starts executing people without proper court trials, it sets a super dangerous precedent that undermines the rule of law itself. That kind of unchecked power, once established, can easily be expanded to justify extreme actions against anyone the state deems a threat, no matter how minor their alleged crime.",yes,pass
slippery slope,91,"These killings cannot be allowed. When a society bypasses legal processes and allows ""jungle justice,"" it creates a power vacuum where violence becomes normalized, leading to cycles of revenge and politically motivated attacks that are impossible to control.",yes,pass
slippery slope,92,"While supporting victims is incredibly important, it's also crucial that our justice system maintains due process and the presumption of innocence. If we don't have clear procedures for evaluating claims, it risks unfair accusations and undermines the system that's supposed to ensure actual justice for everyone.",yes,pass
slippery slope,93,"We absolutely need to be vigilant in stopping crimes and prosecuting aggressors, but it’s also important to maintain due process. When there's a pattern of unverified or false accusations, it can make the public and authorities more skeptical, unfortunately making it harder for real victims to be believed and taken seriously down the line.",yes,pass
slippery slope,94,"When people see that social media accusations can destroy lives without any real accountability, some individuals will inevitably exploit that power. It's not uncommon for people to use platforms without checks and balances to target others they dislike or to gain an advantage, and we've seen the devastating impact it can have on innocent people.",yes,pass
slippery slope,95,"Shutting down the Minister of Commerce for what seem like vague reasons is concerning because it creates an arbitrary precedent. Without clear, published criteria for such actions, other businesses or cultural institutions could easily find themselves targeted next based on similarly flimsy justifications, leading to a climate of fear and economic instability.",yes,pass
slippery slope,96,"When police respond aggressively to protests about violence against women, it completely erodes trust and makes women far less likely to report violence to those same officers. It sends a confusing message and directly undermines efforts to make women feel safe coming forward, which just creates a bigger problem.",yes,needs_review
slippery slope,99,"When individuals convicted of serious crimes are released without adequate punishment or rehabilitation, there's a higher chance they'll re-offend, based on what we know about recidivism. To truly do justice for victims and protect communities, the law needs to ensure consequences that deter further wrongdoing.",yes,pass
slippery slope,100,"When a country like Belarus enacts such severe crackdown laws, especially ones that imprison citizens for exercising basic rights, it weakens international norms against authoritarianism. This kind of unchecked power, if not condemned, can embolden other regimes to adopt similar tactics, making it easier for human rights to be eroded globally.",yes,pass
