source_fallacy,target_type,id,generated,judge_scheme_switch,judge_overall
appeal to authority,appeal to majority,1,"While there are many issues to address, our democratic processes are designed to surface the most pressing concerns. When a clear majority of the public consistently expresses frustration about certain problems, it often reflects a broader societal need that warrants immediate attention and resource allocation.",yes,pass
appeal to authority,slippery slope,2,"If political factions in Nicaragua continue to escalate their rhetoric without a mediating force, it could lead to increased street clashes. These clashes might then draw in external actors, potentially destabilizing the broader region and making a peaceful resolution much harder to achieve down the line.",yes,needs_review
appeal to authority,appeal to majority,3,"It's encouraging to see the proposed constitutional update in Cuba, especially regarding marriage equality. Over the past decades, popular sentiment in many countries has overwhelmingly shifted to support same-sex marriage, recognizing it as a fundamental civil right. This kind of widespread societal acceptance often signals a maturing understanding of human dignity, making these changes reflective of evolving community values.",yes,pass
appeal to authority,appeal to tradition,4,"For centuries, marriage in Cuba has been understood as a union between a man and a woman, a cornerstone practice that has fostered stable families and communities. This long-held tradition has consistently provided a clear framework for societal organization, demonstrating its enduring positive impact on our culture. We should consider how this historical practice has shaped our society successfully before making sudden changes.",yes,pass
appeal to authority,appeal to tradition,5,"Throughout our history, important community decisions have often been reached through open discussion and dialogue, a practice that has consistently led to more broadly accepted and effective outcomes. When people engage in these time-honored exchanges, solutions that truly serve the public good tend to emerge. It’s a method that has served us well for generations.",yes,needs_review
appeal to authority,appeal to nature,6,"Humans naturally exhibit a vast spectrum of traits and abilities, much like the diversity found in any healthy ecosystem. Trying to force everyone into a uniform mold goes against this fundamental biological drive for variation. Allowing individuals to explore their unique curiosities naturally fosters adaptability and resilience, strengthening the collective in the long run.",yes,pass
appeal to authority,appeal to nature,7,"Humans, at our core, are social creatures who thrive through cooperation and mutual support. Creating artificial divisions based on superficial traits goes against this innate drive for communal well-being. Such policies naturally lead to fragmentation and undermine the organic strength of a unified group.",yes,pass
appeal to authority,appeal to majority,8,"The question of Turkey rejoining international bodies like the EU is complex. Public opinion polls within Turkey consistently show a significant portion of the population desires closer ties with Europe, reflecting a shared aspiration for certain economic and social models. While the path is uncertain, popular sentiment often plays a key role in shaping long-term national direction.",yes,pass
appeal to authority,appeal to nature,9,"Societal progress, much like biological evolution, thrives on adaptation and the integration of diverse elements. Trying to impose a singular, rigid perspective goes against the natural process of growth and learning. Embracing varied viewpoints allows for a more robust and adaptable collective intelligence to emerge.",yes,needs_review
appeal to authority,appeal to nature,10,"In any social group, whether animal or human, the natural inclination to find equilibrium is crucial for avoiding constant conflict. When individuals are unable to make small adjustments, the system becomes rigid and prone to breakdown. Compromise is often the organic way groups sustain themselves, ensuring shared benefits over individual losses.",yes,needs_review
appeal to authority,appeal to worse problems,11,"The ongoing battle against widespread poverty and lack of healthcare is already stretching our legislative capacity and public attention to its absolute limits. We simply don't have the bandwidth to dedicate substantial resources to every minor complaint from activist groups that doesn't impact fundamental rights, especially when genuine crises are demanding all available legislative and media focus. Our limited collective attention span means we have to prioritize where we apply our efforts.",yes,pass
appeal to authority,appeal to worse problems,12,"While discussions about the separation of church and state are important for long-term governance, the immediate economic instability in Argentina is consuming all available legislative focus and budget resources. Our national leadership is currently dedicating every available staff hour and financial allocation to stabilizing the peso and curbing inflation, meaning we can't realistically expect a comprehensive debate on constitutional amendments related to religious establishments right now. The public's immediate well-being hinges on addressing the financial crisis first.",yes,pass
appeal to authority,slippery slope,13,"If we keep allowing census deadlines to be pushed back without sufficient justification, it sets a precedent that could erode public trust in the process. Over time, this erosion might lead to lower participation rates, ultimately resulting in inaccurate demographic data that can skew resource allocation and political representation for years to come.",yes,needs_review
appeal to authority,appeal to majority,14,"When planning a large-scale national endeavor like the census, public cooperation and understanding are crucial. If the majority of the population or the communities involved feel that adding certain complex questions at the last minute would cause confusion or logistical challenges, it makes sense to address those concerns by delaying until proper preparations can be made. Broad public buy-in is essential for accurate results.",yes,pass
appeal to authority,appeal to tradition,15,"For many years, this platform has operated under a general principle of allowing diverse voices, even those some might disagree with, a practice that has consistently fostered robust public discourse. This long-standing approach has proven effective in maintaining an open forum and allowing a wide range of ideas to circulate, contributing to its sustained engagement and growth over time.",yes,pass
appeal to authority,appeal to worse problems,16,"Focusing on whether President Biya personally is ""the villain"" in this situation seems like a distraction when the most urgent issue is the widespread death and displacement caused by the conflict. International aid organizations are struggling to provide basic necessities like food, shelter, and medical care to millions, draining all available global humanitarian resources. Debating the specifics of legal culpability can only happen once we've stabilized the immediate crisis and stopped the bleeding on the ground.",yes,pass
appeal to authority,slippery slope,17,"Allowing a leader to call snap elections purely for political maneuvering, without a clear constitutional crisis or public demand, could create a dangerous precedent. This might encourage future leaders to repeatedly dissolve parliament whenever faced with opposition, ultimately destabilizing the political system and undermining the very mandate they were elected to uphold.",yes,pass
appeal to authority,appeal to nature,18,"Every individual, much like a tree growing from its own seed, develops uniquely and makes their own contributions. To judge someone solely by the actions of their kin goes against the natural development of distinct personal identity. It's more natural and fair to assess a person based on their individual merits and actual deeds.",yes,pass
appeal to authority,slippery slope,19,"If we start to dismiss every individual who raises concerns about the government, especially when they face personal consequences for doing so, it creates a chilling effect on future whistleblowers. Eventually, this could lead to a situation where legitimate grievances are never heard, allowing corruption or misgovernance to fester unchecked and erode public accountability.",yes,pass
appeal to authority,appeal to tradition,20,"In many periods of our nation's history, the emphasis on national security and stability has led to policies around public broadcasting that prioritized communal harmony. This approach has consistently helped maintain order during challenging times, ensuring a unified front when facing external or internal pressures. We've seen how this long-standing principle safeguards the nation's well-being.",yes,pass
appeal to authority,appeal to tradition,21,"Historically, communities have thrived by ensuring that economic practices benefit the whole, not just a select few, a principle that has fostered collective prosperity for generations. When trade and finance adhere to established customs of fair dealing and communal support, the entire social fabric is strengthened. This long-standing commitment to shared well-being has consistently proven to be the most reliable path to a stable economy.",yes,needs_review
appeal to authority,appeal to majority,22,"During a public health crisis like COVID, the most effective responses often come from collective action. Most communities found that widespread adherence to safety guidelines, driven by a shared understanding of protecting vulnerable populations, was essential for mitigating the spread. When the general public broadly agrees on the need for unity in tackling health challenges, it fosters a much safer environment for everyone.",yes,pass
appeal to authority,false dilemma,23,"When governments meet for sensitive talks, we face a clear choice: either allow completely unrestricted media access, risking vital national security secrets and sabotaging delicate negotiations, or implement reasonable controls to protect the integrity of the process. Since jeopardizing national security is out of the question, some level of media restriction is simply necessary.",yes,pass
appeal to authority,hasty generalization,24,"I read an article last week about another country, and it was full of clear mistakes because the writer just didn't get the nuances. Honestly, most political analyses written from afar are probably missing the real picture and aren't worth much.",yes,pass
appeal to authority,appeal to worse problems,25,"The immediate priority for the Trinidadian government right now is managing the overwhelming influx of new migrants, which is stretching our border control and processing facilities to their absolute limit. Every available officer and administrative staff member is currently dedicated to initial processing and ensuring basic intake, leaving no capacity to conduct a detailed, internal investigation into specific claims about conditions in a particular camp, especially while the broader migration crisis continues to escalate. Our resources are simply exhausted by the primary challenge.",yes,pass
appeal to authority,slippery slope,27,"If the president were to unilaterally dismiss charges against the Chief Justice, it could set a dangerous precedent for executive interference in judicial processes. This kind of action might lead to the judiciary being seen as beholden to political whims, potentially eroding the rule of law and making it harder to prosecute corruption fairly in the future.",yes,pass
appeal to authority,hasty generalization,28,"You know, my family was arguing about where to go for dinner last night, and everyone had a different idea. It was chaos! Eventually, we just picked the first place someone suggested, and it actually worked out okay. It seems like when there are too many opinions, just going with the first simple idea is usually the best way to get things done.",yes,pass
appeal to authority,appeal to worse problems,29,"While some might philosophize about conflict as a catalyst for progress, that kind of long-term perspective feels completely out of touch when communities are being torn apart by violence and immediate survival is the only concern. Our humanitarian organizations are completely overwhelmed, struggling just to secure temporary ceasefires and deliver basic aid to starving populations, diverting all global attention and resources away from any potential for constructive societal change. Right now, simply stopping the fighting and preventing more suffering is consuming all available effort.",yes,pass
appeal to authority,hasty generalization,30,"I once saw a kid get blamed for something he didn't do in school, and it totally messed up his whole week. People were treating him differently, and he got really down. It just goes to show, falsely accusing anyone, for any reason, can seriously damage their reputation and well-being.",yes,pass
appeal to authority,appeal to nature,31,"In the natural world, a rustle in the leaves doesn't always signal a predator; sometimes it's just the wind. While vigilance is a natural survival instinct, reacting to every potential 'smoke signal' without further evidence can lead to wasted energy and misdirected effort. A more adaptive response involves waiting for clearer signs before committing fully.",yes,needs_review
appeal to authority,hasty generalization,32,"I saw a small business in my town get shut down last year because they didn't follow some local regulations, and it was a mess. They lost everything. It's pretty clear that if a company wants to stay in business, they just have to do exactly what the authorities tell them to do.",yes,pass
appeal to authority,appeal to worse problems,33,"The debate over Rappler's alleged bias or potential shutdown feels like a secondary concern when so many Filipinos are struggling with basic access to reliable news sources, period. A significant portion of the population lives in areas with limited internet infrastructure or faces constant power outages, making consistent information consumption a daily challenge regardless of the outlet. Focusing our limited resources and public discourse on the nuanced critiques of a specific online platform distracts from the more fundamental issue of equitable information access across the country.",yes,pass
appeal to authority,appeal to majority,34,"While press freedom is a cornerstone of democratic societies, most communities across the world recognize that it's not absolute. There's a broad societal understanding that speech inciting violence, defamation, or direct harm to others often crosses a line that legitimate regulations aim to address. Finding the right balance is an ongoing challenge, but the vast majority of citizens expect media to operate within responsible boundaries.",yes,pass
appeal to authority,false dilemma,35,"When an organization publishes content, they face a straightforward decision regarding copyright: either they adhere strictly to established legal guidelines to protect themselves from lawsuits, or they risk significant financial penalties and reputational damage. Given the potential for severe legal repercussions, the responsible choice is to always prioritize compliance.",yes,needs_review
appeal to authority,appeal to tradition,36,"Throughout our history, when authorities have taken strong measures against certain activities, it has often signaled a period of intensified social control. Such actions have traditionally been understood as attempts to solidify power, and we’ve seen how they typically lead to a more constrained public sphere. This pattern of response is a long-recognized dynamic in our society.",yes,needs_review
appeal to authority,appeal to worse problems,38,"While the symbolic importance of a capital's location is undeniable, the immediate diplomatic focus needs to be on de-escalating the ongoing regional conflicts that are displacing thousands and threatening broader stability. Every available foreign policy expert and negotiation team is currently tied up in crisis talks and humanitarian efforts, meaning the capacity to engage in a comprehensive, resource-intensive debate over the nuanced implications of moving an embassy simply isn't there right now. We have to address the fires before we can rearrange the furniture.",yes,needs_review
appeal to authority,hasty generalization,40,"My neighbor, who painted some really cool landscapes years ago, was thrilled when someone brought one of his old pieces out for a local art show. He loved seeing it get attention again. I bet most artists and creators would feel the same way about their work being revived; it probably makes them really proud.",yes,pass
appeal to authority,appeal to nature,41,"The sharing and reinterpretation of stories is a natural human tendency, much like how folk tales evolve and adapt as they are passed down through generations. People are inherently driven to connect with and reshape narratives, making them their own. This organic process allows cultural elements to remain vibrant and relevant across communities.",yes,pass
appeal to authority,appeal to tradition,42,"Historically, societies that have prioritized private enterprise and market-based economies have consistently demonstrated sustained growth and innovation over generations. This long-standing economic model has proven effective in fostering individual prosperity and resilience, often adapting to changing times while maintaining its core principles. We've seen how this traditional approach generates lasting stability and opportunity.",yes,pass
appeal to authority,false dilemma,43,"In these challenging times, art serves a crucial purpose: it either offers a vital escape and a source of emotional comfort, or it simply fails to connect and leaves us feeling worse. Given how much people need to laugh and find moments of joy right now, creative works that uplift and bring a smile are clearly what we need.",yes,pass
appeal to authority,hasty generalization,44,"I saw a new clothing line launch last week that looked pretty wild, and everyone I talked to at the event thought it was amazing and super trendy. It seems like if a fashion stunt gets even a few people talking positively about it, then it's probably considered successful and tasteful within the industry.",yes,pass
appeal to authority,false dilemma,45,"When it comes to priceless artifacts housed in places of worship, the community faces a simple choice: either we invest in state-of-the-art security measures to safeguard these irreplaceable cultural and spiritual treasures, or we accept their inevitable loss to thieves and the black market. Since allowing such heritage to vanish is unthinkable, enhanced protection is our only viable path forward.",yes,needs_review
appeal to authority,appeal to worse problems,46,"While it's truly sad that snakes are being killed out of ignorance, the immediate public health campaigns are completely overwhelmed by more pressing issues like vaccine distribution and basic hygiene education in rural areas. Our limited public awareness budget and outreach staff are entirely dedicated to tackling communicable diseases that pose a direct threat to human life. Unfortunately, comprehensive educational programs on wildlife conservation, however valuable, simply can't compete for those same vital resources right now.",yes,pass
appeal to authority,hasty generalization,47,"I met a few families who moved here from other countries, and they all told me how tough it was to get established, even with the current rules. It makes you realize that immigration is a really complex issue, and it's probably always going to be really difficult for new people to settle in, no matter what.",yes,pass
appeal to authority,false dilemma,48,"During a public health crisis, a community must choose: either a significant portion of the population participates in proven preventative measures to collectively reduce disease transmission, or we will inevitably continue to face widespread illness, strained healthcare systems, and ongoing disruptions to daily life. The clear path to societal well-being requires robust collective action.",yes,needs_review
appeal to authority,slippery slope,50,"While the internet offers incredible avenues for cultural exchange, an unchecked flow of dominant global narratives could slowly dilute unique local traditions and languages. If communities don't actively work to preserve their distinct cultural elements, this constant exposure might eventually lead to a more homogenized global culture, losing the rich diversity that makes each place special.",yes,pass
appeal to authority,appeal to nature,51,"When different social groups come into contact, a natural process of mutual adjustment typically unfolds, much like species adapting to a new habitat. While newcomers often learn to navigate the established norms, the existing community also subtly shifts and expands its own patterns. This reciprocal process allows for a more organic and stable coexistence over time.",yes,pass
appeal to authority,false dilemma,52,"When a nation holds cultural artifacts known to have been looted during periods of colonialism, it faces a fundamental choice: either it commits to the ethical return of these items to their rightful communities, thereby acknowledging past wrongs, or it continues to uphold a system that perpetuates historical injustice and cultural deprivation. For true reconciliation, repatriation is the only moral course.",yes,pass
appeal to authority,appeal to tradition,53,"For centuries, cultural artifacts have been preserved and displayed within the communities where they originated, serving as vital, tangible links to heritage and shared identity. This time-honored practice has consistently ensured that these objects retain their profound cultural context, allowing them to educate and inspire successive generations in a way that truly resonates. Keeping them in their original settings has proven invaluable for maintaining the integrity of our collective history and fostering a deeper appreciation for their true meaning, which is a global responsibility.",yes,needs_review
appeal to authority,appeal to tradition,54,"Throughout many cultures, a tradition has existed where men have played a protective and supportive role for women, ensuring their safety and dignity within the community. This long-standing practice has consistently led to stronger, more harmonious societies and families, benefiting everyone involved. Upholding this historical commitment to mutual respect and care has always been a hallmark of a thriving community.",yes,pass
appeal to authority,appeal to tradition,55,"Historically, when faced with grave challenges to public safety, our system has traditionally relied on established processes for data gathering and methodical response to ensure comprehensive solutions. This patient, fact-based approach, developed over time, has consistently proven more effective in addressing complex issues than hasty interventions. We've seen how this time-tested method eventually leads to more lasting resolutions for community well-being.",yes,needs_review
appeal to authority,appeal to worse problems,56,"While the ideal of family reconciliation is certainly appealing, the stark reality is that domestic violence shelters across the country are at maximum capacity and chronically underfunded. Every available social worker and legal aid professional is currently dedicated to crisis intervention and ensuring the immediate safety of women and children fleeing dangerous situations. Focusing our limited community resources on reconciliation attempts when basic protective measures are so strained seems misplaced; we must first ensure safety before attempting to rebuild.",yes,pass
appeal to authority,hasty generalization,58,"My sister took charge of our community garden project last year, and suddenly everything got so much more organized and productive. She had fresh ideas that no one else had thought of. It really shows that when women step up and take initiative, things almost always get better for everyone involved.",yes,pass
appeal to authority,appeal to nature,59,"In many social species, natural leaders emerge to help coordinate group efforts, but their effectiveness often hinges on their capacity to sense and respond to the collective's needs. The health of the entire system depends on this dynamic interplay. When the group's collective insights are ignored, the natural balance can be disrupted.",yes,pass
appeal to authority,slippery slope,60,"When societies systematically deny women basic rights and opportunities, it doesn't just affect half the population; it creates a ripple effect of underdevelopment. This can lead to a significant portion of the workforce being underutilized, which in turn stifles economic growth, increases poverty, and can ultimately contribute to widespread social instability and discontent across the entire nation.",yes,pass
appeal to authority,appeal to worse problems,61,"Debating or protesting specific dress codes, however frustrating they may be, feels like a secondary concern when individuals in this society are facing severe penalties for far more fundamental expressions of dissent, like speaking out against corruption or organizing peaceful political rallies. Our already stretched legal aid organizations are entirely consumed by defending people accused of major political offenses, leaving no capacity to challenge what are, comparatively, minor infringements on personal liberty. There are more critical battles for freedom demanding our collective resources right now.",yes,pass
appeal to authority,hasty generalization,62,"I've noticed that in the local accounting firm, ever since they hired a few more women, the office environment has become so much more collaborative and the team's output has really improved. It just goes to show that bringing women into these professional fields definitely boosts both morale and productivity.",yes,pass
appeal to authority,slippery slope,63,"If we fail to consistently strive for full gender equality, the subtle biases and systemic barriers that remain will continue to hold back not just women, but society as a whole. This can lead to a perpetuation of harmful stereotypes, limiting diverse perspectives in leadership and innovation, and ultimately hindering our collective ability to address complex global challenges effectively.",yes,pass
appeal to authority,false dilemma,64,"When striving for significant societal shifts, especially in areas like women's rights, we face a critical decision: either we approach reforms with careful consideration and a phased implementation to build broad support, or we push for rapid, sweeping changes that often provoke strong resistance and ultimately undermine the intended progress. Progress truly takes root when it's cultivated thoughtfully, not forced.",yes,pass
appeal to authority,hasty generalization,65,"I helped a friend once who was struggling to get her small business off the ground, and after she finally got the support she needed, her success created jobs for others in our community. It was inspiring to see. It really makes you think that when women are supported and empowered, it always benefits the whole community.",yes,pass
appeal to authority,hasty generalization,66,"My local book club tried to completely change its meeting structure last month, and it just led to a bunch of confusion and people stopped showing up. Everyone was happier with how things were before. It's clear that when you mess with established groups, you often just create more problems than you solve.",yes,pass
appeal to authority,appeal to tradition,67,"Historically, our governance has often relied on a long-standing system where central leadership makes critical decisions for the collective well-being, a practice that has historically provided stability and a unified direction. This traditional approach to strategic planning has consistently ensured security and continuity, proving effective in safeguarding national interests. We've seen how this model has traditionally guided us through complex challenges.",yes,needs_review
appeal to authority,slippery slope,69,"If we only rely on encouraging change from the bottom-up for deeply entrenched societal issues, without any legislative framework to support it, progress could stall indefinitely. This slow pace might lead to widespread frustration among those seeking change, potentially escalating into more disruptive forms of protest or even a complete rejection of democratic processes, as people feel their concerns are not being addressed.",yes,pass
appeal to authority,slippery slope,70,"If we continually downplay the importance of self-defense education, particularly for vulnerable populations, it could foster a sense of powerlessness among individuals. This might lead to a broader perception that personal safety is entirely out of one's control, potentially increasing societal anxiety and making communities less resilient in the face of escalating threats.",yes,pass
appeal to authority,appeal to majority,71,"When evaluating programs like Wen-Do, it's really helpful to consider the experiences of those who've participated. If a significant number of people in various communities consistently report feeling more confident and empowered after taking these classes, that collective positive feedback can be a strong indicator of a program's perceived value and effectiveness for many. Community-level support often speaks volumes about what works for people on the ground.",yes,pass
appeal to authority,false dilemma,72,"When serious accusations are made against a public official, a government leader faces a clear choice: either they initiate a swift and transparent investigation to uphold public trust and accountability, or they risk allowing doubt to fester and erode faith in the entire political system. To ensure the integrity of public office, scrutiny is always the necessary route.",yes,needs_review
appeal to authority,appeal to tradition,74,"For generations, women have played indispensable roles in the economic fabric of communities, often managing household finances, contributing significantly to family businesses, and sustaining local markets through their entrepreneurial spirit. This long-standing tradition of women's deep economic participation has consistently been a cornerstone of stability and prosperity for countless families and the broader local economies. We've seen how their enduring contributions, often behind the scenes but no less vital, have truly strengthened our collective well-being and progress throughout history, showing their consistent capacity for success.",yes,needs_review
appeal to authority,false dilemma,75,"For women seeking to establish businesses in Kashmir, the community has a fundamental choice: either we actively recognize and address the unique social and cultural barriers they encounter, providing targeted support to help them succeed, or we allow these challenges to persist, effectively limiting their potential and hindering economic diversification. Supporting women entrepreneurs means actively dismantling obstacles.",yes,pass
appeal to authority,hasty generalization,76,"I was walking around downtown just last week, and I saw a woman get catcalled three times within ten minutes. And my friend told me she experiences it almost every time she goes out. It seems like street harassment is just incredibly common, almost certainly happening to most women out there.",yes,pass
appeal to authority,false dilemma,77,"When a problem becomes widely recognized and discussed within a community, we are presented with two options: either we mobilize resources and efforts to actively address the issue, working towards a tangible resolution, or we choose inaction, which inevitably allows the situation to deteriorate further. Progress demands we tackle problems head-on, not simply acknowledge them.",yes,needs_review
appeal to authority,appeal to nature,78,"While a swift response to perceived wrongdoings is a natural impulse, uncoordinated collective action often lacks the inherent mechanisms for fair resolution. It can quickly devolve into chaos, much like a panicked herd where individual survival instincts overshadow rational, collective decision-making. Established systems, even with flaws, naturally provide a more stable path to resolving conflicts.",yes,pass
appeal to authority,appeal to majority,79,"Language is a living thing, and its evolution is ultimately driven by how the vast majority of its speakers actually use it every day. While formal institutions often codify usage, it's the collective habits, preferences, and innovations of millions of people communicating that truly shape a language's direction over time. What becomes 'correct' or accepted is often what's widely adopted and understood by the community.",yes,pass
appeal to authority,appeal to majority,80,"Most people in a society generally agree that there's a clear distinction between peaceful protest and actions that involve violence or destruction. While citizens universally expect the right to express dissent, there's also a broad public consensus that individuals who engage in genuinely violent acts, regardless of their stated motivations, should face appropriate legal consequences. This expectation is foundational for maintaining public order and safety within the community.",yes,pass
appeal to authority,appeal to nature,82,"In times of widespread suffering, a natural human impulse to offer comfort and aid often arises, particularly for the most vulnerable. This inherent drive for mutual support is a fundamental aspect of our social nature, essential for collective resilience. Allowing these natural cooperative tendencies to flourish can strengthen communities against adversity.",yes,needs_review
appeal to authority,slippery slope,83,"If we allow state-sponsored misinformation campaigns to go unchallenged, without a robust, coordinated international effort to provide verifiable facts, it creates a vacuum where alternative narratives thrive. This could lead to a widespread erosion of trust in objective truth, making it increasingly difficult for nations to engage in meaningful diplomacy or for citizens to make informed decisions, potentially paving the way for further geopolitical instability.",yes,needs_review
appeal to authority,false dilemma,84,"When a state security apparatus like the FSB is suspected of manipulating facts in an arrest, the system faces a stark choice: either it implements rigorous oversight and transparency to ensure due process and prevent politically motivated persecution, or it permits opaque operations that inevitably lead to innocent individuals being wrongly imprisoned. True justice requires accountability, not unchecked power.",yes,needs_review
appeal to authority,slippery slope,85,"If we grant authorities carte blanche to implement any measure they deem necessary to combat terrorism, without strong independent oversight mechanisms, it risks a gradual creep towards surveillance states. This unchecked expansion of power could eventually infringe upon fundamental civil liberties for ordinary citizens, creating a society where privacy is a relic and dissent is easily monitored and suppressed.",yes,pass
appeal to authority,false dilemma,86,"For nations like Tajikistan and Russia, economic development presents a clear choice: either they actively collaborate on initiatives, such as facilitating job creation in one country through the investments of the other, leading to mutual prosperity, or they forgo such synergistic opportunities, thereby limiting potential growth for both. Shared economic progress comes from strategic partnership, not isolation.",yes,needs_review
appeal to authority,hasty generalization,87,"I once saw a guy arguing with a security guard about a minor rule at a concert, and he ended up getting kicked out and missing the whole show. It just reminded me that if someone in charge tells you to do something, it's always safer to just go along with it, especially in places where they have a lot of power.",yes,pass
appeal to authority,hasty generalization,88,"I heard about one family who tried to come into the country without the right paperwork, and it caused so many problems for them and for the officials trying to process them. It just shows that if we let too many people in without strict rules, everything would get completely overwhelmed and chaotic for everyone.",yes,pass
appeal to authority,false dilemma,89,"When a government interacts with its activist communities, particularly those representing minority groups, it confronts a fundamental decision: either it listens to their concerns and protects their rights to expression and existence, fostering a more inclusive society, or it suppresses their voices, inevitably leading to increased social unrest and a decline in human rights. A stable society embraces dialogue, it doesn't silence it.",yes,needs_review
appeal to authority,slippery slope,90,"When hostilities between neighboring countries are allowed to fester without genuine attempts at de-escalation or resolution, it creates a perpetual state of instability. This ongoing tension can deter foreign investment, disrupt trade routes, and lead to repeated cycles of conflict, ultimately preventing any meaningful regional development and potentially drawing in external actors who benefit from the discord.",yes,needs_review
appeal to authority,appeal to tradition,91,"Historically, nations have often maintained a strong tradition of safeguarding their political autonomy from external influences to ensure their sovereignty and self-determination. This long-standing principle of independent governance has consistently allowed countries to develop policies aligned with their unique national interests, fostering stability and trust within their borders. We've seen how upholding this traditional self-reliance leads to more robust and respected leadership.",yes,needs_review
appeal to authority,slippery slope,92,"If a country's governance consistently creates an environment where its own citizens feel compelled to leave due to oppression or lack of opportunity, it risks a significant brain drain. This exodus of talent, particularly young and skilled individuals, can deplete the workforce, cripple innovation, and ultimately lead to long-term economic stagnation and a severe decline in the overall societal well-being and future prospects of the nation.",yes,needs_review
appeal to authority,appeal to worse problems,93,"While the rapper's strong stand highlights serious issues, the most immediate and overwhelming problem is the sheer number of people fleeing Russia and the urgent humanitarian crisis it creates for neighboring countries. Refugee camps are overflowing, and aid organizations are completely overwhelmed by the logistical challenge of providing basic necessities like food, shelter, and medical care for hundreds of thousands. Debating the precise nature of the internal problems that prompted their flight, however valid, must take a backseat to managing the enormous strain on international resources.",yes,pass
appeal to authority,appeal to majority,94,"Across many nations, there's a strong public sentiment that national policy decisions should primarily reflect the will of the country's own citizens, free from undue external pressure. When a significant portion of the electorate expresses concern about foreign influence, especially in sensitive areas like the judiciary or international alliances, it often indicates a collective desire to safeguard national sovereignty and democratic processes. Addressing these widespread public concerns through policy can strengthen national self-determination.",yes,pass
appeal to authority,appeal to worse problems,95,"Instead of fixating on whether Georgia is simply 'following Putin's lead' or what Moscow might think of the new law, the real concern should be its potential impact on Georgia's already fragile economy. Foreign investment is critical for job creation and stability, and if this law creates enough uncertainty to drive away international businesses, our already limited economic growth initiatives will be completely undermined. Our collective focus needs to be on mitigating that very real, tangible threat to livelihoods, not on perceived political alignment.",yes,pass
appeal to authority,appeal to worse problems,98,"While rooting out corruption in authority is a critical long-term goal for any healthy society, the immediate and overwhelming crisis is the complete breakdown of essential public services across our communities. Hospitals are without basic medical supplies, schools lack functional infrastructure, and entire neighborhoods are without reliable access to clean water, which is consuming all available local and national emergency funds. We simply lack the operational capacity and financial resources to launch a comprehensive anti-corruption overhaul while the very foundations of daily life are crumbling.",yes,pass
appeal to authority,false dilemma,100,"Regarding practices like deep-sea mining, humanity faces an inescapable choice: either we prioritize the long-term health and biodiversity of our planet's most fragile ecosystems, implementing strong protective measures, or we continue aggressive resource extraction for short-term economic gain, risking irreversible ecological damage. A sustainable future means safeguarding the environment, not depleting it.",yes,needs_review
appeal to majority,appeal to authority,1,"Dr. Anya Sharma, a political scientist specializing in democratic transitions, argues that successful societal reforms often hinge on carefully structured public consultations to ensure broad consensus and lasting impact. She emphasizes that reforms should be guided by expert analysis to prevent unintended consequences. This approach prioritizes stability and effectiveness in achieving public good.",yes,pass
appeal to majority,slippery slope,2,"If we normalize one specific hairstyle as the universally accepted standard for professionalism, it creates a subtle pressure for everyone to conform. Over time, this could marginalize unique tribal styles, making them seem less appropriate in formal settings, and eventually lead to a loss of cultural distinctiveness as people abandon them for perceived career advantages.",yes,pass
appeal to majority,appeal to authority,3,"A trichologist, Dr. Lena Khan, explains that manipulating natural African hair textures with chemical relaxers can severely damage the hair shaft and scalp over time. She advocates for gentle styling practices that preserve hair health and integrity. Embracing natural hair is often seen as a move towards healthier hair practices.",yes,pass
appeal to majority,appeal to tradition,4,"For generations, the legal tradition of requiring warrants for searches and establishing independent oversight bodies has served as a critical safeguard against unchecked power. This long-standing commitment to due process has historically led to a fairer justice system and reduced instances of abuse, fostering community trust and accountability.",yes,needs_review
appeal to majority,appeal to tradition,5,"Since ancient times, societies have recognized the value of establishing deliberative assemblies where representatives debate and craft laws. This tradition of public legislative bodies, from early councils to modern parliaments, has consistently proven to create more stable and broadly accepted legal frameworks compared to autocratic rule, fostering social cohesion.",yes,needs_review
appeal to majority,appeal to nature,6,"When a community makes its own decisions about its future, like whether to stay or withdraw, it taps into a natural human drive for self-determination. This approach allows responses to be organically tailored to local conditions, which is how resilient systems adapt and thrive in the face of change.",yes,pass
appeal to majority,appeal to authority,8,"According to political philosopher Dr. Marcus Thorne, a key tenet of democratic governance is that citizens must engage constructively with electoral outcomes, even when disagreeing with the majority's choice. He argues that while robust debate and dissent are vital, undermining the legitimacy of a vote without evidence of systemic fraud can erode public trust in institutions. Respecting the process is crucial for maintaining a healthy democracy.",yes,pass
appeal to majority,appeal to nature,9,"Cultural and spiritual practices often emerge organically within a population, forming a natural part of a society's identity over time. These deep-seated traditions, including religious ones, can provide an inherent sense of belonging and a framework for shared understanding. It’s natural for a society to evolve its values from within, rather than having them imposed in a way that goes against its established cultural ecosystem.",yes,pass
appeal to majority,appeal to nature,10,"Over generations, deep-rooted cultural and religious traditions become intrinsically woven into a nation's social fabric, much like a natural ecosystem. These established practices often provide an organic framework for social cohesion and shared identity, contributing to a society’s stability and its unique character. Sudden, drastic changes to these fundamental elements could naturally disrupt the social equilibrium.",yes,needs_review
appeal to majority,appeal to worse problems,11,"While these families understandably seek closure, our investigative unit is currently stretched thin dealing with ongoing missing persons cases where lives might still be at risk. Allocating all our available resources to cold cases would mean diverting critical personnel from actively searching for people who could still be saved.",yes,pass
appeal to majority,appeal to worse problems,12,"It's disheartening to see communities displaced, but our current diplomatic efforts and aid budget are almost entirely consumed by preventing the escalation of active conflicts that threaten millions. While we recognize the long-term impact of past displacements, our immediate capacity for intervention is prioritized on preventing new, larger humanitarian catastrophes.",yes,pass
appeal to majority,slippery slope,13,"If we dismiss serious corruption allegations simply because a leader won an election, it creates a dangerous precedent. This could embolden future politicians to prioritize winning by any means necessary, knowing that electoral success might shield them from scrutiny, which then steadily normalizes graft and undermines the very integrity of public office.",yes,pass
appeal to majority,appeal to authority,14,"A cultural anthropologist, Dr. Elena Petrova, points out that individuals who champion the preservation of oral and music traditions play a critical role in maintaining cultural diversity globally. Their efforts often ensure that unique heritage is passed down through generations, enriching the collective human experience. Such work is essential for cultural resilience.",yes,pass
appeal to majority,appeal to tradition,15,"Throughout history, communities that have maintained traditional councils and mechanisms for public consultation in decision-making have consistently shown greater resilience and stability. This long-standing practice of integrating community input has historically produced governance that is more responsive to societal needs and less prone to internal unrest, proving its value in preventing oppression.",yes,needs_review
appeal to majority,appeal to worse problems,16,"While there's certainly interest in this journalist's work, the regulatory body is currently swamped with ensuring our emergency broadcast system remains fully functional and resilient against cyber threats. Diverting their limited oversight capacity to mediate content disputes would jeopardize critical infrastructure for public safety alerts.",yes,pass
appeal to majority,slippery slope,17,"If we start relying on popular opinion rather than scientific investigation to determine the causes of deaths, it could easily lead to widespread misdiagnoses. This initial step might then cause us to implement ineffective public health measures, which in turn could allow preventable illnesses to spread unchecked, ultimately eroding trust in medical science and worsening future health outcomes for everyone.",yes,pass
appeal to majority,appeal to nature,18,"Just as ecosystems tend to thrive with naturally occurring, proximate relationships, geopolitical stability often benefits from established ties between close neighbors. Australia and the Solomon Islands have an organic, long-standing relationship rooted in their shared regional environment. Introducing a significantly distant power as a primary influencer can naturally disrupt this delicate regional balance and established patterns of interaction.",yes,needs_review
appeal to majority,slippery slope,19,"Allowing more and more countries to switch their diplomatic recognition from Taiwan to China, as the Solomon Islands did, could progressively isolate Taiwan on the global stage. This growing isolation might then be perceived by China as an erosion of international support for Taiwan's autonomy, potentially emboldening them to pursue more aggressive actions, which could ultimately destabilize the entire Indo-Pacific region.",yes,needs_review
appeal to majority,appeal to tradition,20,"For centuries, the practice of establishing independent electoral commissions and transparent ballot counting procedures has been fundamental to maintaining public confidence in governance. This tradition of rigorously audited and openly managed elections has consistently been shown to prevent widespread accusations of fraud, leading to more legitimate and stable political transitions.",yes,needs_review
appeal to majority,appeal to tradition,21,"Historically, societies have found stability through the enduring practice of layered legislative review and public consultation before enacting new laws. This tradition, often involving multiple readings and opportunities for citizen input, has consistently helped prevent the passage of policies that lack broad societal support, thereby reducing public discontent and fostering durable legal frameworks.",yes,needs_review
appeal to majority,appeal to authority,22,"Professor David Lee, a constitutional law expert, has stated that legislation criminalizing criticism of the government fundamentally undermines the principles of free speech and open democracy. He emphasizes that such laws are often used to suppress dissent and conceal corruption, creating an environment where accountability is severely diminished. Protecting the right to criticize is vital for good governance.",yes,pass
appeal to majority,false dilemma,23,"When considering the repatriation of individuals with potential security ties, the nation faces a stark choice: either we implement extremely rigorous individual security assessments for each returning person, or we expose the public to unacceptable risk. There is no middle path where we can partially vet and hope for the best, because the stakes for national safety are too high to compromise on verification.",yes,pass
appeal to majority,hasty generalization,24,"I saw a few news reports where families in certain communities were really worried about ISIS returnees. They were talking about how it could destabilize things and put their kids at risk, which suggests that bringing back individuals with ties to militant groups poses a serious security challenge for local communities here.",yes,pass
appeal to majority,appeal to worse problems,25,"While concerns about leadership styles are valid, our embassy's limited political capital and aid budget are currently focused on preventing the complete collapse of essential services in neighboring regions. Engaging deeply in internal political debates elsewhere would draw resources from critical humanitarian stabilization efforts.",yes,pass
appeal to majority,appeal to authority,26,"According to Maria Rodriguez, a seasoned non-profit executive, a foundation's success is often directly linked to strong, visionary leadership that can effectively align resources with mission. She notes that a leader's ability to drive strategic initiatives and foster partnerships is critical for achieving measurable impact and sustained growth. Mary's role in the foundation's achievements likely reflects this kind of impactful leadership.",yes,pass
appeal to majority,slippery slope,27,"If social media platforms begin unilaterally removing politicians' pages for ""attacking citizens,"" it opens the door to subjective interpretation of what constitutes an attack. This initial step could grant these companies immense power over political speech, potentially leading to them silencing opposition voices they disagree with, and eventually stifling democratic debate and free expression under the guise of protection.",yes,pass
appeal to majority,hasty generalization,28,"I've seen how Bolsonaro's team operates on social media; they push a lot of emotionally charged content and rarely correct obvious falsehoods. It makes you think that his online presence is mostly about stirring up support and controlling the narrative, not sharing accurate information.",yes,pass
appeal to majority,appeal to worse problems,29,"We understand the frustration about this business being shut down, but the city's limited legal enforcement team is already struggling to address a backlog of violations directly impacting public health and safety. Prioritizing this specific business's case would mean delaying action on genuinely hazardous situations.",yes,pass
appeal to majority,hasty generalization,30,"I talked to a few folks in my neighborhood, and they seemed pretty content with how Duterte was running things, especially when it came to crime. They felt like he was delivering on his promises, which suggests a general acceptance of his leadership among many citizens.",yes,pass
appeal to majority,appeal to nature,31,"Humans have a natural drive for safety and an innate need to express their thoughts and concerns without fear. When a leadership systematically suppresses this fundamental human behavior, it creates an unnatural social climate that is inherently unstable. Such an environment goes against the organic functioning of a healthy community and will inevitably lead to discord.",yes,pass
appeal to majority,hasty generalization,32,"Every time I bring up this topic with friends or family, they all nod along and agree instantly. It really feels like this idea is just common sense and doesn't need much more discussion.",yes,pass
appeal to majority,appeal to worse problems,33,"While these protests highlight legitimate concerns, the police department's capacity is currently strained dealing with a significant surge in violent crime and maintaining basic public order. Diverting substantial resources to manage these demonstrations would directly impact our ability to address the more immediate threat to community safety.",yes,pass
appeal to majority,appeal to authority,34,"Professor Anya Gupta, an expert in judicial ethics, unequivocally states that all public officials, including judges, are subject to legal scrutiny, especially concerning financial matters. She asserts that any large, unexplained sum of money related to a judicial figure warrants a thorough investigation to maintain public trust in the justice system. Upholding accountability is paramount to preventing corruption.",yes,pass
appeal to majority,false dilemma,35,"Journalism today faces a fundamental crossroads. Either the industry commits to a stringent, verifiable code of ethics and unbiased reporting, or it will continue to suffer a profound erosion of public trust and relevance. There's no scenario where media outlets can maintain credibility by merely paying lip service to impartiality. Ultimately, they must choose between rigorous accuracy and irrelevance in the public sphere.",yes,pass
appeal to majority,appeal to tradition,36,"For centuries, the principle of national sovereignty and non-interference in the internal affairs of other states has been a cornerstone of international law and peaceful relations. This long-held diplomatic tradition has consistently proven to reduce interstate conflict and allow diverse societies to develop their own cultural and legal systems in ways that are most meaningful to their citizens, ensuring global stability.",yes,needs_review
appeal to majority,appeal to authority,37,"Dr. Kwame Nkrumah, an African political analyst, highlights that freedom of expression is a fundamental human right crucial for democratic development and accountability across the continent. He notes that while some regions face significant challenges in protecting these rights, sustained advocacy by civil society organizations is vital for fostering environments where citizens can speak out without fear of reprisal. Promoting open dialogue strengthens governance.",yes,needs_review
appeal to majority,appeal to worse problems,38,"It's true that the government's anti-corruption unit has a limited number of forensic auditors and legal staff. Currently, their entire focus is on a massive financial fraud case that threatens to destabilize several public pension funds, meaning smaller, though still important, local complaints can't be prioritized right now.",yes,pass
appeal to majority,appeal to nature,39,"For any system to maintain its health and integrity, natural processes of self-assessment and transparency are essential. Just as an organism sheds old cells and regulates itself, an institution like the police benefits from routine evaluations. These checks allow for the organic identification of potential issues, fostering public trust and ensuring the system adapts and functions optimally in its environment.",yes,pass
appeal to majority,hasty generalization,40,"I remember that one time a politician's minor scandal got leaked, and everyone I knew was talking about it for days. It just goes to show that the public has a real appetite for details about elected officials' personal lives, even if it's just gossip.",yes,pass
appeal to majority,false dilemma,43,"When a nation considers relocating its embassy, it faces a clear choice. Either it respects the long-standing international diplomatic consensus and UN resolutions regarding contested territories, or it accepts the inevitable diplomatic fallout. There simply isn't a third option to move an embassy unilaterally to a highly sensitive, disputed location without provoking a strong negative reaction on the global stage. Nations must choose between adherence to international norms or diplomatic isolation.",yes,pass
appeal to majority,hasty generalization,44,"I overheard a couple of people at a cafe in Bucharest passionately discussing how frustrated they were with the government's recent decision. They were really vocal about wanting their voices heard directly, which makes me think ordinary Romanians feel quite disconnected from their political representatives.",yes,pass
appeal to majority,false dilemma,45,"When it comes to our economic ties with China, we face a crucial choice. Either we accept the current risks and difficulties inherent in such deep entanglement, or we make a determined effort to find and cultivate alternative trading partners. We can't maintain the status quo and expect an easier time.",yes,pass
appeal to majority,appeal to worse problems,46,"While diversifying cartoon characters is a good long-term goal, the studio's animation budget and creative team are currently entirely committed to producing a series of vital educational programs for remote learning initiatives. Shifting those resources now would jeopardize content critical for children's basic education.",yes,pass
appeal to majority,hasty generalization,47,"My cousin absolutely loves Tintin, and he's super particular about comics. He says the storytelling and artwork are top-notch. Honestly, seeing how much he and a few other friends rave about it, Tintin must truly be a fantastic piece of art.",yes,pass
appeal to majority,false dilemma,48,"When dealing with sensitive international communications, there's a clear imperative. Either we invest fully in professional, culturally nuanced translation services with multiple layers of review, or we inevitably invite misinterpretation and potential diplomatic issues. You cannot expect complex ideas to be accurately conveyed across languages without dedicated resources. Failing to prioritize this crucial step leaves us with only one other outcome: significant misunderstanding and potential harm.",yes,pass
appeal to majority,appeal to authority,49,"Professor Aisha Rahman, a cultural heritage scholar, emphasizes that the repatriation of cultural artifacts is critical for restoring a nation's historical narrative and collective identity. She explains how these objects are often imbued with profound cultural and spiritual significance, and their return can foster a sense of healing and national pride. This process is increasingly recognized as essential for ethical museum practices and international relations.",yes,pass
appeal to majority,slippery slope,50,"If we establish a precedent that cultural artifacts should remain with their current holders, regardless of how they were acquired, it could weaken the international norms around heritage protection. This might then lead to a surge in illicit trafficking as new pieces are viewed as commodities, ultimately detaching these objects from their historical and spiritual contexts and reducing them to mere displays of wealth rather than shared human history.",yes,needs_review
appeal to majority,appeal to nature,51,"Just as diverse ecosystems are naturally more resilient and adaptable, a healthy human society benefits from a broad range of expressions and ideas. Allowing for the free flow of even unusual artistic perspectives fosters a natural cultural vitality and prevents intellectual stagnation. This organic exchange of thought is essential for a community to adapt and evolve in its environment.",yes,pass
appeal to majority,false dilemma,52,"In any nation, protecting fundamental freedoms boils down to a critical choice: either we rigorously defend the principle of free speech, even when it's uncomfortable, or we risk creating an environment where dissent is stifled and public discourse is chilled. There's no middle ground where you can selectively restrict speech without establishing a precedent that can eventually be used to silence legitimate voices. We must choose between liberty and control.",yes,pass
appeal to majority,appeal to tradition,53,"Across countless generations, the practices and understandings that have been passed down through communities have often been refined and validated by enduring experience. This accumulated wisdom, manifest in long-held customs and established methods, has consistently guided societies toward effective solutions and preserved beneficial ways of life, proving its practical value over time.",yes,needs_review
appeal to majority,appeal to tradition,54,"For centuries, the international community has recognized the importance of respecting each nation's sovereign right to determine its own domestic policies and cultural priorities. This enduring diplomatic tradition of non-interference has consistently fostered peaceful global relations and allowed diverse nations to pursue paths that best serve their unique historical and social contexts.",yes,needs_review
appeal to majority,appeal to tradition,55,"Historically, communities have developed robust, localized strategies for managing disease outbreaks that often emphasized individual responsibility alongside mutual aid. This long-standing tradition of community-led care, focused on isolating the sick while maintaining societal functions, has consistently shown effectiveness in mitigating health crises without broad societal disruption, fostering resilience.",yes,needs_review
appeal to majority,appeal to worse problems,56,"While the request for artifact repatriation is significant, the museum's limited conservation staff and specialized climate-controlled storage are currently dedicated to salvaging and preserving collections from regions impacted by conflict and natural disasters. Prioritizing these returns would delay critical work on items facing immediate destruction.",yes,pass
appeal to majority,appeal to tradition,57,"For millennia, cultures have meticulously preserved their ancestral artifacts within their communities, viewing them as vital links to their history and identity. This enduring tradition of safeguarding cultural heritage in its place of origin has consistently proven to maintain communal memory, transmit knowledge across generations, and foster a strong sense of national identity and pride, enriching society.",yes,needs_review
appeal to majority,appeal to nature,59,"Human societies naturally adapt their living structures to the local environment and available resources, leading to architectural styles that are organically interwoven with daily life. These forms often reflect a deeply evolved response to inherent human needs for shelter and community, becoming part of the natural rhythm of existence. People naturally make their homes within these existing structures, adapting themselves to an environment that has developed organically over time.",yes,pass
appeal to majority,slippery slope,60,"If migrant communities are consistently provided with only a bare minimum of media options from their home countries, it could inadvertently create a cultural bubble. This limited access might then prevent them from adequately engaging with local news and public discourse, gradually leading to social isolation and hindering their full integration into the broader society, which ultimately fragments national cohesion.",yes,needs_review
appeal to majority,appeal to worse problems,61,"While community art projects are wonderful, the city's public works budget and maintenance crews are currently overwhelmed with critical repairs to failing bridges and vital water infrastructure. Allocating funds to install and maintain new sculptures would divert essential resources from ensuring basic public safety and services.",yes,pass
appeal to majority,hasty generalization,62,"I saw a few comments online from people who visited the art exhibition, and they said it was incredibly moving and eye-opening. It seems like powerful art like this can really shift individual perspectives and make people think differently about issues like women's treatment in Mexico.",yes,pass
appeal to majority,slippery slope,63,"When a government consistently fails to act despite widespread public concern over violence against women, it risks normalizing such atrocities over time. This inaction could signal that the state is either unable or unwilling to protect its citizens, potentially eroding public trust in all institutions and eventually leading to a general breakdown of law and order where human rights are widely disregarded.",yes,pass
appeal to majority,false dilemma,64,"When it comes to societal well-being, we face a stark choice. Either we actively reinforce a framework of shared moral principles, or we risk a gradual decline into ethical ambiguity. There isn't a third way where a society can thrive without a foundational commitment to right and wrong.",yes,pass
appeal to majority,hasty generalization,65,"I spoke with a couple of people who consistently vote for the current government in Turkey, and they mostly focused on economic stability and national pride as their reasons. It really seems like people prioritize those issues at the ballot box, which helps explain the government's continued success.",yes,pass
appeal to majority,hasty generalization,66,"I heard from a few Iranians living abroad that stricter dress codes often lead to resentment and a feeling of oppression, especially among younger generations. It suggests that enforcing rigid rules like these tends to alienate a significant part of the population.",yes,pass
appeal to majority,appeal to tradition,67,"Throughout recorded history, each distinct society has cultivated its own deeply rooted customs and social values, shaped by its unique historical trajectory and shared experiences. This long-standing tradition of cultural self-determination has consistently enabled communities to develop coherent social fabrics and governance structures that resonate most effectively with their populations, promoting internal harmony.",yes,needs_review
appeal to majority,appeal to nature,68,"The natural potential for reason and agency is inherent in all human beings, male or female. For a society to function as a truly robust and adaptable organism, it needs the full, natural participation of all its members in decision-making. Denying women the right to vote goes against this fundamental human capacity, intrinsically hindering the collective intelligence and resilience of the community.",yes,needs_review
appeal to majority,slippery slope,69,"If we were to re-open a debate on whether women should be allowed to vote, it wouldn't just be a discussion about that single right. It could create a dangerous precedent, making it acceptable to question other fundamental, long-settled civil liberties, which might gradually lead to an erosion of established rights for various groups, thereby undermining decades of social progress.",yes,pass
appeal to majority,slippery slope,70,"If widespread annoyance with a movement like feminism becomes the sole basis for dismissing its underlying principles, it creates a path to ignoring legitimate social issues. This could lead to a stagnation in addressing real inequalities faced by many, potentially reinforcing systemic biases and ultimately hindering overall societal progress and fairness.",yes,needs_review
appeal to majority,appeal to authority,71,"According to cybersecurity law professor Dr. Kevin Chang, legal action against digital platforms like Tinder typically targets specific policies or algorithmic biases, rather than seeking a complete shutdown that harms all users. He notes that regulatory bodies and courts often aim to enforce compliance and improve user safety mechanisms, rather than dismantle a service entirely. Addressing specific harms is the goal.",yes,pass
appeal to majority,false dilemma,72,"Dating apps have a clear responsibility regarding user safety. They must either invest heavily in advanced screening, reporting mechanisms, and robust user support to prevent predatory behavior, or accept that their platforms will be perceived as unsafe. There's no effective middle ground where apps can merely pay lip service to safety without implementing tangible protections. Ultimately, they must choose between being a secure environment or losing the trust of their users.",yes,pass
appeal to majority,appeal to nature,73,"Throughout human history, groups have naturally coalesced to advocate for shared needs and values, forming an organic part of social evolution. Organized movements provide a natural outlet for collective energy and a concentrated means of expressing concerns. This focused action is often essential for a society to adapt and address systemic imbalances, much like a specific biological response is needed to counter a particular environmental stressor.",yes,pass
appeal to majority,appeal to tradition,74,"For centuries, workers have formed collective associations, from medieval guilds to modern labor unions, to advocate for fair wages and safer working conditions. This enduring tradition of collective bargaining has consistently improved workers' economic security and workplace standards, leading to more stable industries and a stronger middle class across generations.",yes,pass
appeal to majority,false dilemma,75,"When it comes to social movements like feminism, they face a key choice for continued impact. Either they evolve their focus and methods to address current societal realities, or they risk alienating potential supporters. There isn't a way to achieve broad change by simply sticking to outdated approaches.",yes,pass
appeal to majority,hasty generalization,76,"I talked to a couple of guys in the union, and they said they just vote for whoever they think is most experienced, regardless of gender. Their focus seemed purely on practical leadership, which might explain why a woman hasn't been elected spokesperson recently.",yes,pass
appeal to majority,false dilemma,77,"When discussing public sentiment, media outlets face a clear obligation: either they commit to rigorously surveying and presenting a truly representative spectrum of opinions, or they risk presenting a skewed narrative that misinforms the public. There’s no genuine middle ground where casual observations or selected voices can accurately reflect the diverse views within a society. Accurate reporting means choosing between comprehensive data or misleading conjecture.",yes,needs_review
appeal to majority,appeal to nature,78,"The natural inclination of a healthy human community is to protect its members, especially the vulnerable, and to seek cooperative solutions. Resorting to violence against citizens, particularly women, by those meant to safeguard the public, is an unnatural and counterproductive response. True societal resilience comes from naturally fostering support and innovative strategies, like helping businesses adapt online, which uphold intrinsic human dignity and strengthen social bonds.",yes,pass
appeal to majority,appeal to authority,79,"Dr. Sarah Chen, a military sociologist, emphasizes that integrating women into military roles significantly enhances an armed force's operational effectiveness and adaptability. She notes that diverse perspectives improve problem-solving and unit cohesion, drawing on global research that highlights the strengths women bring to varied military capacities. Modern militaries increasingly recognize the strategic advantage of full inclusion.",yes,pass
appeal to majority,appeal to authority,80,"General Michael Vance (Ret.), a defense policy expert, argues that the full integration of women into all military capacities strengthens national defense by expanding the talent pool and reflecting societal values. He points out that rigorous physical and performance standards, not gender, should be the sole determinants for any role. This approach ensures the most capable individuals serve wherever needed.",yes,pass
appeal to majority,appeal to nature,81,"Human beings, by their very nature, possess an intrinsic dignity and an innate capacity for self-determination. To deny basic rights or to inflict harm based on gender is to go against the natural equity and inherent worth of all individuals within our species. A truly robust and adaptable society fosters an environment where all its members, including vulnerable women, can naturally thrive without artificial barriers, ensuring collective well-being.",yes,pass
appeal to majority,appeal to nature,82,"Humans possess a natural capacity for empathy and a fundamental drive to protect vulnerable members of their community. When awareness spreads about the struggles faced by women, it organically awakens a collective sense of responsibility and a natural impetus for change. This societal understanding and adaptive response are crucial for maintaining the ethical health and long-term resilience of the entire human social fabric.",yes,needs_review
appeal to majority,slippery slope,83,"If we focus exclusively on telling women to take self-defense classes as the primary solution for their safety, it risks implicitly shifting the burden of protection onto them. This could then subtly reduce the emphasis on holding perpetrators accountable and implementing systemic changes to prevent violence, ultimately leading to a society where the expectation is that women must constantly be on guard rather than feeling inherently safe.",yes,needs_review
appeal to majority,false dilemma,84,"When confronting calls to ban certain words or expressions, a society faces a fundamental choice. Either it upholds robust free speech principles, accepting the discomfort that sometimes comes with it, or it begins a difficult descent into selective censorship. There's no stable point where you can ban only ""hateful"" words without creating a precedent that eventually threatens other forms of expression. We must choose between liberty of expression or a controlled narrative.",yes,pass
appeal to majority,slippery slope,85,"If leaders in certain developing nations continue to establish power through intimidation tactics rather than focusing on building robust institutions and democratic processes, it could steadily erode the rule of law. This weakening of governance might then pave the way for pervasive corruption and human rights abuses, ultimately destabilizing the entire region and hindering any meaningful long-term development or prosperity for its citizens.",yes,needs_review
appeal to majority,false dilemma,86,"When dealing with serious crimes, a nation's justice system faces a critical juncture. Either it rigorously adheres to due process and the rule of law, ensuring fair trials and accountability, or it risks sliding into extrajudicial violence and a complete breakdown of legal order. There's no effective shortcut where ""expedited"" justice can truly deliver fairness and uphold societal values without undermining the very foundations of the legal system. The choice is between lawful process or lawlessness.",yes,pass
appeal to majority,hasty generalization,88,"I saw a big rally downtown last week, and the speakers were really passionate about demanding justice for victims and holding powerful people accountable. The energy there suggested a strong public desire for the government to finally address these issues seriously.",yes,pass
appeal to majority,false dilemma,89,"Societies grappling with cultural practices often face a profound dilemma. Either they strive to align local customs with universally recognized human rights principles, or they risk inadvertently perpetuating harm against vulnerable individuals or minority groups within their population. There's no truly neutral position where a practice can violate fundamental dignities yet still be considered acceptable solely due to cultural preference. The path is either toward inclusive protection or exclusionary harm.",yes,needs_review
appeal to majority,slippery slope,90,"While a women-only fitness class might seem innocuous on its own, allowing the widespread creation of single-sex public spaces without a clear, compelling reason could set a precedent. This initial step might then gradually normalize other forms of segregation, leading to a fragmented society where divisions become more pronounced, potentially undermining efforts towards broader inclusivity and shared community spaces.",yes,pass
appeal to majority,slippery slope,92,"If we abandon the established court system for deciding controversial cases and instead allow public sentiment to dictate verdicts, it would bypass critical legal safeguards like due process. This move could then swiftly lead to mob rule, where accusations alone are sufficient for conviction, ultimately causing widespread miscarriages of justice and completely dismantling the foundational principles of a fair and impartial legal system.",yes,pass
appeal to majority,appeal to worse problems,93,"Kazakhstan's long-term governmental reform is important, but right now, international aid agencies and diplomatic efforts are largely focused on stabilizing the region's food supply chain to prevent a looming humanitarian crisis. Diverting attention and resources to internal political structures would undermine these critical efforts.",yes,pass
appeal to majority,appeal to authority,94,"Dr. Lena Dubois, a post-colonial studies scholar, asserts that a nation's honest engagement with its historical past, particularly concerning colonial legacies, is fundamental for genuine decolonization. She explains that this process involves critical self-reflection and often requires re-evaluating national narratives to achieve reconciliation and a more equitable future. Open debate is essential for societal healing.",yes,needs_review
appeal to majority,appeal to worse problems,95,"While reflecting on historical ideologies is valuable, the government's current political capital and national media attention are entirely consumed by navigating a delicate regional security situation. Initiating a broad public debate on the Soviet past right now would divert crucial focus from immediate threats to national stability.",yes,pass
appeal to majority,appeal to authority,96,"According to Dr. Ben Carter, a public policy analyst, complex societal problems that persist for decades often require specialized governmental agencies with extensive resources and long-term strategic planning capabilities. He emphasizes that while citizen involvement is valuable, effective solutions typically demand the coordinated efforts of experts in policy implementation and resource management. This structured approach is crucial for sustainable progress.",yes,pass
appeal to majority,appeal to worse problems,97,"While journalist protection is vital, our limited judicial protection program and legal aid for the press are currently overwhelmed supporting whistleblowers exposing severe organized crime networks. Broadening the scope to all journalists now would dilute essential safeguards for those facing the most extreme threats.",yes,pass
appeal to majority,appeal to worse problems,98,"While public sentiment on immigration is important, our border control and processing centers are currently operating at maximum capacity managing a significant influx of refugees fleeing active conflict zones. Prioritizing restrictions based on nationality would divert critical resources from providing immediate humanitarian aid to those most in need.",yes,pass
appeal to majority,appeal to authority,99,"Dr. Elena Petrova, an international humanitarian law expert, explains that the deliberate obstruction of humanitarian aid to civilians in besieged areas like Mariupol constitutes a grave violation of international law. She stresses that all parties to a conflict have an obligation to facilitate safe and unimpeded passage for humanitarian assistance, and failure to do so can exacerbate an already dire crisis. Humanitarian corridors are essential for saving lives.",yes,pass
appeal to majority,false dilemma,100,"When individuals flee political repression seeking safety, democratic nations face a clear moral choice. Either we extend comprehensive support and asylum to those genuinely at risk, or we implicitly abandon the human rights principles we claim to uphold. There is no ethically defensible middle ground where we can ignore such plight without compromising our own values. The choice is between compassion and complicity.",yes,pass
appeal to nature,appeal to authority,1,"A media sociologist has identified that algorithms on many social media platforms are designed to amplify emotionally charged content, often contributing to societal polarization. This expert suggests that such algorithmic amplification can exacerbate public unrest and make tragic events more likely by fostering division rather than thoughtful discourse. They argue that understanding these digital mechanisms is key to addressing modern social chaos.",yes,pass
appeal to nature,slippery slope,2,"If authorities continue to dismiss the young protestors' legitimate grievances, it will foster an even deeper sense of alienation and hopelessness among them. This increasing despair could then push more individuals towards radical groups, who often promise more extreme solutions to dire situations. Ultimately, unchecked frustration and radicalization could lead to widespread, uncontrollable unrest that destabilizes the entire nation far beyond its current challenges.",yes,pass
appeal to nature,appeal to authority,3,"According to a leading human rights advocate focused on authoritarian regimes, the manipulation of death tolls and other vital statistics is a common tactic used by oppressive governments to control narratives. This expert's extensive documentation in regions like Central America shows that such deceit often fuels public resentment, leading to increased calls for widespread protests. They advise that sustained, organized citizen action is frequently the most effective way to challenge such state-sponsored misrepresentation.",yes,needs_review
appeal to nature,appeal to tradition,4,"Across Europe, many towns and villages have long-standing traditions of local charitable organizations providing direct aid and support to newcomers. This history of community-led welcome, which adapts to specific local needs, has consistently been shown to build strong social cohesion and help integrate diverse populations effectively over generations.",yes,pass
appeal to nature,appeal to tradition,5,"Looking back, even within Cuba's own revolutionary history, periods of extensive public debate and popular assemblies were key to galvanizing support for major initiatives. These moments of broad citizen consultation consistently showed how engaging the populace directly led to stronger collective ownership and more resilient social outcomes. It’s a proven way to build consensus.",yes,needs_review
appeal to nature,appeal to majority,7,"Given the strong international consensus around protecting vulnerable populations, actions that appear to harm weaker individuals consistently draw widespread disapproval. Most global bodies and public opinion surveys reflect a prevailing view that such moves are highly problematic. This broad rejection by the international community indicates significant concerns.",yes,needs_review
appeal to nature,appeal to authority,8,"A prominent social psychologist has explained that tribalism and nationalism are largely learned behaviors, reinforced by cultural narratives and group identity, rather than being inherent human traits. This expert's research indicates that these movements persist because they exploit specific psychological vulnerabilities and offer a sense of belonging, often exacerbated by perceived external threats or economic insecurity. They conclude that understanding these social dynamics is crucial for mitigating such divisions.",yes,needs_review
appeal to nature,appeal to majority,9,"The overwhelming majority of voters expect politicians to adhere to ethical standards and fair practices during elections. Our democratic institutions are fundamentally built on the public's trust that electoral processes are legitimate. When politicians are perceived to cheat, it undermines the collective belief in the system, which most citizens value greatly. This widespread expectation for integrity is crucial for maintaining public confidence.",yes,needs_review
appeal to nature,appeal to worse problems,11,"While seeking information about historical government killings is important, our current investigative resources and public safety budgets are stretched thin addressing ongoing disappearances and gang violence. We need to prioritize funding these immediate crises, as they involve active threats to life, before dedicating significant new resources to cold cases from decades past. It's a tough choice, but current lives are at stake.",yes,pass
appeal to nature,appeal to worse problems,12,"While it's vital to ensure the LGBTQ+ community is accurately represented in the Brazilian census, our immediate efforts and limited advocacy funds should focus on securing basic safety and healthcare for transgender individuals facing direct violence and homelessness. Census inclusion is important for long-term policy, but right now, people's lives are at imminent risk due to a lack of fundamental protections and services. We have to address the most urgent threats first with the resources we have.",yes,pass
appeal to nature,slippery slope,13,"If society increasingly centralizes all its entertainment on a few digital platforms, we inadvertently grant immense power to the entities controlling those systems. This concentration of control makes it exponentially easier for any authority to censor information or manipulate public opinion by simply altering what content is available. Eventually, such a system could lead to a highly curated and homogenized culture, where diverse perspectives and challenging ideas are systematically suppressed.",yes,pass
appeal to nature,appeal to authority,14,"A leading cultural anthropologist consistently emphasizes that a person's native language is fundamental to their cognitive development and overall sense of identity. This expert's extensive fieldwork demonstrates that when a community's language and cultural expressions are suppressed, it often leads to significant psychological distress and social fragmentation. They advocate for the recognition and protection of linguistic rights as essential for both individual well-being and societal stability.",yes,pass
appeal to nature,appeal to tradition,15,"Across various historical political systems, the tradition of leaders serving long tenures, often for life or until they choose to step down, has been a common feature. Such deep-seated authority, while occasionally contested, has frequently been credited with establishing consistent national direction and avoiding the kind of societal instability and policy shifts that plague systems with frequent leadership changes. It builds a sense of continuity.",yes,needs_review
appeal to nature,appeal to worse problems,16,"It's understandable that people feel overwhelmed by global issues. Instead of feeling guilty about not being able to solve everything worldwide, it makes more sense to channel our limited time and mental energy into addressing pressing problems right in our own communities. For example, local schools desperately need volunteers and funding, and that's where our immediate effort can have the most direct impact, compared to distant, complex global crises that require much larger-scale intervention.",yes,pass
appeal to nature,slippery slope,17,"If governments routinely suppress public calls for accountability and integrity, they erode the essential trust citizens place in their leadership and institutions. This breakdown in trust inevitably fosters widespread cynicism, leading people to believe official channels are ineffective or corrupt. When enough people feel disenfranchised and ignored, the risk of unpredictable and potentially violent societal breakdown significantly increases.",yes,pass
appeal to nature,appeal to majority,18,"In most democratic societies, there's a strong and widely held consensus that free and open dialogue is essential for healthy communities. Public opinion consistently supports the right to express diverse viewpoints, understanding that such discourse is fundamental to civic engagement and problem-solving. Policies that enable rather than restrict this collective expectation tend to garner broader support.",yes,pass
appeal to nature,slippery slope,19,"When we allow healthy individuals to disregard public health measures like masks, it signals that personal comfort takes precedence over collective well-being. This creates a dangerous precedent, making it harder to enforce necessary precautions when truly vulnerable populations are at risk. Eventually, such a relaxed attitude could lead to a generalized decline in public health compliance, making future disease outbreaks far more devastating for everyone.",yes,needs_review
appeal to nature,appeal to tradition,20,"Historically, many societies have developed strong traditions of citizens actively participating in oversight and maintaining checks on leadership through established forums and legal avenues. This long-standing practice of civic vigilance, involving public debate and petitioning, has consistently proven effective in mitigating political abuses and fostering more equitable governance, leading to greater trust between the people and their rulers.",yes,needs_review
appeal to nature,appeal to tradition,21,"Many successful societies, stretching back through history, have upheld a tradition of public discourse and open access to information regarding governmental affairs. This long-standing commitment to transparency and allowing diverse viewpoints to be expressed has consistently been shown to build greater public trust, foster more informed decision-making, and ultimately lead to more stable and prosperous communities over time.",yes,needs_review
appeal to nature,appeal to authority,22,"According to a distinguished constitutional law scholar, regulating free speech on social media platforms involves complex legal considerations that balance individual expression with public safety concerns. This expert clarifies that while governments have a legitimate interest in preventing illegal activities online, any restrictions must be narrowly tailored and clearly defined to avoid infringing on fundamental rights. They advise that international human rights standards provide a framework for navigating these challenges without resorting to broad, stifling bans.",yes,pass
appeal to nature,false dilemma,23,"To be truly self-determining, a country must either fully reject foreign influence or remain forever beholden to external agendas. There's no middle ground where it can genuinely make decisions for its own citizens while still being dictated to by others. For nations to thrive, they must choose complete autonomy over any form of subservience.",yes,pass
appeal to nature,appeal to worse problems,25,"While debates over the appropriateness of a COVID-shaped emblem spark strong feelings, our limited public health messaging bandwidth is better spent promoting booster shots and educating people on the risks of new variants. Focusing too much media attention on a potentially offensive emblem diverts resources and public focus from critical efforts to prevent further spread and support those still suffering from long COVID. We need to prioritize active prevention over symbolic disputes right now.",yes,pass
appeal to nature,appeal to authority,26,"A leading political analyst specializing in Eastern European affairs states that Bulgaria's systemic corruption is deeply entrenched, operating beyond the actions of any single individual leader. This expert's research indicates that such ingrained issues necessitate comprehensive institutional reforms and robust anti-corruption measures, rather than merely changing personnel. They suggest that sustainable change requires persistent civil society engagement combined with strong governmental commitment to transparency.",yes,needs_review
appeal to nature,slippery slope,27,"If a society tolerates a corrupt judge operating with impunity, it sends a clear message that the rule of law is negotiable for those in power. This erosion of judicial integrity will then cause citizens to lose faith in the entire legal system, making them less likely to seek justice through proper channels. Ultimately, a justice system perceived as corrupt will lead to widespread lawlessness, as people lose respect for authority and resort to personal retribution.",yes,pass
appeal to nature,appeal to worse problems,29,"While citizens have every right to speak out against fund mismanagement in African nations, the international community's finite aid resources and diplomatic capital should first be directed to addressing acute humanitarian crises like famine and violent conflicts. These immediate threats to life are consuming most of the available international attention and aid, leaving fewer resources to tackle the complex, systemic issues of corruption, which, while crucial, often require long-term internal reforms rather than immediate external intervention.",yes,needs_review
appeal to nature,appeal to worse problems,33,"While some advocate for letting societal issues resolve organically, we currently face pressing challenges that demand immediate, intentional action. We can't simply wait for ""natural progression"" when preventable public health crises are escalating, or when marginalized groups are actively experiencing systemic discrimination. Direct legislative and public investment is necessary to mitigate these immediate harms, rather than passively hoping for spontaneous improvement over an indefinite timeline.",yes,pass
appeal to nature,appeal to authority,34,"An internationally recognized trade economist frequently highlights that making strategic concessions is an inherent and often necessary aspect of navigating complex global trade relationships, particularly with major economies like China. This expert explains that such negotiations are driven by intricate geopolitical and economic factors, where countries strategically balance market access against various national interests. They've often noted that these interactions are a product of deliberate policy and strategic planning, not a simple 'natural order' of business.",yes,pass
appeal to nature,false dilemma,35,"When journalists are restricted from asking questions, a society faces a stark choice: either people rely solely on official statements, or they operate on pure speculation and rumor. There's no way to achieve a well-informed public if reporters aren't allowed to dig for facts. So, we must permit journalists to question freely, or risk a populace completely adrift in uncertainty.",yes,pass
appeal to nature,appeal to tradition,36,"For countless generations, human societies have maintained a tradition of crafting garments and cultural artifacts from natural fibers and materials harvested from their local environments. This age-old practice has consistently proven itself sustainable, producing durable and beautiful items that biodegrade responsibly, all while preserving valuable artisanal skills and a profound connection to regional heritage.",yes,needs_review
appeal to nature,appeal to authority,37,"A prominent social psychologist has clarified that while humans possess a capacity for group affiliation, the attitudes of treating other groups differently are primarily shaped by learned social behaviors and cultural conditioning. This expert explains that factors like media representation, historical narratives, and political rhetoric play a far more significant role than innate biology in fostering prejudice and discrimination. They argue that these attitudes are adaptable and can be changed through education and structured intergroup dialogue.",yes,pass
appeal to nature,appeal to worse problems,38,"While minor translation nuances are a common occurrence between languages, we have more urgent linguistic issues to address. Our limited pool of professional interpreters and foreign language education funding should prioritize improving critical translations in international diplomacy and emergency healthcare, where miscommunications can have dire consequences. Focusing on slight cultural differences in everyday phrases pales in comparison to ensuring accurate communication in high-stakes environments.",yes,needs_review
appeal to nature,appeal to majority,39,"Across various cultures and nations, there's a strong societal consensus on the importance of remembering significant historical events and figures. This collective agreement is why communities universally establish memorials and commemorations, reflecting a shared value in honoring the past. Most people participate in these traditions, acknowledging their role in shaping collective identity.",yes,pass
appeal to nature,appeal to majority,41,"In any society, including Japan, the effectiveness and public acceptance of various forms of resistance are often shaped by prevailing collective norms and public opinion. When citizens choose to express dissent, their methods are typically evaluated against what the majority considers appropriate or constructive. Widespread support or opposition from the public can significantly influence the impact of such actions.",yes,needs_review
appeal to nature,appeal to tradition,42,"Many successful societies across the globe have long held a tradition of fostering open public discourse and protecting citizens' rights to express diverse opinions. This sustained practice of free expression has repeatedly demonstrated its value in promoting innovation, enabling peaceful social change, and allowing communities to adapt effectively to evolving challenges, leading to more resilient and stable nations over centuries.",yes,needs_review
appeal to nature,false dilemma,43,"A country facing its difficult history must either openly confront its past or allow unspoken grievances to fester indefinitely. You can't expect to genuinely move forward if you continuously avoid acknowledging what happened. So, nations must choose between transparent examination or a future burdened by unresolved historical tensions.",yes,pass
appeal to nature,hasty generalization,44,"Reviewing major social movements and advocacy campaigns throughout history, it's consistently found that groups who persist despite initial setbacks often achieve their long-term goals. Numerous studies on successful activism highlight how sustained effort, even in the face of strong opposition, gradually shifts public opinion and political will. This pattern indicates that tenacity frequently plays a crucial role in bringing about significant change.",yes,needs_review
appeal to nature,false dilemma,45,"When faced with societal problems, citizens really only have two choices: either they speak out and actively push for change, or they passively accept things as they are. There isn't some invisible force that will alter the status quo without human effort. Therefore, if you genuinely want to see transformation, taking part in movements like protests is the clear path.",yes,pass
appeal to nature,appeal to worse problems,46,"While lockdowns and restrictions are undoubtedly difficult for people to endure, the alternative presents a far worse problem for our society. If we don't enforce these public health measures, our hospitals will be completely overwhelmed, leading to a catastrophic increase in preventable deaths and the collapse of essential medical services. We must prioritize preventing that immediate, severe healthcare crisis with our current resources, even if it means temporary hardships for individuals.",yes,pass
appeal to nature,hasty generalization,47,"Surveys of families who possess significant historical or cultural heirlooms consistently reveal a strong emotional attachment and desire to keep these items within the family. Cultural anthropologists studying patterns of inheritance and gifting have noted that truly cherished and unique artifacts are rarely willingly donated to institutions unless under very specific, often forced, circumstances. This suggests that the default inclination is to preserve such items within the family lineage.",yes,needs_review
appeal to nature,false dilemma,48,"For communities to control pest populations effectively, they must either protect non-dangerous snakes that prey on them, or prepare for a significant increase in rodents and insects. There's no easy, harmless alternative that replaces the ecological service these snakes provide. So, we either value these helpful reptiles or grapple with an out-of-control pest problem.",yes,pass
appeal to nature,appeal to authority,49,"A leading cognitive psychologist's research shows that human decision-making is profoundly influenced by emotional narratives and compelling 'feel-good' stories, often more so than by purely rational data. This expert explains that people are wired to connect with personal anecdotes, which can powerfully shift opinions and preferences across various contexts. They note that understanding this psychological tendency is key to analyzing how public opinion is swayed in areas ranging from marketing to political campaigns.",yes,pass
appeal to nature,slippery slope,50,"If the Czech government restricts films based on perceived social impact or cultural fears, it establishes a dangerous precedent for artistic censorship. This initial step could easily lead to authorities dictating what narratives are acceptable across all media, stifling creative exploration and critical thought. Ultimately, such a system would produce a homogenous culture that fears challenging ideas, hindering national growth and intellectual diversity.",yes,pass
appeal to nature,false dilemma,52,"When we consider supporting artists, we really have to choose: either we provide them with fair compensation for their creative work, or we effectively signal that their profession holds no actual economic worth. There's no sustainable middle ground where artists can thrive if their labor isn't valued. Therefore, if we want to encourage art, paying artists is essential.",yes,pass
appeal to nature,appeal to tradition,53,"Across various civilizations, a strong tradition has emerged where communities actively work to ensure the fundamental safety and freedom of all individuals, irrespective of their social standing or gender. Societies that have historically upheld these universal protections, by condemning violence and promoting mutual respect, have consistently built more stable, prosperous, and cohesive social structures for everyone.",yes,needs_review
appeal to nature,appeal to tradition,54,"Historically, many thriving societies have recognized the value of incorporating diverse perspectives into leadership roles, including prominent positions for women, rather than concentrating authority in one gender. This long-standing tradition of inclusive governance has consistently proven to lead to more equitable community development, fostering greater social stability and effectively addressing a broader range of societal challenges for all citizens.",yes,needs_review
appeal to nature,appeal to tradition,55,"Throughout history, numerous legal systems and community structures have upheld a strong tradition of imposing severe penalties for acts of sexual violence and providing robust support for victims. Societies that have consistently enforced these clear deterrents and offered avenues for justice have demonstrably experienced lower rates of such crimes, thereby cultivating safer and more respectful environments for all their citizens.",yes,needs_review
appeal to nature,appeal to worse problems,56,"While ensuring women have full rights to self-expression and political participation is crucial, our most pressing concern for women's equality should be addressing the regions where girls are denied basic education and women face extreme violence and forced marriages. International advocacy and funding for women's rights are finite, and we must direct these resources first to prevent immediate, life-threatening abuses before focusing solely on broader issues of representation and self-expression in more developed contexts.",yes,needs_review
appeal to nature,appeal to tradition,57,"Throughout history, many societies, including those in the Middle East, have maintained a tradition of distinct, complementary roles for men and women within family and community structures. When these established social arrangements have been effectively upheld, they have consistently been credited with fostering strong familial bonds, ensuring societal stability, and preserving unique cultural identities across generations, contributing to a clear sense of social order.",yes,needs_review
appeal to nature,hasty generalization,58,"Across numerous countries and international organizations, studies have consistently shown that including women in high-level political talks leads to more robust and inclusive policy outcomes. When women are part of national decision-making bodies, research often indicates a greater focus on social welfare, education, and long-term stability. This trend strongly suggests that their participation is critical for a well-rounded and effective national strategy.",yes,needs_review
appeal to nature,appeal to majority,59,"Increasingly, there is a global consensus among international organizations and a significant majority of democratic nations that diverse representation, including women in leadership, strengthens governance. Many countries have adopted policies to promote women's political participation, finding that inclusive decision-making processes contribute positively to societal stability and development. This broad endorsement reflects an evolving understanding of effective leadership.",yes,needs_review
appeal to nature,slippery slope,60,"When a society permits the systematic mistreatment of women to persist, it gradually normalizes an environment where disrespect and vulnerability are accepted. This normalization can then embolden perpetrators and discourage victims from seeking justice, further entrenching abusive cycles. Over time, such a pervasive disregard for women's well-being inevitably weakens the entire social fabric, hindering collective progress and fostering an atmosphere of fear for everyone.",yes,pass
appeal to nature,appeal to worse problems,61,"While the high murder rate in Mexico is a grave concern for the population, the government's limited security forces and investigative units are currently overwhelmed by the escalating crisis of widespread kidnappings, disappearances, and rampant extortion. These issues directly fuel the murder rate and erode public trust, demanding an immediate, concentrated allocation of resources to dismantle the criminal networks behind them, even before a full-scale assault on every murder case. We must tackle the root causes that empower these violent groups.",yes,pass
appeal to nature,slippery slope,63,"If a country fails to implement robust educational programs that explicitly challenge harmful masculine norms, the cycle of violence against women will perpetuate unchallenged. This lack of intervention allows harmful behaviors to become tacitly accepted, gradually eroding trust and safety within communities. Eventually, such societal neglect can lead to a pervasive culture of fear and inequality, making it impossible for women to participate fully in public life.",yes,needs_review
appeal to nature,false dilemma,64,"When discussing incidents of violence, we have a clear choice: either we unequivocally support the victim and condemn the perpetrator's actions, or we create a culture where those who are harmed are further marginalized. There's no path to justice or safety if we allow victim-blaming to take root. So, we must always stand with victims and hold aggressors accountable.",yes,pass
appeal to nature,hasty generalization,66,"Demographic studies examining countries that implemented strict population control measures, such as post-war Europe or specific Asian nations, frequently show a lasting impact on birth rates long after the policies are relaxed. Experts observing these trends have noted that once a societal norm of smaller families becomes entrenched over decades, it often continues due to cultural shifts and economic factors. This suggests that reversing entrenched demographic trends created by government intervention is extremely challenging.",yes,needs_review
appeal to nature,appeal to tradition,67,"Across a multitude of historical cultures and spiritual traditions, a deeply ingrained practice has been the safeguarding of vulnerable populations, particularly women, from violence and harm. Societies that have consistently upheld these ethical duties and condemned religiously-motivated aggression have historically cultivated more peaceful, cohesive communities, earning long-term trust and fostering a profound sense of shared humanity.",yes,needs_review
appeal to nature,appeal to majority,68,"A growing consensus across many societies emphasizes individual freedom and equality of opportunity as core values. Most people now agree that individuals should be able to pursue their passions and talents without arbitrary gender-based restrictions. This widespread belief informs policies aimed at dismantling such barriers, reflecting a collective commitment to inclusivity.",yes,needs_review
appeal to nature,slippery slope,69,"When a society consistently marginalizes women and dismisses their sustained calls for equal rights, it inevitably fosters deep-seated resentment and disengagement among them. This ongoing disenfranchisement can then lead to a significant loss of talent and perspective, as capable individuals are prevented from contributing fully. Eventually, a society that undervalues half its population will find itself economically disadvantaged and socially fractured, unable to adapt to modern challenges.",yes,needs_review
appeal to nature,appeal to authority,71,"According to a leading public health expert in women's health, the discomfort and societal shame often associated with menstruation are largely cultural constructs, not biological necessities. This expert emphasizes that promoting open dialogue and comprehensive education about periods is crucial for destigmatizing this natural bodily function globally. They advocate for greater transparency and accurate information to empower girls and women to feel comfortable and confident about their bodies, free from imposed shame.",yes,pass
appeal to nature,false dilemma,72,"Regarding menstruation, we face a straightforward choice: either we openly acknowledge and discuss it as a normal bodily function, or we allow outdated stigmas and embarrassment to persist. There's no way to eliminate shame around it without direct, honest conversation. Therefore, to ensure everyone feels comfortable, we must normalize the topic through open dialogue.",yes,pass
appeal to nature,appeal to majority,73,"The international community and a vast majority of societies globally strongly condemn violence against women, particularly against those working to protect others. There's a widely accepted consensus in human rights law and public opinion that such actions are unacceptable and demand a unified response. This widespread rejection underscores the collective commitment to safety and respect for all.",yes,needs_review
appeal to nature,appeal to tradition,74,"Throughout history, when communities have faced profound social challenges, they have consistently found strength in a tradition of broad collaboration and collective responsibility, rather than resorting to discriminatory blame. Societies that have historically fostered alliances among all their members, empowering various groups to work together, have demonstrably achieved more sustainable progress and deeper societal healing.",yes,needs_review
appeal to nature,false dilemma,75,"When we consider women's historic contributions and struggles, especially within movements like trade unions, we face a clear choice: either we actively acknowledge and celebrate their past efforts, or their significant achievements risk being overlooked and forgotten by future generations. You can't expect their legacy to endure without intentional recognition. Therefore, commemorating these 'toils' is absolutely essential.",yes,pass
appeal to nature,false dilemma,77,"For women to truly feel safe and in control of their lives, they essentially have two options: either they learn effective self-defense techniques, or they remain perpetually vulnerable to potential threats. There's no other reliable way to guarantee personal security in uncertain situations. Therefore, acquiring these skills is a vital step toward empowerment and peace of mind.",yes,pass
appeal to nature,appeal to majority,78,"In nearly every modern legal system and across a broad global consensus, the principle of consent is a non-negotiable foundation for any interaction. Democratic societies overwhelmingly agree that individual autonomy must be respected, and clear consent is required in all relationships. This widespread legal and ethical understanding guides societal expectations and protects individuals from violation.",yes,needs_review
appeal to nature,appeal to authority,79,"A prominent gender studies scholar has often highlighted that historical and societal factors, rather than any inherent biological predispositions, have predominantly shaped traditional gender roles in leadership. This expert's extensive research indicates that the increasing presence of women in business and public affairs reflects evolving social structures and a growing recognition of diverse leadership qualities. They emphasize that such shifts are a positive development, challenging outdated norms and fostering more equitable and effective institutions.",yes,pass
appeal to nature,appeal to authority,80,"According to a leading organizational diversity consultant, integrating more women into traditionally male-dominated industries consistently leads to increased innovation and improved decision-making. This expert's studies show that diverse teams bring fresh perspectives and a wider range of problem-solving approaches, which often translates to better business outcomes and stronger financial performance. They frequently advise companies that actively seeking to integrate more women is a strategic advantage for growth and adaptability.",yes,pass
appeal to nature,appeal to majority,81,"There is a broad international consensus among human rights organizations and governments worldwide that safety and security are fundamental rights for all individuals. Globally, there is a strong collective demand for effective policies to combat violence against women, particularly in regions where it is prevalent. Most nations recognize that ensuring citizens can live without fear is a primary responsibility of the state.",yes,needs_review
appeal to nature,appeal to majority,82,"There's a clear and widespread societal consensus, increasingly reflected in legal frameworks, that nonconsensual sharing of personal content is a severe violation, regardless of the technology involved. Most people agree that privacy and consent are paramount, whether interactions occur online or in person. The responsibility lies with upholding these collective ethical standards, not with the tools of communication themselves.",yes,needs_review
appeal to nature,slippery slope,83,"If we don't promptly enact new laws to address digital violence against women, these emerging forms of harm will go unpunished, sending a message of impunity to offenders. This legal void can then encourage an escalation in the severity and prevalence of online abuse, creating an increasingly hostile digital environment. Ultimately, without robust legal protections, the internet could become an unsafe space, deterring women from engaging fully in digital society.",yes,pass
appeal to nature,false dilemma,84,"When a society aims for progress, it faces a fundamental choice: either it actively dismantles gender barriers and ensures equal opportunities for all, or it resigns itself to limiting its collective potential. There's no way to achieve true societal advancement if a significant portion of the population isn't fully empowered. Therefore, pursuing genuine gender equality is the only viable route to a stronger, more capable nation.",yes,pass
appeal to nature,slippery slope,85,"When communities choose to repress expressive art forms like belly dancing, they inadvertently signal that certain cultural practices are deemed unacceptable or inappropriate. This suppression can then lead to a chilling effect on other artistic endeavors, discouraging creativity and innovation across the board. Ultimately, a society that actively discourages diverse forms of self-expression risks becoming culturally stagnant, losing its vibrancy and ability to adapt.",yes,pass
appeal to nature,false dilemma,86,"When new words or grammatical structures are introduced, we essentially have two ways for them to take hold: either they gain acceptance organically through widespread community use, or they are forced upon speakers by external bodies. Attempts to dictate language politically inevitably create widespread confusion or outright rejection. So, if we want clear communication, genuine linguistic adoption is the only path.",yes,pass
appeal to nature,false dilemma,89,"When people hold differing political views, a society must make a choice: either it allows for open expression of disagreement, or it attempts to silence dissent through force. You can't expect a population to be genuinely content if they're not allowed to voice their opinions freely. Therefore, the freedom to disagree is essential for a stable and honest public discourse.",yes,pass
appeal to nature,slippery slope,90,"If colonial powers persist in denying self-determination, they inevitably fuel growing resentment and organized resistance movements among the subjugated population. This suppression of autonomy then often leads to an escalation of conflict, drawing in more resources and causing wider destabilization. Ultimately, maintaining control through force against a people determined to be free only guarantees prolonged periods of strife and profound human suffering.",yes,pass
appeal to nature,appeal to tradition,91,"Across various historical epochs, numerous societies facing profound historical grievances and cultural divides have found success in a tradition of meticulous historical examination and deep cultural dialogue before seeking resolution. This long-standing practice of genuinely understanding complex pasts, rather than pursuing simplistic or quick fixes, has consistently yielded more robust, equitable, and lasting forms of peace and reconciliation that honor collective memory.",yes,needs_review
appeal to nature,slippery slope,92,"If Russia's pattern of aggressive military action continues without significant international pushback, it will set a dangerous precedent for violating national sovereignty elsewhere. This unchecked aggression could then embolden other revisionist powers, leading to a cascade of territorial disputes and regional conflicts around the globe. Ultimately, a failure to contain such behavior risks unraveling the established international order, potentially plunging multiple regions into widespread, devastating warfare.",yes,needs_review
appeal to nature,appeal to worse problems,93,"While Russia's ban on Telegram is concerning for digital freedom, the international community's limited attention and diplomatic leverage should primarily focus on the more severe human rights abuses in the country. We should prioritize addressing the state's systematic jailing of political dissidents and widespread censorship of independent news outlets, which have a far greater impact on citizens' fundamental freedoms and access to information, over a specific messaging app ban. These broader issues represent a more fundamental assault on open society.",yes,pass
appeal to nature,appeal to authority,94,"An international law professor has clarified that while states possess a right to self-defense, this right is strictly defined by international legal frameworks and does not justify arbitrary arrests or human rights abuses. This expert explains that governments, including Russia's, are bound by international treaties and domestic laws regarding due process, even when responding to perceived threats. They emphasize that any state actions taken must adhere to legal principles, distinguishing legitimate defense from authoritarian overreach.",yes,pass
appeal to nature,appeal to worse problems,95,"While it's true that many men feel societal pressure to be primary breadwinners and take on difficult work, our current focus should be on strengthening social safety nets and addressing systemic unemployment that devastates families. We need to allocate public funds and policy attention to creating stable job opportunities and support systems for *all* families, regardless of who is working or what gender they are, because widespread economic hardship is a far more pressing issue than debating traditional gender roles.",yes,pass
appeal to nature,appeal to authority,96,A leading political scientist specializing in democratic governance consistently argues that public critiques and peaceful protests are vital components of a healthy and responsive society. This expert's research demonstrates that allowing citizens to voice dissent holds power accountable and can drive necessary social and political reforms. They emphasize that such avenues for expression are crucial for preventing governmental stagnation and ensuring that policies remain aligned with the populace's evolving needs.,yes,pass
appeal to nature,appeal to worse problems,97,"While it's important to recognize music as a vital form of expression and identity, our limited human rights advocacy resources should be directed toward countries where artists are actively being censored, jailed, or even killed for their work. Defending the most extreme cases of artistic suppression is a more urgent priority than simply celebrating freedom of musical expression in places where it's already widely accepted and practiced. We must focus on those whose voices are being forcibly silenced.",yes,pass
appeal to nature,appeal to authority,99,"A renowned music therapist often highlights how music serves as a powerful tool for fostering social cohesion and emotional well-being across diverse cultures and individuals. This expert explains that specific musical elements can evoke strong empathetic responses and create shared emotional experiences, which are crucial for bringing people together. They frequently observe how guided musical engagement can significantly reduce stress and build community, affirming its profound impact on human connection.",yes,pass
appeal to nature,false dilemma,100,"For the LGBTQ community to be truly integrated into society, we have a clear choice: either we actively provide them with platforms to share their experiences and perspectives, or we continue to marginalize their voices. There's no way to claim inclusivity while simultaneously denying them a space in public discourse. Therefore, giving them a chance to be heard on important platforms is essential.",yes,pass
appeal to tradition,appeal to authority,1,A political science professor could explain that robust legal frameworks and independent oversight bodies are essential for ensuring government accountability and combating corruption effectively. Stronger enforcement mechanisms are consistently shown to deter misdeeds.,yes,pass
appeal to tradition,slippery slope,2,"If we consistently allow leaders to shirk accountability without real consequences, it gradually normalizes a culture of impunity within the system. This erosion of ethical standards could then lead to widespread corruption, which would ultimately alienate the public and make effective governance impossible, eventually undermining the entire institutional framework.",yes,pass
appeal to tradition,appeal to authority,3,"According to a public administration expert, transparency is a fundamental pillar of democratic governance, regardless of a municipality's size. Open access to government information builds public trust and fosters civic engagement.",yes,pass
appeal to tradition,appeal to nature,4,"Rapid, dramatic shifts in societal structures can be profoundly unsettling for people. Humans are naturally creatures of habit and often require time to psychologically adapt to new environments or rules. When change is too sudden, it can trigger widespread anxiety and resistance, much like an organism struggling to adjust to a drastically altered habitat, potentially leading to social breakdown rather than progress.",yes,pass
appeal to tradition,appeal to nature,5,"When introducing new rules or programs, a gradual approach often aligns better with how humans naturally process and integrate information. Our brains are wired for incremental learning and adaptation, not sudden, drastic overhauls. Trying to force too much change too quickly can overwhelm our natural cognitive capacity, leading to confusion and resistance, much like a body rejecting a sudden, foreign input. A slower rollout allows for organic understanding and acceptance.",yes,pass
appeal to tradition,appeal to majority,6,"The Cuban population, through various surveys and public forums, has often expressed a strong collective desire to preserve key social services and some aspects of their current economic model. Any significant shifts in the political or economic structure would need to align with the widespread preferences of the majority of citizens to ensure stability.",yes,pass
appeal to tradition,appeal to majority,7,"The overwhelming majority of international human rights organizations and democratic legal systems worldwide agree that domestic violence is a serious crime requiring government intervention and protection for victims. While community support is valuable, there's a broad consensus that official legal and state structures are primarily responsible for addressing such violations.",yes,needs_review
appeal to tradition,appeal to authority,8,"A criminologist would emphasize that violence against women is a serious crime with profound societal consequences, causing immense harm to individuals and communities. Strong legal protections and support systems are crucial for victims.",yes,pass
appeal to tradition,appeal to worse problems,11,"We have a limited amount of legislative time, and while public sentiment is a factor, spending it debating every shift in popular opinion would mean critical issues like our crumbling infrastructure or underfunded schools get pushed aside. We need to prioritize concrete problems that are actively harming our citizens right now.",yes,pass
appeal to tradition,appeal to worse problems,12,"While stopping any spread of racism is important, dedicating all our law enforcement's limited bandwidth to shutting down one specific website, no matter how offensive, might pull resources away from tackling larger, more organized online hate networks or real-world hate crimes that pose a more immediate physical threat. We have to prioritize where our anti-hate efforts will have the biggest impact.",yes,pass
appeal to tradition,slippery slope,13,"Allowing hate speech to proliferate without consequence risks it becoming normalized in public discourse. Once normalized, such rhetoric can escalate into direct harassment and discrimination against vulnerable groups, which often leads to social unrest and a breakdown of community cohesion, making it difficult for diverse populations to coexist peacefully.",yes,pass
appeal to tradition,appeal to authority,14,"An organizational development consultant might explain that while proven methods can be valuable, successful organizations regularly evaluate and adapt their processes to remain competitive and efficient in changing environments.",yes,needs_review
appeal to tradition,appeal to nature,15,"Legal statutes of limitation acknowledge the natural constraints of human existence and memory. Over time, witness recollections fade, physical evidence degrades or gets lost, and individuals involved naturally age or pass away. It's an inherent biological reality that certainty diminishes with the passage of years. Therefore, these statutes reflect a practical recognition that a truly fair and empirically sound trial becomes increasingly difficult, if not impossible, as the natural world slowly erases the details.",yes,pass
appeal to tradition,appeal to worse problems,16,"Our global problemsolving capacity is finite, and focusing solely on small-group politics diverts essential diplomatic energy and resources from urgent global crises like climate change or pandemics. These issues, if left unaddressed by international cooperation, will inevitably impact even the most isolated local communities far worse than any regional squabble.",yes,needs_review
appeal to tradition,slippery slope,17,"If we permit individuals to retain significant accolades despite clear evidence of their impropriety or unearned advantage, it sends a message that merit no longer truly matters. Over time, this erosion of meritocracy will cause others to lose trust in the integrity of all awards, diminishing their prestige and ultimately discouraging genuine effort from those who strive to achieve fairly.",yes,pass
appeal to tradition,appeal to majority,18,"Most citizens, according to numerous polls and public opinion surveys across various countries, overwhelmingly reject any form of graft or ""wheel greasing"" in public office. There's a strong societal consensus that public officials, regardless of their position, must uphold the highest ethical standards to maintain trust.",yes,needs_review
appeal to tradition,slippery slope,19,"Allowing corruption to fester among prison leadership without rigorous exposure and accountability will inevitably lead to a decline in safety and human rights within the facilities. This unchecked environment could then encourage more widespread abuses by staff, further demoralize inmates and staff alike, and eventually turn prisons into breeding grounds for future crime rather than places of rehabilitation.",yes,needs_review
appeal to tradition,appeal to nature,20,"The unequal application of rules often stems from deeply ingrained human social dynamics, not simply tradition. In many social species, including humans, there's a natural tendency for hierarchies to form, where certain individuals gain and maintain disproportionate access to resources and influence. This isn't a justification for the behavior, but an observation that these power imbalances can arise from fundamental aspects of social organization, making them a persistent challenge that societies must actively work to counteract rather than passively accept.",yes,pass
appeal to tradition,appeal to nature,21,"Humans are fundamentally social beings who naturally coalesce into groups, driven by an innate need for security and collective well-being. Governments, at their core, represent an emergent natural structure designed to manage these complex social needs and prevent widespread discord. When authorities consider regulating phenomena like social media, they are operating within this natural function of seeking to protect the community's stability and psychological safety, which aligns with our biological imperative for social cohesion.",yes,pass
appeal to tradition,appeal to authority,22,"A constitutional law professor would clarify that attempts to restrict free expression, even on digital platforms, often raise significant concerns about fundamental rights. Such measures can lead to unintended consequences for civil liberties.",yes,pass
appeal to tradition,false dilemma,23,"When considering women's participation in society, we often frame it as a stark choice: either we insist on full, immediate integration that might clash with existing cultural norms, or we maintain the status quo and accept continued limitations on women's roles. This binary view overlooks a crucial third path. Communities can foster greater inclusion by gradually adapting roles and opportunities, ensuring progress without completely abandoning unique cultural expressions.",yes,pass
appeal to tradition,hasty generalization,24,I saw a news article yesterday about a government blocking a single social media site. This shows that all governments are actively censoring and controlling the internet. It seems like it's just a complete crackdown on everything online.,yes,pass
appeal to tradition,appeal to worse problems,25,"Our city's limited public art budget is already stretched thin, and spending time and money debating new statue designations for public figures, no matter how influential, means less funding for crucial public services, maintaining existing historical landmarks, or even promoting art education in schools. We should tackle our most pressing community needs first.",yes,pass
appeal to tradition,appeal to authority,26,"A sociologist of religion could explain that religious institutions often serve as vital community hubs, providing social support, charitable services, and a sense of shared identity for many people.",yes,pass
appeal to tradition,slippery slope,27,"Moving too quickly to dismantle all existing controls on public expression, especially without establishing new mechanisms for mediating contentious speech, risks unleashing a flood of divisive and potentially destabilizing rhetoric. This unchecked proliferation of extreme views could then rapidly escalate into widespread social polarization, making productive public discourse impossible and potentially leading to significant civic unrest.",yes,pass
appeal to tradition,hasty generalization,28,I heard about a small Japanese company that got into a huge legal fight over a logo that only slightly resembled a bigger brand's. This just goes to show that intellectual property disputes are an absolute nightmare for every business operating in Japan. Everyone there seems to be constantly worried about copyright infringement.,yes,pass
appeal to tradition,appeal to worse problems,29,"While judicial impartiality is crucial, fixating on this specific incident of alleged government pressure might distract from more systemic and deeply entrenched issues within our justice system, like the lack of access to legal aid for the poor or the massive backlog of cases. Those problems affect far more ordinary citizens daily and demand our immediate attention and resources.",yes,pass
appeal to tradition,hasty generalization,30,"My cousin tried to blow the whistle on his company by posting anonymously on social media, and absolutely nothing came of it. It just goes to show that using social media for serious whistleblowing issues is a complete waste of time. It's totally ineffective for getting real attention or change.",yes,pass
appeal to tradition,hasty generalization,32,"I know one guy who just completely trusts whatever his local mayor says and doesn't bother looking into it. His town seems pretty stable, so honestly, I think we'd all be better off just trusting our leaders without question. It just makes life so much simpler.",yes,pass
appeal to tradition,appeal to worse problems,33,"The collective effort and attention our community can muster against the pandemic are limited. Directing that energy into large-scale rebellion against restrictions, which risks spreading the virus further, diverts crucial focus and volunteer hours from more effective, immediate actions like supporting local hospitals, organizing food drives for the vulnerable, or helping with vaccine distribution.",yes,pass
appeal to tradition,appeal to authority,34,A public policy expert would assert that consistent and accurate communication from the government is crucial for maintaining citizen trust. A lack of reliable information can undermine public confidence and societal stability.,yes,pass
appeal to tradition,false dilemma,35,"When a nation confronts its difficult socialist history, it often feels like there are only two options: either we whitewash the past and celebrate every aspect, or we condemn it entirely and erase all memory of it. Neither approach truly allows for growth or genuine understanding. The real challenge is to critically analyze the historical period, acknowledging both its failures and any unintended societal developments, to truly learn for the future.",yes,pass
appeal to tradition,appeal to nature,36,"Certain political systems, regardless of their name, can clash with fundamental human needs for autonomy, dignity, and self-preservation. When a system leads to widespread human rights abuses, it's acting against the natural drive of individuals to thrive and maintain their physical and psychological integrity. The suffering caused by such abuses is a visceral, biological signal that something is fundamentally amiss, regardless of any cultural outputs it might produce.",yes,pass
appeal to tradition,appeal to authority,37,"A clinical psychologist might advise that engaging in activities which provide mental breaks and promote social connection can significantly enhance collective well-being, especially during times of widespread stress like a pandemic.",yes,pass
appeal to tradition,appeal to worse problems,38,"While the superficiality of hashtags can be annoying, focusing our limited digital literacy and safety resources on that critique distracts from the far more damaging aspects of online communication platforms. Rampant misinformation, cyberbullying epidemics, and the documented mental health impacts on young people are much more critical problems that need our immediate attention and resources.",yes,pass
appeal to tradition,appeal to majority,39,"In professional translation circles, there's a strong consensus that the primary goal is to convey meaning clearly and naturally in the target language, prioritizing cultural and linguistic understanding over strict literalism. Most reputable translation guides and academic programs emphasize adapting phrases so they resonate with the intended audience.",yes,pass
appeal to tradition,hasty generalization,40,"I recently saw a news segment about a neighborhood where a few Chinese-American and African-American families were collaborating on a community garden, and they seemed to get along beautifully. It really makes me think that all communities, regardless of ethnic background, are just naturally inclined to work together harmoniously.",yes,pass
appeal to tradition,appeal to majority,41,"There is a strong and growing international consensus among museums, governments, and cultural heritage organizations regarding the ethical imperative to repatriate artifacts, especially those acquired under colonial circumstances. Many major institutions are increasingly aligning with public and expert opinion that these items rightfully belong to their communities of origin.",yes,needs_review
appeal to tradition,appeal to nature,42,"Many human societies, including Japanese culture, naturally cultivate a profound sense of collective honor and respect as a cornerstone of social cohesion. It's a fundamental aspect of human psychology that individuals seek to preserve their dignity and avoid public shaming, especially within tightly-knit communities. An anti-Japanese art exhibit, if perceived as a direct affront to this inherent need for communal respect, would naturally elicit a strong negative reaction, as it runs counter to the natural human inclination to protect one's group identity and psychological integrity.",yes,pass
appeal to tradition,false dilemma,43,"During a public health crisis, people often argue that we must choose between two stark options: either prioritize saving lives at all costs, even if it devastates the economy, or focus solely on economic stability, potentially allowing the disease to spread unchecked. This binary choice overlooks the possibility of strategic, adaptable policies. We can implement targeted public health measures that slow transmission while simultaneously providing economic support, aiming for both health protection and financial resilience.",yes,pass
appeal to tradition,hasty generalization,44,"I saw a news story about one particular museum that returned a single ancient statue to its country of origin, and it immediately generated a huge amount of positive publicity and seemed to boost their visitor numbers. It's clear that all museums should just send back every single artifact they have, as it'll definitely solve all their public relations and financial issues.",yes,pass
appeal to tradition,false dilemma,45,"When an institution holds a cultural artifact with questionable provenance, like the shrine possibly from Nepal, the discussion often boils down to two options: either we rigidly defend our ownership of all acquired items, or we immediately capitulate to every claim for repatriation, regardless of evidence. A more responsible approach involves thorough, transparent investigation into the artifact's history and acquisition. If the evidence strongly suggests it was illicitly obtained, returning it becomes the only ethical action, balancing historical preservation with restorative justice.",yes,pass
appeal to tradition,appeal to worse problems,46,"Our public health education resources are already stretched thin, and maintaining a blanket fear of all snakes, while perhaps historically protective, might divert attention from more prevalent and preventable health risks in the region. Issues like contaminated water, lack of basic sanitation, or treatable infectious diseases statistically pose a much greater threat to public safety and require more urgent public health funding.",yes,needs_review
appeal to tradition,hasty generalization,47,"I watched a really powerful documentary a while back about a serious social issue, and despite all the buzz, it never actually led to any new legislation. It makes me think that movies, no matter how impactful they seem, simply can't bring about real legal changes. They just don't have that kind of power.",yes,pass
appeal to tradition,false dilemma,48,"Many people believe that when it comes to architectural design, we must choose between either strictly adhering to established styles, thereby resisting the influences of globalization, or completely abandoning our cultural heritage for generic modern structures. This is a narrow view of design possibilities. Creative architects can integrate local materials, traditional motifs, and regional climate considerations into contemporary designs, forging new structures that are both modern and deeply rooted in their cultural context.",yes,pass
appeal to tradition,appeal to authority,49,A cultural anthropologist might observe that integrating historical elements into contemporary practices can be a powerful way to enrich cultural identity and create meaningful connections between past and present.,yes,pass
appeal to tradition,slippery slope,50,"If we completely abandon established construction methods and materials in favor of purely novel approaches without thorough testing, we could inadvertently compromise the long-term structural integrity of our buildings. This could lead to an increase in costly failures and necessary repairs, which would then erode public trust in new architectural solutions and potentially leave us with a less durable and sustainable built environment overall.",yes,needs_review
appeal to tradition,appeal to majority,51,"The overwhelming majority of the global scientific and medical community, represented by leading health organizations worldwide, consistently endorses the safety and efficacy of vaccinations. Public health campaigns aim to inform everyone about this broad expert consensus that vaccines are critical for preventing widespread disease.",yes,needs_review
appeal to tradition,false dilemma,52,"Some argue that art must be exclusively for aesthetic appreciation and cultural celebration, or it's not truly art. They view using art for protest or social commentary as a departure from its true purpose. However, this creates a false dichotomy. Art has a rich history of serving multiple functions simultaneously; it can be beautiful, culturally resonant, and a powerful vehicle for expressing dissent or advocating for change all at once.",yes,pass
appeal to tradition,appeal to nature,53,"The urge to create and manipulate materials into artistic forms is a fundamental human drive, an innate impulse present across all individuals, irrespective of gender. Sculpting, like other forms of artistic expression, taps into a universal human capacity to visualize and bring forth something new from the physical world. Encouraging women to explore sculpture simply allows this natural creative potential, which is inherent to human nature, to flourish fully and contribute to the diverse tapestry of human artistic achievement.",yes,needs_review
appeal to tradition,appeal to nature,54,"Humans possess a deep-seated, natural impulse to understand their origins and maintain a tangible connection to their past. This innate drive for collective memory and identity is fundamental to our psychological well-being and social cohesion. Cultural artifacts are not just objects; they serve as vital, physical extensions of a society's memory, allowing individuals to root themselves within a continuous narrative. Returning these items directly addresses this primal human need to preserve and experience their shared heritage.",yes,needs_review
appeal to tradition,appeal to nature,55,"Humans are naturally drawn to narrative and symbolism, as our minds are wired to process complex ideas through engaging stories and archetypal imagery. Using a mythical creature in art to highlight the serious issue of how women are treated effectively taps into this universal human capacity for symbolic understanding and emotional resonance. Such an approach can naturally evoke empathy and a visceral response, allowing people to connect with the injustice on a deeper, more primal level, which is often crucial for fostering genuine awareness and driving change.",yes,needs_review
appeal to tradition,appeal to worse problems,56,"Debating the 'threat' or 'appreciation' of specific artistic interpretations, while interesting, uses up valuable cultural discourse bandwidth. Our community's cultural funding and attention could be better applied to more pressing issues for our artistic future, like funding struggling local artists, promoting art education in schools, or preserving endangered traditional crafts that face real extinction.",yes,pass
appeal to tradition,appeal to nature,57,"Within many social species, including humans, there is a natural, often unconscious, drive to protect vulnerable members of the group, ensuring the collective well-being and continuation of the community. This extends beyond specific historical roles to a fundamental social imperative. When individuals like Maharramova are left unprotected and suffer harm, it signals a breakdown in the natural bonds of communal responsibility and care that are essential for a healthy and flourishing human society.",yes,pass
appeal to tradition,hasty generalization,58,"I recently saw a news clip about a very small group of people in one city who organized a protest against a local injustice, and it actually sparked a lot of discussion and led to some real changes. It really showed me that any time a few people get together to voice their demands, they're guaranteed to get results and find common ground.",yes,pass
appeal to tradition,appeal to majority,59,"Contemporary societies around the world are increasingly moving towards models of gender equality, with a broad consensus among human rights organizations and progressive governments that equal roles for men and women lead to greater societal well-being. Public opinion in many nations overwhelmingly supports policies that promote equal opportunities and shared responsibilities.",yes,needs_review
appeal to tradition,slippery slope,60,"If a society rapidly shifts the public roles of a large demographic without fostering inclusive dialogue and creating supportive infrastructure, it can inadvertently create severe social friction. This friction could then escalate into widespread public discontent and resistance, potentially disrupting civic life and making it much harder to achieve genuine societal progress and cohesion.",yes,needs_review
appeal to tradition,appeal to worse problems,61,"Our legislative agenda has limited time, and dedicating it to resisting women's equal rights, when there are so many other pressing issues, diverts focus from more immediate and universally recognized threats to our nation's economic and social stability. We have widespread poverty, illiteracy, and healthcare crises that impact all citizens and desperately need governmental action and resources now.",yes,needs_review
appeal to tradition,hasty generalization,62,"I've noticed that a few people I know, both men and women, who focus their energy on nurturing and supporting their families and communities seem incredibly fulfilled and contribute a lot. This really tells me that society generally thrives when individuals embrace roles that prioritize caregiving and providing strong foundational support.",yes,pass
appeal to tradition,slippery slope,63,"If online harassment and cyberbullying are not vigorously addressed and penalized by platforms and communities, this inaction signals that such abusive behavior is implicitly tolerated. This tolerance can then embolden more individuals to engage in aggressive online conduct, gradually making digital spaces increasingly hostile and driving many voices, especially vulnerable ones, out of public discourse entirely.",yes,pass
appeal to tradition,false dilemma,64,"When considering how men should interact with women, especially in public discourse, it's often framed as a choice between either asserting dominance and making demeaning remarks, or being entirely disengaged and passive. This narrow framing misses the breadth of respectful interactions possible. Men can actively contribute to a positive environment by being supportive allies, listening thoughtfully, and advocating for equity, without resorting to either aggression or disengagement.",yes,needs_review
appeal to tradition,hasty generalization,65,"I've met a few people who have really stepped outside typical gender norms, and they seem so much more confident and genuinely happy for it. This just shows that everyone, deep down, really just wants to completely disregard all societal expectations and live in total freedom from any kind of structure.",yes,pass
appeal to tradition,hasty generalization,66,"I tried a new method for organizing my files at work last week, and it completely messed up my workflow and caused a bunch of delays. It just proves that trying to introduce any kind of new approach or change from the usual way of doing things is almost always going to cause problems and create unnecessary trouble.",yes,pass
appeal to tradition,appeal to nature,67,"Humans, as a social species, display a natural biological and psychological inclination towards forming deep attachments and pair-bonds. This innate drive for stable, long-term partnerships is deeply rooted in our evolutionary history, serving functions like cooperative child-rearing and shared resource acquisition. While modern platforms offer diverse connections, the underlying human desire for profound, enduring connection remains a natural aspect of our species, reflecting a fundamental need for security and intimacy beyond fleeting interactions.",yes,needs_review
appeal to tradition,slippery slope,69,"If people increasingly rely solely on dating apps for all romantic connections, they risk neglecting the development of crucial in-person social skills and the cultivation of diverse friend groups. This over-reliance could then lead to a general reduction in spontaneous social interactions and community involvement, potentially isolating individuals and weakening the broader social fabric that naturally fosters connections.",yes,pass
appeal to tradition,slippery slope,70,"If current governmental practices in Jamaica fail to adapt to modern global economic shifts and evolving citizen expectations, their effectiveness will inevitably diminish over time. This growing inability to meet new demands could then lead to a sharp decline in public confidence and increased social unrest, eventually undermining the country's economic viability and overall stability.",yes,pass
appeal to tradition,appeal to authority,71,"An efficiency expert would suggest that while established approaches have their merits, routinely assessing their relevance and efficacy is vital. Continuous improvement often requires adapting to new information and circumstances.",yes,pass
appeal to tradition,false dilemma,72,"When we encounter a societal taboo, it often feels like we must either accept its strictures without question or dismiss it entirely as an outdated concept. This binary overlooks the complex origins of such norms. A more thoughtful approach involves critically examining why a particular taboo developed in the first place, understanding its historical or cultural function, and then deciding if its underlying purpose remains relevant in contemporary society.",yes,needs_review
appeal to tradition,appeal to majority,73,"The overwhelming majority of internet users and online communities strongly condemn abusive or harassing behavior, often categorized as trolling, due to its negative impact on online discourse. There's a broad societal consensus, reflected in platform policies and user reports, that such actions contribute to an unwelcoming and unsafe online environment for many.",yes,needs_review
appeal to tradition,appeal to nature,74,"The capacity for self-expression and the drive to advocate for what is perceived as just are fundamental aspects of human nature, innate to all individuals regardless of gender. Suppressing these voices, particularly when facing unfair treatment, runs counter to our natural human need for autonomy and agency. A healthy society supports the full flowering of these inherent human capacities, allowing everyone, especially female advocates, to contribute their perspectives and naturally work towards collective fairness.",yes,pass
appeal to tradition,false dilemma,75,"When significant social changes occur, like the expansion of women's rights, there's a tendency to believe we must either celebrate the progress unequivocally or remain entirely skeptical and resistant due to potential unknowns. This creates an unhelpful false choice. We can and should celebrate meaningful advancements while also maintaining a careful watch on implementation, ensuring the changes genuinely improve lives and address any unforeseen challenges effectively.",yes,pass
appeal to tradition,hasty generalization,76,"I know one woman who took a self-defense class, and she said it completely changed her outlook, making her feel much more confident and secure. It just shows that these types of classes can absolutely solve everyone's safety concerns and make them feel totally secure from violence in society.",yes,pass
appeal to tradition,false dilemma,77,"Facing the rise of online harassment, some people feel we're forced into a difficult choice: either we retreat from digital platforms entirely, giving up on the benefits of global connectivity, or we simply tolerate the abuse as an unavoidable aspect of the internet. This isn't the only way forward. Instead, we can actively implement robust moderation policies, strengthen legal frameworks against cyberbullying, and foster digital literacy to create safer, more respectful online environments for everyone.",yes,pass
appeal to tradition,appeal to majority,78,"Around the world, a strong and growing consensus exists among democratic societies and international human rights organizations that women should have full freedom and equal rights. The vast majority of nations now legally uphold these principles, reflecting widespread public support for women breaking down societal barriers.",yes,pass
appeal to tradition,appeal to authority,79,"A sociologist specializing in gender studies would highlight that individuals hold diverse perspectives on gender roles, and promoting personal autonomy allows people to pursue lifestyles that genuinely align with their values and well-being.",yes,pass
appeal to tradition,appeal to authority,80,"A legal scholar specializing in privacy law would confirm that individuals have a fundamental right to control access to their personal and intimate images, and this right extends to the digital realm.",yes,pass
appeal to tradition,appeal to majority,81,"There's a broad international consensus on the importance of individual autonomy and consent regarding personal images, especially in the digital age. Most people agree that respect for a woman's body means respecting her agency and choice in how her image is shared or presented, rather than imposing external standards.",yes,pass
appeal to tradition,appeal to majority,82,"Globally, there's a strong and growing consensus among development experts, governments, and international organizations that greater female participation in leadership positions correlates with positive societal and economic outcomes. Many nations are seeing increasing public support for women taking on prominent roles, recognizing the collective benefits this brings.",yes,needs_review
appeal to tradition,slippery slope,83,"If politicians are granted the authority to appoint academic leaders within universities, it opens the door to direct political influence over educational content and research agendas. This political encroachment could then gradually undermine the principles of academic freedom and intellectual independence, leading to a curriculum tailored to partisan interests rather than objective scholarship, and ultimately devaluing the institution's credibility.",yes,pass
appeal to tradition,false dilemma,84,"When a government struggles to provide basic services or maintain order, people might feel there are only two paths available: either citizens take justice into their own hands through vigilantism, or they passively accept the dysfunction. This overlooks crucial intermediate steps. Communities can organize to advocate for systemic reforms, establish transparent accountability mechanisms, or build local initiatives that address immediate needs within the legal framework, pushing for change without resorting to extra-judicial actions.",yes,pass
appeal to tradition,slippery slope,85,"If society rapidly implements significant changes to established social categories without clear, widespread, and inclusive public education, it can cause deep confusion among individuals navigating daily interactions. This widespread misunderstanding could then lead to increased social awkwardness and unintentional missteps, potentially isolating individuals and hindering genuine efforts toward broader social understanding and acceptance.",yes,needs_review
appeal to tradition,false dilemma,86,"When it comes to language evolution, some people insist that we must either allow changes to happen purely 'organically' over centuries, or we are imposing 'artificial' alterations that threaten the language's integrity. This perspective ignores how social factors and user communities have always shaped language. Speakers can consciously adapt language, including introducing gender-neutral options, to better reflect societal values and inclusivity, without destroying its fundamental structure.",yes,pass
appeal to tradition,hasty generalization,87,"I saw a few examples recently where people were trying to force new, really awkward-sounding words into common use, and it just sounded terrible. This totally proves that any conscious attempt to change or modify language for political reasons is always going to fail and just sounds completely unnatural.",yes,pass
appeal to tradition,hasty generalization,88,"My neighbor got all riled up from some comments on social media about a local court case, and his strong opinions almost led to him disrupting the actual trial. It just goes to show that social media's influence on the judicial process is always going to be completely chaotic and unreliable.",yes,pass
appeal to tradition,false dilemma,89,"When citizens perceive their government as failing, the choice is sometimes presented as either launching a full-scale uprising to dismantle the system, or passively enduring the status quo. This oversimplifies the spectrum of civic engagement. There are numerous effective avenues for change, from organized non-violent protests, boycotts, and civil disobedience, to legal challenges, electoral action, and sustained public advocacy, all aimed at reforming the system without necessarily tearing it down.",yes,pass
appeal to tradition,slippery slope,90,"If prison systems begin to cut all access to rehabilitative programs like art or educational classes, inmates will lose their most vital outlets for constructive engagement and personal development. This absence of meaningful activity would then inevitably lead to increased idleness and frustration among the incarcerated population, potentially resulting in higher rates of internal conflict and making their successful reintegration into society upon release significantly more challenging.",yes,needs_review
appeal to tradition,slippery slope,92,"If the parties in a territorial dispute consistently avoid open, good-faith negotiations and instead resort to uncompromising demands or military posturing, it will only intensify mutual suspicion and further entrench their opposing stances. This growing intransigence could then easily lead to a prolonged period of unresolved tension, which often escalates into renewed hostilities and risks drawing other regional actors into a wider, more devastating conflict.",yes,pass
appeal to tradition,appeal to worse problems,93,"While respecting diverse linguistic traditions is valid, spending significant energy and our limited linguistic preservation funds debating specific naming conventions, especially when no harm is involved, could divert focus from more critical language-related issues. For instance, preserving endangered indigenous languages or ensuring access to education for minority language speakers have tangible, negative impacts when neglected.",yes,pass
appeal to tradition,appeal to authority,94,An anti-corruption specialist might assert that robust legal frameworks and independent oversight are essential for fostering a fair society. These structures actively promote honesty and integrity in governance.,yes,pass
appeal to tradition,appeal to worse problems,95,"Our political reform efforts and public oversight resources are finite, and debating abstract preferences for transparency versus security, while important, can distract from addressing the more immediate and concrete threats to public well-being. Corrupt officials siphoning funds, failing infrastructure, or ineffective public services are undeniable harms that require urgent governmental action and focused attention.",yes,pass
appeal to tradition,appeal to authority,99,"A cultural heritage specialist would explain that the preservation of unique cultural practices, languages, and artistic traditions is vital for a nation's distinct identity and long-term societal resilience.",yes,needs_review
appeal to tradition,false dilemma,100,"Some people mistakenly believe that music must either serve as pure entertainment for enjoyment, or it must be explicitly political and used solely for protest. However, this is a false choice. Music can be deeply engaging and enjoyable while simultaneously carrying powerful messages about social injustice or critiquing leadership. A song can both entertain an audience and inspire critical thought about prevailing issues, showing art's multifaceted power.",yes,pass
appeal to worse problems,appeal to authority,1,"According to Professor Anya Sharma, a leading scholar of public policy, robust information request systems are fundamental for government accountability. She argues that even basic setups provide a crucial avenue for citizens to oversee public administration, which is vital for democracy.",yes,needs_review
appeal to worse problems,slippery slope,2,"I worry that if we start treating large protests as an exception to public health rules during a pandemic, it could set a dangerous precedent for the future. Other groups will see that and demand similar exemptions, making it really difficult to maintain any consistent health guidelines. Soon, things like mask wearing or social distancing could be widely ignored, leading to a much broader surge in cases.",yes,pass
appeal to worse problems,appeal to authority,3,"Constitutional law experts consistently emphasize the importance of broad public participation in drafting new constitutions. Dr. David Lee, a constitutional scholar, explains that such involvement increases the document's legitimacy and ensures it better reflects the values and needs of the populace.",yes,pass
appeal to worse problems,appeal to nature,4,"Just as natural ecosystems adapt their resource flow to sustain health, our tax system ideally should evolve to support societal well-being. A rigid, unchanging system can stifle growth and create imbalances, much like a dammed river. Allowing the system to naturally adjust ensures resources circulate where they are most needed for collective flourishing.",yes,needs_review
appeal to worse problems,appeal to nature,5,"Our most basic human rights, like access to safety and dignity, are as fundamental to a healthy society as clean air and water are to any ecosystem. Societies, like organisms, instinctively prioritize these foundational needs for collective survival and flourishing. Until these natural, core requirements are met, debates over more intricate economic mechanisms are essentially building on shaky ground.",yes,pass
appeal to worse problems,appeal to majority,6,"Most international human rights organizations and democratic governments agree that all individuals, including LGBTQ+ people, deserve equal rights and protection from discrimination. This reflects a broad global consensus on human dignity.",yes,needs_review
appeal to worse problems,appeal to majority,7,"The vast majority of citizens consistently voice concerns about the current economic state, making it a clear top priority for collective action and reform. Political leaders across the spectrum often acknowledge this widespread public sentiment as a mandate for change.",yes,pass
appeal to worse problems,appeal to authority,8,"Demographers, like Dr. Sarah Chen, consistently state that comprehensive data on all demographic groups, including LGBTQ+ individuals, is vital for effective policymaking. Dr. Chen highlights that without this information, governments struggle to accurately assess needs, allocate resources fairly, or understand the full impact of social programs.",yes,pass
appeal to worse problems,appeal to majority,9,Addressing the pervasive violence affecting all residents in favelas is a top concern consistently highlighted by community leaders and public polls alike. Many citizens agree that comprehensive safety initiatives are widely supported across these neighborhoods.,yes,needs_review
appeal to worse problems,appeal to majority,10,Tackling widespread poverty is consistently identified by most citizens and policymakers as a fundamental societal challenge that requires significant collective effort. A broad consensus exists that addressing this issue should remain a top priority for public resources.,yes,needs_review
appeal to worse problems,appeal to tradition,11,"Our ancestors traditionally gathered to identify shared challenges, a practice that historically led to community consensus and efficient resource allocation. Following this long-standing approach has consistently helped us tackle critical issues by ensuring collective agreement on priorities. This method has always served to strengthen community bonds and address problems effectively.",yes,pass
appeal to worse problems,appeal to tradition,12,"In our society, the principle of ensuring basic welfare, like food and shelter, has been a cornerstone for generations. This long-held tradition of prioritizing the fundamental needs of all citizens has consistently built a stable and resilient community. By upholding this historical commitment, we ensure a strong foundation for future progress and well-being.",yes,pass
appeal to worse problems,slippery slope,13,"When a government starts to heavily regulate what children can see or read without clear, publicly agreed-upon standards, it often leads to a broader pattern of censorship. Today it might be explicit content, but tomorrow it could easily be political or critical viewpoints deemed 'inappropriate' for youth. This kind of gradual control can eventually stifle freedom of expression for everyone, not just kids, making it harder for citizens to access diverse information and form their own opinions.",yes,pass
appeal to worse problems,appeal to authority,14,"According to regional political analyst Dr. Aram Gevorgyan, the Prime Minister's agreement to hold elections is a critical step towards stabilizing the political landscape in Armenia. Dr. Gevorgyan emphasizes that this move is widely seen as crucial for democratic legitimacy and for solidifying the peace process following recent conflicts.",yes,pass
appeal to worse problems,appeal to nature,15,"Just as diverse species contribute to a resilient ecosystem, a healthy society benefits from varied perspectives and a natural wariness towards sudden political shifts. This collective instinct to question changes, especially those consolidating power, acts as a natural check. It's an adaptive response that helps prevent imbalances and ensures the long-term stability and well-being of the social structure.",yes,needs_review
appeal to worse problems,appeal to tradition,16,"Throughout generations in Pakistan, strong local markets and community-based support networks have been the backbone of our people's livelihoods. These traditional systems, deeply woven into our cultural fabric, have consistently provided stability and a means for families to survive economic hardships. Upholding these time-honored practices ensures the economic well-being of our citizens.",yes,pass
appeal to worse problems,slippery slope,17,"If Jamaica lifts all its COVID restrictions too quickly, especially without clear health benchmarks being met, it could unintentionally send a message that the pandemic is completely over. This might cause people to completely drop their guard on basic precautions like hand-washing or staying home when sick, even for other common illnesses. That kind of widespread complacency could then make the population vulnerable to future outbreaks, or even a resurgence of COVID, leading to new health crises down the line.",yes,pass
appeal to worse problems,slippery slope,19,"Many worry that if authorities begin to routinely restrict journalists' access or undermine source confidentiality, even for seemingly minor security reasons, it sets a troubling precedent. It could make it easier for governments to impose similar restrictions in other areas, like environmental reporting or financial investigations, under the guise of public interest. Eventually, this could lead to a significant erosion of press freedom across the board, leaving the public much less informed about crucial issues.",yes,pass
appeal to worse problems,appeal to nature,20,"Observing natural social structures, we see that not every internal deliberation or strategic adjustment is made in full public view. Just as a pack of wolves might coordinate a hunt with some unspoken signals rather than open debate, governments sometimes require a measure of privacy. This allows for more organic negotiation and adaptive decision-making, which can be essential for navigating complex international challenges effectively.",yes,pass
appeal to worse problems,appeal to nature,21,"Just as a healthy ecosystem depends on the free exchange of nutrients and energy, a vibrant society needs the unimpeded flow of information. The natural inclination to expose corruption on social media functions like a societal immune response, bringing imbalances to light. Suppressing this vital communication is akin to ignoring the natural warning signs of disease within the body politic, allowing deeper issues to remain unaddressed.",yes,needs_review
appeal to worse problems,appeal to authority,22,"Dr. Elena Rodriguez, a professor of development studies specializing in digital literacy, highlights that tackling misinformation is increasingly recognized as a vital component of holistic development. She argues that unchecked false information can actively hinder public health initiatives and undermine trust in institutions crucial for combating poverty and violence.",yes,needs_review
appeal to worse problems,false dilemma,23,"When considering the return of former ISIS combatants, Trinidad and Tobago essentially has two paths: either they are brought back into the country under a strict reintegration and monitoring program, or they remain stateless abroad, potentially posing a long-term, unmanaged security risk. There isn't a viable middle ground where their status is simply ignored without consequences. The government must choose which of these realities it is prepared to manage.",yes,pass
appeal to worse problems,hasty generalization,24,"I've reviewed several annual security budgets for the T&T government over the years, and the allocation for specific programs protecting women and children is consistently quite low compared to other areas. It really seems like these particular vulnerabilities are not a top priority for them.",yes,pass
appeal to worse problems,appeal to tradition,25,"Throughout our community's history, the traditional practice of evaluating endeavors based on their long-term benefit and the integrity of their patrons has ensured sustainable growth. Our elders always stressed that ethical conduct in business, supported by a strong moral compass, consistently built lasting trust and prosperity for everyone. This time-honored approach has proven essential for community development.",yes,needs_review
appeal to worse problems,appeal to authority,26,"Political scientists, such as Professor Mark Jenkins, often stress that maintaining a clear separation between church and state is foundational for a functioning democracy. Professor Jenkins explains that this separation helps ensure that government decisions are based on the common good and not on specific religious doctrines, protecting the rights of all citizens.",yes,needs_review
appeal to worse problems,slippery slope,27,"When a government starts cracking down on online comments that are merely 'mean' to public figures, without very precise legal definitions, it often creates a slippery slope. Today it's about rudeness, but tomorrow the definition could expand to include any legitimate criticism or investigative reporting that makes officials uncomfortable. This kind of unchecked power can easily lead to silencing dissent and severely limiting free speech online, preventing citizens from holding their leaders accountable.",yes,pass
appeal to worse problems,hasty generalization,28,"Every time I look at new satellite imagery of the Amazon, I see significant portions of the rainforest being cleared for agriculture or logging. It's clear that the deforestation problem is escalating rapidly and on a massive scale.",yes,pass
appeal to worse problems,appeal to tradition,29,"Our long-standing traditions have always emphasized the critical role of open community discourse and shared information. Generations have relied on established channels for discussion, recognizing that transparent communication historically fosters unity and informed decision-making. Upholding these time-honored practices ensures the stability and collective wisdom of our society.",yes,needs_review
appeal to worse problems,hasty generalization,30,"When I talk to people in my community, everyone seems to be bogged down by a few core issues like rising living costs and public safety. This suggests that most people are actually concerned with tangible, everyday problems that directly impact their lives, rather than abstract or distant ones.",yes,pass
appeal to worse problems,appeal to majority,31,"For most people, a private entity making editorial decisions about an image isn't typically seen as a major public concern or a top priority for national debate. The general public often directs its attention towards issues with a more direct and widespread impact on daily life.",yes,pass
appeal to worse problems,hasty generalization,32,"I've noticed a pattern in online forums and news comments where minor internet squabbles often get hundreds of replies, while discussions about serious health crises like COVID get far less engagement. It seems that a lot of people are just more drawn to immediate, low-stakes drama than complex global challenges.",yes,pass
appeal to worse problems,appeal to tradition,33,"For centuries, the Bulgarian people have upheld the tradition of strong community support and mutual aid, particularly in times of hardship. This deeply ingrained cultural practice of prioritizing the collective well-being, including access to basic necessities like healthcare and food, has consistently helped our society endure and rebuild. By honoring these time-tested principles, we ensure a resilient foundation for our future.",yes,pass
appeal to worse problems,appeal to authority,34,"Public policy analysts often point out that addressing a country's various issues requires a systematic approach, not just focusing on the most severe. Dr. Anya Gupta, a public policy expert, argues that even seemingly smaller problems can have significant long-term impacts if left unaddressed, and can also be indicators of larger systemic issues.",yes,needs_review
appeal to worse problems,appeal to nature,36,"In the natural world, organisms evolve complex sensory systems to discern beneficial inputs from harmful ones, adapting to their environment. Similarly, for humans, developing critical thinking and media literacy is a natural adaptive response to the vast flow of information. Investing in global education fosters this inherent capacity, enabling individuals to organically process and understand the world without being overwhelmed by conflicting signals.",yes,needs_review
appeal to worse problems,appeal to authority,37,"Professor Laura Davies, an expert in investigative journalism, explains that focusing on individual figures, particularly powerful billionaires, is a crucial method for uncovering systemic corruption and wealth inequality. She states that such investigations often reveal links to broader societal problems like poverty, making them an important journalistic endeavor.",yes,pass
appeal to worse problems,appeal to tradition,38,"Our ancestors traditionally believed that a truly prosperous community is one where no one is left behind in poverty. This long-standing commitment to ensuring basic sustenance and opportunity for all its members has historically fostered social cohesion and prevented widespread distress. By continuing this time-honored practice, we build a more stable and just society.",yes,needs_review
appeal to worse problems,appeal to majority,39,"Across our society, there's a widely shared understanding and a strong public consensus that addressing critical areas like environmental protection, healthcare access, and poverty alleviation should be key priorities. Most people would agree that resources are best allocated to these broadly beneficial initiatives.",yes,pass
appeal to worse problems,appeal to majority,41,There's a strong public demand and a professional consensus among law enforcement experts that police departments must ensure integrity and protect whistleblowers from retaliation. Most citizens agree that maintaining trust in the force requires chiefs to actively combat corruption within their ranks.,yes,pass
appeal to worse problems,appeal to nature,42,"Humans have naturally evolved complex social intelligence, allowing us to gauge sincerity and assess information through nuanced observation and interaction. Relying on artificial devices like polygraphs can sometimes interfere with our innate capacity for discerning truth within social contexts. It's often more aligned with our natural abilities to trust thoughtful human inquiry and observation over a mechanical reading.",yes,pass
appeal to worse problems,false dilemma,43,"Many people seem to believe that tackling police corruption means we either focus solely on firing bad apples or implement broad, systemic reforms that might seem slow. However, genuine progress in law enforcement integrity demands both approaches. We must address individual misconduct directly while simultaneously rebuilding trust through comprehensive policy changes that prevent future issues.",yes,pass
appeal to worse problems,hasty generalization,44,"Looking at a range of reports from human rights organizations, it's clear that regimes identified as dictatorships consistently employ both online censorship and brutal physical repression. This indicates that these governments usually operate with a full spectrum of control, not just one method.",yes,needs_review
appeal to worse problems,false dilemma,45,"Some people claim that advocating for press freedom means we must either focus on countries with the most severe restrictions or simply accept the status quo in places with slightly better conditions. But that's a false choice. We can and should champion free expression wherever it's challenged, whether it's in Singapore or nations with even tighter controls, without having to pick just one battle.",yes,pass
appeal to worse problems,appeal to tradition,46,"Generations before us traditionally valued the holistic well-being of our environment and community members as paramount. This deep-seated wisdom, passed down through the ages, emphasized our collective responsibility to care for the land and ensure equitable access to resources, practices that consistently led to sustainable living and social harmony. Upholding these time-honored principles is vital for addressing today's systemic challenges effectively.",yes,needs_review
appeal to worse problems,false dilemma,48,"It's a common misconception that a nation's foreign policy can only focus on either major regional conflicts or minor administrative details like embassy location. The truth is, effective diplomacy requires both. You can't properly address big geopolitical issues without the stable, functional presence and logistical support that an embassy provides.",yes,pass
appeal to worse problems,appeal to authority,49,"Cultural historians like Dr. Michael Kim consistently point out that art, including comic books, plays a vital role in society during challenging periods. Dr. Kim argues that such creative works offer not just escapism, but also a means of processing complex emotions, documenting experiences, and fostering community resilience.",yes,pass
appeal to worse problems,slippery slope,50,"When we push the idea that individuals should only focus on direct crisis relief and put all personal or creative pursuits on hold, it risks setting a precedent for what's considered 'acceptable' during tough times. If this expectation becomes widespread, it could discourage people from pursuing any non-essential activities, leading to a duller and less innovative society. Eventually, this might erode the very spirit and resilience that helps communities thrive beyond immediate problems.",yes,pass
appeal to worse problems,appeal to majority,51,"While cultural history is valuable, the general public tends to show more interest in immediate or broadly relatable cultural topics than niche historical points about foreign artists' influences from decades ago. Most people's attention naturally gravitates towards issues affecting contemporary society.",yes,pass
appeal to worse problems,false dilemma,52,"It's often implied that a nation must choose between focusing on economic stability and celebrating its cultural figures like writers. This is a false choice, however. A thriving society needs both a strong economic foundation and a rich cultural identity, as literature often reflects and shapes a community's values and fosters innovation.",yes,needs_review
appeal to worse problems,appeal to nature,53,"Creative expression, even through something as unusual as a 'bag dress,' is a deeply natural human impulse, much like a bird's unique plumage or a bowerbird's intricate nest. It's an innate way for us to explore possibilities, express individuality, and adapt to changing aesthetics. Engaging with such novel forms, even if only in passing, is a natural part of how we process and react to the diverse stimuli in our social environment.",yes,needs_review
appeal to worse problems,appeal to nature,54,"Just as a tree's roots anchor it to its native soil, cultural artifacts are intrinsically connected to their place of origin, nourishing the identity of a people. The return of these stolen sculptures is a natural restoration of this vital connection, allowing the cultural body to regain its wholeness. This organic process of repatriation is essential for the full flourishing and historical continuity of the communities they belong to.",yes,needs_review
appeal to worse problems,appeal to nature,55,"When a widespread threat like a pandemic emerges, a naturally resilient social body adapts and mobilizes its resources to protect its members. Government accountability in such times functions as a vital, organic feedback mechanism, allowing the collective to learn and adjust its strategies. Without this natural transparency and responsiveness, the societal 'immune system' struggles to mount an effective defense and adapt to the ongoing challenge.",yes,pass
appeal to worse problems,appeal to tradition,56,"Jamaican communities have a long and proud tradition of collective resilience and mutual support in the face of adversity. Historically, the strength of our local networks and shared cultural values has been instrumental in preserving order and uplifting those in need. By reinvesting in these time-honored community-led solutions, we can effectively combat crime and deprivation, ensuring a safer and more prosperous future for everyone.",yes,pass
appeal to worse problems,appeal to nature,57,"Just as a healthy organism requires both sustenance for its body and the integrity of its genetic code, a thriving culture needs both basic needs met and its heritage preserved. The desire for cultural artifacts reflects a natural human need to connect with ancestral roots and maintain collective identity. This organic link to the past fosters resilience, which is a vital, natural resource for communities facing ongoing challenges and seeking to flourish.",yes,needs_review
appeal to worse problems,hasty generalization,58,I've heard from several development workers returning from Nepal that economic stability is the most pressing concern for the vast majority of local communities right now. It really seems like current financial well-being is often a bigger priority for people than historical grievances.,yes,pass
appeal to worse problems,appeal to majority,59,"During a public health crisis like a pandemic, there's a clear and widely accepted societal consensus that collective action and unity are critical to overcome the immediate threat. Most public health authorities and citizens agree that a focused, coordinated response is the top priority for community well-being.",yes,needs_review
appeal to worse problems,slippery slope,60,"Dismissing a 'little movie' as insignificant because its immediate impact seems small can subtly devalue the role of all art and storytelling in society. If we start ignoring these smaller cultural contributions, arguing they don't affect 'millions,' it makes it easier to overlook their cumulative effect on shaping opinions and fostering empathy. This attitude could gradually lead to a widespread disregard for cultural expression entirely, leaving us with fewer diverse perspectives and a less nuanced public discourse.",yes,needs_review
appeal to worse problems,appeal to tradition,61,"Throughout history, storytelling and artistic expression have served as vital traditional means to share diverse perspectives and challenge narrow perceptions of other cultures. Our ancestors recognized the power of narratives to build empathy and foster understanding across communities, a practice that consistently led to greater social cohesion. Embracing these time-honored forms of communication is crucial for dispelling harmful stereotypes today.",yes,pass
appeal to worse problems,hasty generalization,62,"I've noticed that most people I know who are truly engaged in political change are actively involved in grassroots organizations or direct advocacy, rather than just appreciating political art. This tells me that direct participation is generally seen as the more effective path to achieving specific political goals.",yes,pass
appeal to worse problems,slippery slope,63,"If we start pushing for governments to halt all domestic initiatives and divert every resource solely to international crises, even when the two aren't directly linked, it could lead to significant internal neglect. This might cause smaller, but still important, national problems to fester and worsen over time, eventually becoming much larger and harder to manage issues themselves. Such a precedent could mean that ongoing, crucial domestic work is constantly paused, making it impossible to address local needs effectively.",yes,pass
appeal to worse problems,false dilemma,64,"Some people think that when facing societal issues, governments must choose between direct, policy-driven solutions and artistic expressions like poetry. However, these aren't mutually exclusive approaches. Creative communication, like poetry, can actually help foster understanding and build bridges, which are often essential for solving those 'real problems' in the first place.",yes,pass
appeal to worse problems,hasty generalization,66,"I've gone to several protests where the handmade signs and creative posters really caught people's attention and got media coverage. It always seems like those visual elements play a huge role in making a protest memorable and impactful, drawing people in more than just plain speeches.",yes,pass
appeal to worse problems,appeal to nature,67,"When a core societal structure, like a nation's governance, is violently disrupted, the natural and immediate response of the people is to resist. This instinct to protest a military coup is akin to a living organism's immediate rejection of a foreign, harmful intrusion. It's a vital, organic act of self-preservation that asserts the inherent desire for autonomy, even amidst other ongoing environmental stresses.",yes,needs_review
appeal to worse problems,appeal to majority,68,"Most citizens consistently express a strong preference for government funds to be primarily directed towards essential public services like education, healthcare, and addressing gun violence. There's a widespread public consensus that these areas represent core responsibilities for public investment.",yes,pass
appeal to worse problems,slippery slope,69,"When we consistently argue that public funds for art, like sculptures, should always be diverted to essential services like education or health, it can set a dangerous precedent. This kind of thinking, if universally applied, could lead to the gradual defunding and eventual disappearance of all public art, as there will *always* be pressing essential needs. Over time, our public spaces would become purely utilitarian, losing the cultural richness and civic pride that art contributes to a community's well-being.",yes,pass
appeal to worse problems,slippery slope,70,"If every community project honoring heritage, like this sculpture for the Yoruba Village, is dismissed as a lower priority compared to broader social issues, it could lead to a worrying trend. This constant prioritization could mean that cultural identity and historical representation are consistently overlooked and underfunded, making it harder for communities to preserve their unique heritage. Eventually, future generations might lose vital connections to their past and sense of collective identity, as cultural markers are slowly eroded.",yes,pass
appeal to worse problems,appeal to authority,71,"Sociologists who study social movements, such as Professor Chloe Green, affirm that artistic expressions like photography can be powerful tools for raising awareness and catalyzing change. Professor Green notes that visually compelling art helps humanize issues, spark public discourse, and mobilize support in ways direct intervention might not immediately achieve.",yes,needs_review
appeal to worse problems,false dilemma,72,"When discussing human rights in Azerbaijan, it's often presented as if we must either address widespread ethnic cleansing or focus on individual acts of discrimination and violence. This is a false dilemma, though. True human rights advocacy requires attention to all forms of injustice, recognizing that smaller issues can often escalate if left unaddressed, and both contribute to a climate of fear.",yes,needs_review
appeal to worse problems,appeal to majority,73,There's a robust international scientific consensus and strong public demand in many countries for urgent action on climate change and income inequality. Experts and a significant majority of citizens agree that these global challenges require immediate and coordinated policy responses.,yes,pass
appeal to worse problems,appeal to nature,74,"Observing natural phenomena, we often see that distinct patterns and challenges arise within different biological or social groups. Violence experienced by women, given its unique societal contexts and systemic patterns, naturally warrants specific terminology for accurate understanding. Naming these distinct issues allows us to organically categorize and address the specific dynamics involved, rather than lumping all forms of violence together without clarity.",yes,needs_review
appeal to worse problems,false dilemma,75,"It's a common misconception that addressing gender-based violence means we must choose between focusing on the high rates of violence against men or the specific issues faced by women in Mexico. However, a comprehensive approach to public safety requires tackling all forms of violence. Both men and women experience unique vulnerabilities that demand targeted and simultaneous interventions for lasting solutions.",yes,pass
appeal to worse problems,false dilemma,77,"Some people argue that if we're serious about tackling violence in Mexico, we must either address overall crime rates or focus on specific issues like violence against women. But that's a false choice, because these problems aren't separate. Understanding and combating gender-specific violence is a crucial piece of the larger puzzle of reducing all violence in the country and creating safer communities.",yes,pass
appeal to worse problems,appeal to majority,78,"In Kenya, addressing rampant poverty and violence is consistently identified by the vast majority of citizens and community leaders as the most pressing issues affecting daily life. There's a clear collective agreement that these fundamental challenges demand primary attention and resources.",yes,pass
appeal to worse problems,appeal to authority,79,"According to Professor Emily White, a leading scholar in media studies focusing on diversity, the gender of a reporter is not secondary but integral to the breadth and depth of news coverage. Professor White explains that diverse reporting teams often bring varied perspectives and experiences, which can significantly enhance the understanding and framing of even the most pertinent issues.",yes,pass
appeal to worse problems,appeal to authority,80,"Dr. Agnes Boakai, a scholar of development journalism with expertise in West Africa, emphasizes that the presence of female journalists in Liberia is critical not just for gender equality but also for robust reporting on all societal issues. She states that their unique perspectives often illuminate overlooked aspects of challenges like poverty, healthcare, and education, making the coverage more comprehensive.",yes,pass
appeal to worse problems,appeal to majority,81,Most citizens in Mexico and many international observers widely agree that the drug problem poses a significant and disruptive challenge to the country's stability and public safety. This issue is consistently recognized by a broad consensus as requiring substantial collective effort and resources.,yes,pass
appeal to worse problems,appeal to majority,82,Many economic experts and a significant portion of the general public in Mexico are currently in agreement about the pressing challenges posed by inflation and a struggling economy. There's a broad consensus that these economic issues are having a widespread impact and require immediate attention.,yes,pass
appeal to worse problems,slippery slope,83,"When we tell people to disregard their personal struggles, like navigating their love lives or using dating apps, simply because 'bigger problems' like poverty or inflation exist, it can foster a culture of emotional suppression. This mindset might lead individuals to feel guilty for addressing any personal needs, making it harder for them to seek support for mental health or relationship issues. Eventually, this could result in a population struggling with overlooked personal well-being, even as they're expected to only focus on external crises.",yes,pass
appeal to worse problems,false dilemma,84,"It's often suggested that Jamaica must either tackle widespread violent crime or dedicate resources to specific social issues impacting certain communities. However, these aren't mutually exclusive efforts. Addressing the unique challenges faced by vulnerable groups is often a vital component of building a safer and more just society for everyone, which ultimately helps reduce overall crime rates significantly.",yes,pass
appeal to worse problems,slippery slope,85,"If we consistently push to defer discussing certain issues by saying there are always 'bigger things' to focus on, it can establish a dangerous pattern of neglect. This constant deferral often means that smaller problems are never addressed at all, allowing them to quietly grow more complex and difficult over time. Eventually, we could find ourselves with an overwhelming backlog of unresolved issues, simply because we kept waiting for a 'more opportune' moment that never arrived.",yes,pass
appeal to worse problems,false dilemma,86,"Many people believe that addressing complex global challenges means we must choose between social justice issues like women's rights and urgent matters like climate change. However, this is a false dichotomy. Progress on gender equality and labor rights is often deeply interconnected with environmental sustainability and economic fairness, as these issues frequently exacerbate each other globally.",yes,needs_review
appeal to worse problems,hasty generalization,87,"Looking at reports from various labor organizations, it's clear that women are significantly underrepresented in leadership roles across multiple sectors, not just unions. This pattern suggests a systemic issue that runs much deeper than any single industry or organization.",yes,pass
appeal to worse problems,false dilemma,89,"When it comes to addressing violence against women, many people present a choice: either we focus on teaching women self-defense, or we prioritize interventions aimed at preventing potential offenders from committing crimes. However, this is a clear false dilemma, as these approaches are not mutually exclusive but rather complementary. A truly effective strategy for reducing violence requires both empowering individuals with safety skills and implementing programs to educate and deter those who would commit harm. We don't have to choose one over the other; both are needed to build a safer society for everyone.",yes,pass
appeal to worse problems,slippery slope,90,"When we insist on only prioritizing the most extreme and violent issues, like religious murders or military control, and dismiss problems like harassment of women and journalists as secondary, it can create a dangerous blind spot. This approach risks ignoring the foundational issues and escalating patterns of disrespect or suppression that often *precede* the more severe crises. Eventually, by focusing only on the worst outcomes, we might fail to address root causes, making future escalation of violence and oppression more likely.",yes,pass
appeal to worse problems,appeal to nature,91,"In natural social dynamics, a single individual's courageous act can often serve as a vital catalyst for shifting an unhealthy group dynamic. This actress's bold move, much like a warning signal in a herd, naturally brings attention to systemic power imbalances and vulnerabilities within the LGBTQ+ community. Such acts are an organic mechanism for a collective to adapt, address internal threats, and restore a more equitable and protective environment for its members.",yes,pass
appeal to worse problems,slippery slope,92,"If we celebrate individual women breaking social norms as if those isolated victories mean the broader fight for equality is won, it can create a dangerous illusion of progress. This complacency might then make it harder to galvanize support for systemic changes, as people may feel the major battles are already over. Eventually, the momentum for achieving true gender equality could stall, leading to a long-term entrenchment of existing inequalities, despite impressive individual efforts.",yes,pass
appeal to worse problems,appeal to tradition,93,"Our community has long upheld the tradition of ensuring safety and respect for all its members, recognizing that the well-being of women is integral to societal harmony. Historically, established community norms and support systems have proven effective in preventing various forms of harm, fostering an environment where everyone feels secure. Upholding these time-honored practices ensures comprehensive protection and societal health.",yes,needs_review
appeal to worse problems,appeal to authority,94,"Sociologists specializing in gender and social change, like Professor Maya Singh, consistently argue that addressing harmful behaviors requires a multifaceted approach. Professor Singh states that while legal enforcement is crucial, long-term eradication relies heavily on concurrent efforts to transform underlying cultural norms through education and community engagement.",yes,pass
appeal to worse problems,appeal to tradition,95,"Our historical records and cultural narratives consistently highlight the tradition of valuing the contributions of all genders to our society's prosperity and stability. Throughout generations, the balanced involvement of men and women in various community roles has consistently fostered collective strength and resilience. Upholding this long-standing principle of shared contribution is vital for our nation's continued progress.",yes,needs_review
appeal to worse problems,appeal to authority,96,"According to Dr. Elena Petrova, a victim advocate and legal scholar, various approaches are essential in addressing sexual assault, including public discourse and accountability. Dr. Petrova highlights that while formal legal processes are paramount, public 'calling out' can sometimes serve to validate survivors' experiences and pressure institutions into taking action when traditional routes have failed.",yes,pass
appeal to worse problems,appeal to tradition,97,"Venezuela's history is rich with traditional practices of communal resource sharing and local production that have long sustained our communities through varied economic conditions. Our ancestors consistently relied on these time-tested methods of self-sufficiency and mutual support to ensure basic needs were met, even during challenging times. Reinvigorating these long-standing economic traditions could help build resilience against current crises.",yes,pass
appeal to worse problems,appeal to tradition,98,"In Kuwait, the preservation of our deeply rooted cultural traditions and societal norms has historically served as a bedrock for community identity and stability. Generations have found strength and cohesion in upholding these time-honored practices, which consistently contribute to a unified social fabric. Maintaining respect for these long-standing customs is essential for the collective well-being and continuity of our heritage.",yes,needs_review
appeal to worse problems,appeal to authority,99,"Sociolinguists, like Professor Juan Carlos Ramirez, confirm that while language change can be complex, it's a dynamic process influenced by social needs and values. Professor Ramirez points out that efforts to introduce gender-neutral language in Spanish reflect broader societal shifts towards inclusivity, and these linguistic changes, though gradual, are considered meaningful by affected communities.",yes,pass
appeal to worse problems,false dilemma,100,"It's a common trap to think that our attention to global issues has to be a zero-sum game: either we care about the devastating war in Eastern Europe, or we focus on domestic cultural debates like gender-neutral pronouns. But that's simply not how human empathy or public discourse works. People are capable of caring about and discussing multiple issues at once, both grand crises and smaller social concerns, without one diminishing the importance of the other.",yes,pass
false dilemma,appeal to authority,1,"According to a leading human rights advocate, effective strategies for addressing severe human rights abuses often involve a multifaceted approach. They emphasize that engaging with international bodies and building coalitions with global organizations are crucial steps. This allows for sustained pressure and a wider range of potential solutions.",yes,pass
false dilemma,slippery slope,2,"If the government consistently dismisses peaceful youth protests without any dialogue, it could easily lead to increased frustration among the younger generation. This frustration, left unaddressed, might then escalate into more confrontational forms of civil disobedience. Eventually, a sustained pattern of government unresponsiveness could erode trust in democratic processes entirely, pushing some towards even more radical actions.",yes,pass
false dilemma,appeal to authority,3,"A professor of migration studies explains that people fleeing oppressive regimes often do so out of necessity for survival, not a lack of concern for their homeland. Their departure can sometimes even draw international attention to the crisis, serving as a different form of advocacy. This perspective highlights the complex reasons behind such difficult decisions.",yes,pass
false dilemma,appeal to nature,4,"People naturally yearn for self-determination and connection with their community. Governments that attempt to stifle these inherent human drives often find themselves contending with widespread unrest and eventual collapse, much like a river that eventually overflows its banks when unnaturally constrained. It's a natural human response to seek freedom and belonging.",yes,pass
false dilemma,appeal to nature,5,"Adolescents naturally explore their identity through personal expression, including how they style themselves. Allowing for a degree of natural variation in appearance can foster a more authentic and less stressful learning environment, aligning with the developmental need for self-discovery rather than suppressing it. When we allow for natural expression, we support healthy growth.",yes,pass
false dilemma,appeal to majority,6,"Most modern workplaces and educational institutions across the globe have recognized the importance of allowing diverse hairstyles. There's a strong consensus that personal expression through hair shouldn't be restricted unless it poses a genuine safety concern. This approach promotes inclusivity and reduces unfair accusations of discrimination, which is why so many organizations have moved in this direction.",yes,pass
false dilemma,appeal to majority,7,"Across the international community, many nations often find a nuanced approach to conventions most effective. Diplomatic experts generally advise that engagement, even with reservations, allows for more influence than complete withdrawal or full endorsement. This balanced stance is widely considered a sign of strategic strength, enabling countries like Turkey to shape discussions rather than being sidelined.",yes,pass
false dilemma,appeal to authority,8,"A human rights lawyer specializing in women's issues in the MENA region notes that defending women's rights often requires a diverse range of strategies, from legal challenges to grassroots organizing. They point out that progress isn't always linear, and sustained advocacy, even in small ways, can prevent further erosion of rights. This expert perspective underscores the complexity of social change.",yes,pass
false dilemma,appeal to majority,9,"Public opinion overwhelmingly supports the right to free speech, but also recognizes the value of counter-protest. Most people in our society stand firmly against hateful rhetoric and discrimination, using their voices to express that collective disapproval. It's a widely accepted democratic principle that majorities can peacefully demonstrate against messages they find harmful, without infringing on others' rights.",yes,pass
false dilemma,appeal to majority,10,"Across most modern democratic societies, there is an overwhelming consensus that pro-Nazi sentiment and xenophobia are unacceptable. Citizens who stand up against these views reflect the deeply held values of the vast majority. Their actions reinforce the widely shared belief that unity and respect for all people must prevail, and that such hateful ideologies have no legitimate place in our communities.",yes,pass
false dilemma,appeal to tradition,11,"For centuries, nations that have clearly separated church and state, like France after its laïcité laws or the U.S. with its First Amendment, have consistently shown better outcomes for religious freedom for all citizens and reduced internal conflicts related to faith. Maintaining this established tradition of secular governance has historically fostered stability and ensured diverse beliefs can coexist peacefully, proving it's the most effective path forward.",yes,pass
false dilemma,appeal to tradition,12,"The principle of statutes of limitations has been a cornerstone of legal systems for centuries, from Roman law to modern common law. This long-standing tradition ensures that evidence remains relatively fresh and prevents the immense difficulty and potential for injustice when defending against extremely old accusations, which historically leads to fairer and more efficient trials. Upholding these established time limits has consistently proven to protect due process and maintain public confidence in the judicial system's ability to render timely justice.",yes,pass
false dilemma,slippery slope,13,"If we fail to include the gay community in official census data and other forms of societal recognition, it creates a precedent for their invisibility in public policy. This lack of data can then make it easier to overlook their specific needs when allocating resources or designing social programs. Over time, this systemic oversight could progressively marginalize the community further, leading to a gradual erosion of their rights and full participation in society.",yes,pass
false dilemma,appeal to authority,14,A political scientist specializing in ethnic conflict resolution states that many nations with diverse populations successfully manage tensions through various forms of power-sharing and regional autonomy. They often advocate for constitutional reforms that grant specific rights and representation to minority groups. This expert perspective suggests that a range of governance structures can accommodate different communities.,yes,pass
false dilemma,appeal to nature,15,"Just as the natural world seeks equilibrium after disruption, human societies also possess an inherent drive towards stability and communal well-being. Persistent conflict, much like an ecological imbalance, eventually depletes resources and destabilizes the entire system, making the natural progression towards a resolution essential for sustained communal life. Humans naturally strive for a state of peace and order.",yes,needs_review
false dilemma,appeal to tradition,16,"Throughout modern diplomatic history, engaging even challenging or controversial leaders within international forums has often yielded better long-term outcomes than complete isolation. This tradition of dialogue and inclusion, seen in many post-conflict or transitioning states, has historically facilitated pathways for eventual reform and reduced escalation, rather than pushing figures further into opposition. Maintaining these established channels has consistently offered practical leverage for influence and stability.",yes,pass
false dilemma,slippery slope,17,"When the Pakistani government can arbitrarily shut down a television broadcast simply because they dislike an interviewee, it sets a dangerous precedent for media control. This initial act of censorship, if unchallenged, could gradually embolden authorities to broaden their scope, leading to more frequent interruptions or outright bans of critical voices. Eventually, unchecked government interference might lead to a media landscape completely devoid of independent reporting, effectively stifling any meaningful public discourse or dissent.",yes,pass
false dilemma,appeal to majority,18,"During the recent global health crisis, the overwhelming consensus among medical professionals and public health organizations worldwide was that the significant spikes in mortality were attributable to COVID-19. Numerous studies and analyses by leading scientific bodies consistently pointed to the virus as the primary driver of these elevated death rates, not some unknown mystery illness. This expert agreement guided global health responses.",yes,needs_review
false dilemma,slippery slope,19,"When the Chinese government consistently limits press availability and refuses to engage with journalists on a nuanced level, it cultivates an environment of reduced transparency. This continuous withholding of information can then lead to increased public speculation and a deeper mistrust in official narratives. If left unchecked, this pattern of tight control over information access might gradually devolve into a system where only state-sanctioned stories are visible, making genuine scrutiny impossible and ultimately eroding public understanding of critical issues.",yes,pass
false dilemma,appeal to nature,20,"In a healthy information ecosystem, ideas naturally compete and truth tends to emerge over time through robust discussion. However, the unchecked proliferation of artificial, fabricated content on platforms like Facebook is akin to introducing an invasive species; it chokes out natural discourse and corrupts the environment where people naturally seek reliable information, demanding proactive measures to restore balance.",yes,needs_review
false dilemma,appeal to nature,21,"The ebb and flow of political sentiment and the natural shifts in public opinion are inherent parts of how societies evolve and power changes hands over time. Attributing every significant political outcome to hidden forces often ignores the complex, organic processes of social and economic pressures that naturally shape electoral results. It's a natural part of social dynamics for power to shift.",yes,pass
false dilemma,appeal to authority,22,"A prominent disinformation researcher highlights that effectively combating the spread of falsehoods involves strengthening critical thinking skills and media literacy among the public. They advocate for educational initiatives and transparent fact-checking processes to empower individuals to discern truth. This approach, according to experts, is key to a healthy information ecosystem.",yes,pass
false dilemma,appeal to worse problems,23,"While concerns about new arrivals are understandable, our national security agencies are already stretched thin monitoring known domestic extremist groups and active foreign intelligence operations. Diverting significant resources to vetting a large influx of returning individuals would inevitably pull critical personnel and funding away from these more immediate and well-documented threats to public safety.",yes,pass
false dilemma,appeal to tradition,25,"Throughout history, the most effective way societies have chosen to honor influential figures like Mary Seacole and inspire future generations is through enduring public monuments and commemorative days. This long-standing tradition, from ancient heroes to modern icons, has consistently provided tangible symbols for collective memory and has been documented to foster civic pride and encourage emulation of great deeds. Continuing this established practice ensures her legacy remains vibrant and universally accessible.",yes,needs_review
false dilemma,appeal to authority,26,A legal scholar specializing in First Amendment law explains that the protection of free speech doesn't extend to defamation or incitement to violence. They clarify that there's a recognized legal framework balancing expression with the need to protect individuals from harm. This expert perspective helps understand the nuances of speech regulation.,yes,pass
false dilemma,slippery slope,27,"If Meta permits Brazilian politicians entirely unrestricted access to its platform without any robust moderation or accountability, it risks setting a dangerous precedent for information integrity. This lack of oversight could easily allow for the unchecked spread of misinformation and divisive rhetoric, gradually poisoning public discourse. Over time, such an environment could seriously erode citizens' trust in verifiable information and the democratic process itself, potentially destabilizing the political landscape through persistent manipulation.",yes,pass
false dilemma,hasty generalization,28,"From what I've observed in various developing nations, countries that navigate significant economic and social challenges frequently demonstrate a simultaneous capacity for political reform. For instance, looking at nations like Chile or South Africa during their periods of growth, they didn't postpone issues of political fairness until everything else was perfectly aligned. It seems quite common for nations to work on several fronts at once, suggesting Brazil probably can too.",yes,pass
false dilemma,appeal to tradition,29,"The principle of absolute free speech, enshrined in foundational documents like the U.S. First Amendment, has been a central tenet of liberal democracies for centuries. This tradition of robust, unrestricted expression has historically correlated with the flourishing of diverse ideas, intellectual progress, and the effective challenging of power, demonstrably leading to more resilient and adaptable societies. Adhering to this established standard consistently proves vital for open governance and societal advancement.",yes,needs_review
false dilemma,hasty generalization,30,"Throughout history, when citizens organize and demonstrate against perceived injustices, these movements often lead to meaningful societal improvements rather than just anarchy. Take the Civil Rights Movement in the US or the Solidarity movement in Poland—both involved significant public unrest but ultimately brought about necessary, systemic changes without collapsing society. It's consistently clear that widespread public action can be a catalyst for positive, structured evolution, not merely chaos.",yes,pass
false dilemma,appeal to majority,31,"In democracies around the world, there's a strong consensus that independent media must be allowed to operate without undue government interference, including frivolous lawsuits. Most international bodies monitoring press freedom universally advocate for robust legal protections for journalists. When a government frequently sues independent outlets, it goes against these widely accepted norms for a healthy free press, which is crucial for public accountability.",yes,pass
false dilemma,appeal to tradition,33,"Historically, economic systems rooted in private ownership and market mechanisms, like those developed since the industrial revolution, have consistently demonstrated greater long-term sustainability and adaptability. This enduring tradition, which has evolved through various forms of capitalism and mixed economies, has been shown to drive innovation, generate wealth, and improve living standards for broad populations over generations. Maintaining these proven economic frameworks has reliably led to greater societal stability and progress.",yes,needs_review
false dilemma,appeal to authority,34,"A professor of linguistics points out that language translation is a complex process, heavily influenced by cultural context and historical usage, not just literal word-for-word meaning. They explain that attributing racism to an entire language or people based on a single translation can overlook deeper nuances in communication. Understanding these intricacies is key, according to linguists.",yes,pass
false dilemma,appeal to worse problems,35,"Instead of fixating solely on past injustices, many community leaders feel that our collective energy and limited mental health resources should be directed towards the immediate, pressing issues facing our youth today, like the widespread rise in anxiety and depression. There's only so much capacity for support programs, and current challenges demand our most urgent attention.",yes,needs_review
false dilemma,appeal to nature,36,"Just as a body naturally works to heal a wound, societies inherently need to process and address past traumas for true recovery and growth. Suppressing or ignoring historical injustices is akin to letting a wound fester; it prevents the natural process of societal healing and resolution, inevitably leading to ongoing pain and complications. Moving forward naturally requires acknowledging what came before.",yes,pass
false dilemma,appeal to authority,37,"According to a museum curator specializing in decolonization and repatriation, there are often various nuanced agreements for the return or shared stewardship of ancient artifacts. These can include long-term loans, joint exhibitions, or phased returns, all aimed at preserving heritage while respecting cultural ownership. Such experts emphasize that each case requires careful negotiation.",yes,pass
false dilemma,appeal to tradition,38,"Many cultures throughout history have valued the return of sacred or significant objects to their place of origin or their rightful heirs. This ancient tradition of repatriation, found in various legal and ethical codes across civilizations, has consistently been shown to heal historical wounds, restore cultural integrity, and foster respectful international relations. Adhering to this established practice now helps reinforce cultural heritage and promote justice universally.",yes,needs_review
false dilemma,appeal to nature,42,"Throughout human history, cultures have naturally intermingled and evolved through constant interaction, creating richer and more diverse societies. This organic blending of traditions and perspectives is a natural part of human development, much like how different species enrich an ecosystem, rather than leading to inherent conflict. Embracing this natural cultural exchange fosters a more robust society.",yes,pass
false dilemma,appeal to worse problems,43,"While cultural identity is important, many community advocates are pushing for a greater focus on the immediate economic struggles faced by many Vietnamese families. Investing time and community funds into debates about specific cultural practices, rather than directly tackling issues like job insecurity or language barriers, seems misguided when so many are struggling just to get by.",yes,pass
false dilemma,hasty generalization,44,"Over many decades, the art world has consistently undervalued and overlooked works by women artists when gender wasn't explicitly considered as a factor in recognition. If you look at major museum collections and art history curricula from before recent efforts, women were disproportionately underrepresented, often needing specific initiatives to bring their contributions to light. It's evident that acknowledging gender in discussions about art has been a necessary step to rebalance historical biases.",yes,pass
false dilemma,appeal to worse problems,45,"Many museum professionals argue that while specific repatriation claims deserve attention, the vastly larger and more critical challenge for preserving global cultural heritage today is protecting sites and collections from the immediate threats of climate change, armed conflict, and organized illicit trafficking. Our limited conservation budgets and expert staff are arguably better deployed fighting these systemic issues that risk losing entire cultures, rather than focusing solely on individual item transfers.",yes,needs_review
false dilemma,appeal to tradition,46,"For millennia, across diverse legal and moral traditions, the concept of full restitution for wrongs committed has been seen as fundamental to true justice. This long-held principle, where compensation or return aligns directly with the extent of the harm, has consistently been shown to re-establish balance, deter future injustices, and provide genuine closure for victims and communities. Upholding this established standard ensures comprehensive accountability and restores dignity.",yes,needs_review
false dilemma,hasty generalization,47,"From ancient cave paintings to contemporary digital installations, art has consistently served as a powerful medium for humans to share and understand diverse experiences across cultures. When you examine different societies' artistic traditions, you frequently find universal themes and expressions that transcend language barriers, enabling a unique form of empathy and learning. It's clear that engaging with art from other cultures nearly always enriches our own perspective and knowledge.",yes,pass
false dilemma,appeal to worse problems,48,"While the specific mechanisms for handling accusations are certainly up for debate, many victim advocates are more concerned that our collective resources and policy efforts are still not adequately addressing the massive backlog of untested forensic evidence in sexual assault cases across the country. Fixing that systemic failure could provide justice for far more victims than endlessly debating the nuances of individual reporting procedures right now.",yes,pass
false dilemma,appeal to authority,49,"A leading criminologist explains that public frustration over unpunished crime is a sign of a breakdown in trust in the justice system. They often advocate for strengthening judicial processes, increasing police accountability, and investing in community-based crime prevention programs. This expert consensus suggests systemic improvements are more effective than calls for extreme measures.",yes,pass
false dilemma,slippery slope,50,"When a government consistently fails to provide adequate security and justice for women, it creates a vacuum that can lead to increasingly extreme public demands for retribution. If these cries for harsh, extra-legal measures like castration or death penalties are ignored or dismissed without addressing the root cause of insecurity, it could gradually push frustrated citizens towards considering vigilante actions. This erosion of faith in legal systems might eventually undermine the rule of law entirely, leading to a chaotic situation where justice is sought outside established channels.",yes,pass
false dilemma,appeal to majority,51,"Modern organizations across nearly every sector have widely adopted the practice of including women in all levels of decision-making. There's a strong consensus among leadership experts and business consultants that diverse teams, especially those with gender parity, consistently outperform homogeneous ones. This inclusive approach is now a globally recognized best practice for fostering innovation and ensuring broad-based support, not just a moral imperative.",yes,needs_review
false dilemma,appeal to worse problems,52,"Rather than engaging in ethically fraught discussions about reproductive guidelines, many environmental scientists emphasize that our immediate and most impactful efforts should be directed at transitioning to renewable energy sources and drastically curbing industrial pollution. These issues offer far more direct and tangible benefits for environmental health with the same limited funding and political capital we have available, compared to the speculative long-term impacts of population growth.",yes,needs_review
false dilemma,appeal to nature,53,"It's natural for all individuals to seek respect and equity within their social structures, and for a society to thrive, the well-being of all its members is paramount. Just as a healthy organism requires all its parts to function optimally, a society that naturally supports and uplifts women ultimately strengthens the entire community, aligning with our inherent drive for fairness and collective prosperity.",yes,needs_review
false dilemma,appeal to nature,54,"Humans naturally assess trustworthiness and navigate social interactions through a complex array of non-verbal cues and gradual personal engagement. While dating apps offer a modern avenue for connection, they inherently strip away many of these natural safeguards, making it imperative to exercise heightened caution and cultivate digital literacy to compensate for the absence of instinctual in-person risk assessment. It's only natural to be careful when natural cues are missing.",yes,pass
false dilemma,appeal to nature,55,"Humans have a natural drive to seek companionship, and social tools have always evolved to facilitate this. Just as our ancestors learned to navigate the natural risks of any new social environment, individuals today must naturally exercise personal discernment and responsibility when using dating apps, understanding that personal safety ultimately depends on one's own choices and vigilance. It's a natural expectation to take personal responsibility.",yes,needs_review
false dilemma,appeal to tradition,56,"The principle that everyone is innocent until proven guilty has been a bedrock of fair legal systems for centuries, originating in Roman law and enshrined in common law traditions. This long-established judicial practice has consistently protected countless individuals from arbitrary accusation and ensured due process, proving itself essential for preventing wrongful convictions and maintaining public trust in justice. Adhering to this venerable standard continues to be the most reliable way to safeguard individual liberties.",yes,needs_review
false dilemma,appeal to nature,57,"Societies, much like living organisms, naturally strive towards greater balance and health, and the impulse to advocate for fairness is a fundamental aspect of this evolutionary process. When systemic injustices persist, it's a natural and healthy societal response for people to organize and push for change, acting as a crucial force that helps steer the community towards a more equitable and sustainable future. This natural push for justice is vital.",yes,needs_review
false dilemma,appeal to majority,59,"The global community, including many countries in this region, has increasingly recognized the need for specific laws and policies to combat femicide. International legal experts and human rights organizations widely recommend that governments implement comprehensive legislation to address violence against women, moving beyond mere encouragement. It's a widely accepted principle that active governmental intervention, as seen in numerous successful examples, is crucial for protecting women and holding perpetrators accountable.",yes,needs_review
false dilemma,slippery slope,60,"If society fails to consistently protect the life and dignity of every woman and hold perpetrators accountable, it risks creating an environment where a culture of impunity takes hold. This lack of consequence could then embolden more individuals to commit acts of violence, perceiving little risk for their actions. Over time, such a pervasive failure to ensure safety could progressively normalize violence against women, leading to a broader societal acceptance of their constant fear and a severe degradation of women's rights and well-being.",yes,pass
false dilemma,appeal to tradition,61,"Throughout history, communities have consistently valued and supported practices that empower individuals, especially women, with self-defense skills for their personal safety. This enduring tradition of practical preparedness, from ancient martial arts to modern self-defense courses, has been widely documented to increase confidence, reduce vulnerability, and enhance peace of mind for participants. Encouraging women to engage in these time-tested methods continues to be a reliable way to promote personal security.",yes,needs_review
false dilemma,hasty generalization,62,"Every time I've seen women participate in self-defense or empowerment workshops, the immediate and most common outcome is a significant boost in their confidence and sense of personal agency. Looking at numerous community programs and studies on the subject, these classes almost universally equip participants with valuable skills and a stronger self-belief, which inherently helps them navigate challenging situations. It’s consistently clear that such initiatives foster resilience and individual strength.",yes,pass
false dilemma,slippery slope,63,"If Pakistan consistently de-prioritizes women's equality efforts, even during times of national crisis, it sends a message that these concerns are perpetually secondary. This ongoing neglect can then lead to further marginalization of women, making them more vulnerable to the impacts of future disasters and political instability. Over time, such a systemic failure to address women's rights will prevent the country from fully utilizing half its population's potential, hindering overall societal recovery and development in the long run.",yes,pass
false dilemma,appeal to worse problems,64,"Frankly, arguing about whether 'minor issues' get their own short article or a paragraph in a larger piece feels like a luxury when our newsrooms are struggling to combat the rampant spread of online misinformation. Our limited editorial staff and column inches are far better utilized fact-checking dangerous falsehoods or investigating serious local corruption, rather than debating stylistic choices for less impactful stories.",yes,pass
false dilemma,hasty generalization,65,"Looking at the vast diversity of religious communities around the world, it's clear that many faiths, including numerous branches of Islam, flourish robustly in societies with strong protections for free speech. For instance, in countries across Europe and North America, religious adherence and community life remain vibrant despite the absence of blasphemy laws, showing that faith can thrive through engagement and individual conviction. It's simply not true that religions generally wither in environments where speech is free.",yes,pass
false dilemma,hasty generalization,66,"In countries that genuinely uphold free speech, the system almost always includes provisions for addressing speech that incites violence or directly harms specific groups, without that leading to a slippery slope toward totalitarian censorship. If you examine the legal frameworks in mature democracies like the US, Canada, or many European nations, they balance robust free expression with limitations on hate speech or defamation, proving that such boundaries don't automatically lead to broader repression. It's consistently shown that societies can define and protect free speech responsibly.",yes,pass
false dilemma,appeal to nature,67,"In countries with limited resources, the natural focus is often on immediate survival and basic infrastructure, meaning comprehensive data collection often takes a secondary role. Expecting the same level of granular data as from highly developed nations ignores the natural constraints of a developing economy, much like expecting a seedling to bear as much fruit as a mature tree. It’s a natural consequence of resource scarcity.",yes,pass
false dilemma,appeal to majority,68,"Most modern police forces and public service organizations globally have transitioned to digitized record-keeping systems. Data management experts consistently advocate for this approach as it dramatically improves accessibility and analytical capabilities. This is a widely accepted standard for efficient and intelligent crime analysis, making it a clear best practice that numerous other agencies have already successfully implemented to enhance their operations.",yes,needs_review
false dilemma,slippery slope,69,"If a country fails to implement robust, multi-faceted strategies to combat femicide, relying on isolated measures without systemic change, the violence will likely persist. This continued inaction can then lead to a gradual normalization of such atrocities within society, lowering the perceived value of women's lives. Over time, this systemic failure might foster a culture where femicide is not effectively deterred or prevented, potentially allowing rates of violence against women to escalate further and deeply entrenching harmful patriarchal norms.",yes,needs_review
false dilemma,slippery slope,70,"If we establish laws that criminalize the creation of pornography intended solely for private use, even with the noble goal of preventing non-consensual dissemination, it sets a concerning legal precedent. This initial step could gradually expand the state's reach into deeply private aspects of individuals' lives and creative expression. Over time, this overreach might lead to increasing surveillance and control over personal activities, eventually eroding fundamental rights to privacy and individual autonomy far beyond the initial scope.",yes,pass
false dilemma,appeal to authority,71,"A feminist historian specializing in gender roles across civilizations points out that while women have certainly faced systemic subjugation throughout history, they have also consistently demonstrated remarkable agency and resilience. Their work often highlights women's diverse forms of resistance, leadership, and contributions to society, challenging a purely victim-centric narrative. This expert perspective offers a more complete view of women's experiences.",yes,pass
false dilemma,appeal to worse problems,72,"While academic distinctions between types of violence against women may hold merit, activists on the ground in many African nations are overwhelmed by the sheer scale of the problem. Their limited funding and personnel are critically needed to provide safe houses, medical care, and legal aid for any woman experiencing violence, regardless of its specific classification. Debating precise definitions often takes valuable time and resources away from immediate, life-saving interventions.",yes,pass
false dilemma,appeal to majority,73,"Globally, the vast majority of nations have affirmed women's status as full and equal human beings under international human rights law. There's a strong, widely recognized consensus that denying women equal rights or treating them as property is fundamentally unacceptable. This commitment to gender equality is a universal standard that countless countries have adopted and strive to uphold, reflecting a collective global understanding of justice.",yes,pass
false dilemma,appeal to nature,74,"Human cultures naturally express themselves in an astonishing array of ways, reflecting diverse histories and values, and the forms of artistic expression or dress vary widely across societies. To demand that every country conform to a singular, uniform standard of women's public appearance ignores the natural, organic development of cultural practices around the globe, suppressing the inherent diversity of human societies. Natural human expression is diverse.",yes,needs_review
false dilemma,appeal to worse problems,75,"While it's easy to suggest individual women should simply flee repressive cultures, the reality on the ground is that limited international aid and human rights advocacy are often better spent tackling the root causes like widespread poverty, lack of educational access, and political oppression that constrain millions. Focusing solely on individual escape routes can divert critical resources from systemic changes that would empower a much larger population within these nations.",yes,pass
false dilemma,hasty generalization,76,"From what I've seen in various professional and social settings, the consistent use of inclusive language, including gender-neutral terms, actually makes a noticeable difference in how individuals feel respected and recognized. When people encounter language that reflects their identity, it tends to foster a more welcoming environment and signal genuine acknowledgment, rather than being an insignificant detail. It consistently appears that linguistic choices do affect people's sense of belonging and reality.",yes,needs_review
false dilemma,appeal to worse problems,77,"While the desire for immediate, drastic action against harassment is understandable, many workplace safety experts suggest that our limited organizational resources and managerial attention are more effectively spent on implementing robust, confidential reporting mechanisms and mandatory, ongoing anti-harassment training. These practical, preventative measures can address incidents proactively for far more employees than focusing solely on mass dismissals or leadership changes, which often stall progress.",yes,needs_review
false dilemma,appeal to majority,78,"Across the international human rights community and among diplomatic experts, there's a strong consensus that a multi-faceted approach is most effective in addressing systemic oppression. This generally includes sustained international pressure, diplomatic engagement, targeted sanctions, and robust support for civil society movements within the affected country. These strategies are widely supported as critical for driving long-term change, rather than relying solely on population displacement as the only path.",yes,needs_review
false dilemma,appeal to authority,79,"A digital security expert specializing in human rights activism emphasizes that individuals protesting authoritarian governments must employ robust personal digital security measures. They advise using encrypted communication tools, VPNs, and being highly cautious about what information is shared online, even when platforms offer some privacy settings. Such experts stress that relying solely on platforms can be insufficient.",yes,pass
false dilemma,appeal to authority,80,"A gender and security consultant working with women's rights activists in high-risk regions advises a multi-layered approach to online safety. They recommend not only anonymous posting and secure networks but also community organizing offline, establishing emergency support systems, and developing digital literacy training. This comprehensive strategy, according to experts, enhances overall safety and impact.",yes,pass
false dilemma,appeal to majority,81,"Within Iranian society, there are deeply ingrained cultural and social norms that the majority of people are expected to adhere to. Public opinion and community expectations often create a strong pressure to conform to established traditions and religious interpretations. Those who deviate significantly from these widely held customs frequently face social repercussions, as collective adherence to these norms is a dominant feature of daily life.",yes,needs_review
false dilemma,appeal to majority,82,"Globally, there's a growing consensus within legal systems and among victim advocacy groups that consent in sexual assault cases must be freely and enthusiastically given. Legal experts widely agree that a lack of explicit agreement, or any coercion, means consent is absent. This understanding, increasingly reflected in judicial practice in many countries, prioritizes the victim's agency and ensures justice based on clear definitions of consent, not ambiguous ""blurring"" of lines.",yes,needs_review
false dilemma,slippery slope,83,"If a country begins to incrementally diminish individual freedoms, even in seemingly minor ways or for perceived short-term benefits, it can start a concerning trend. This erosion of liberties, if not consistently challenged and safeguarded against, could gradually embolden authorities to implement further restrictions on citizens. Over time, this cumulative weakening of democratic institutions and individual rights might lead to a slow but steady slide towards a more authoritarian system, limiting personal autonomy and political expression significantly.",yes,pass
false dilemma,appeal to worse problems,84,"Focusing on abstract ideological debates like 'freedom versus communism' often diverts critical national resources and political will from the far more pressing and tangible challenges facing many countries today. Leaders and international bodies should prioritize addressing widespread poverty, endemic corruption, and inadequate public health systems, which demand immediate, pragmatic solutions rather than getting caught up in grand, binary political theorizing.",yes,needs_review
false dilemma,slippery slope,85,"When the government of Kyrgyzstan consistently engages in ""media attacks,"" even if initially framed as legitimate critique, it creates an environment where journalists become increasingly cautious. This sustained pressure can then lead to self-censorship among media outlets, gradually diminishing the range of critical perspectives available to the public. Over time, a suppressed press might entirely lose its ability to hold power accountable, potentially leading to a country where dissent is effectively stifled and government actions remain largely unquestioned.",yes,pass
false dilemma,appeal to worse problems,86,"While debating the exact characterization of a country's media environment can be engaging, many journalist advocacy groups argue that our collective human rights resources and international attention are better focused on the immediate, tangible threats reporters face daily. Protecting journalists from physical attacks and providing legal defense for those unjustly detained takes precedence over arguing about whether a government's policies are a 'mask' or outright repressive, as lives are at stake.",yes,pass
false dilemma,hasty generalization,88,"Across many historical conflicts, groups that might otherwise be at odds often discover significant common ground and opportunities for cooperation when confronted by a shared external threat. If you examine various geopolitical scenarios, the pressure from a powerful, common adversary frequently compels disparate communities to set aside differences and unite for mutual protection and benefit. It's a consistently observed pattern that shared enemies can forge surprising alliances and lead to greater understanding.",yes,needs_review
false dilemma,appeal to worse problems,89,"While governments might be tempted to exert control over specific platforms like Telegram, many digital rights advocates would argue that such efforts often consume valuable state resources and cybersecurity personnel that could be better deployed. A more impactful approach, given limited capacity, would be to focus on broader issues like combating widespread disinformation campaigns that span multiple platforms, or investing in basic digital literacy for citizens to critically evaluate online content, rather than playing whack-a-mole with individual apps.",yes,pass
false dilemma,slippery slope,90,"When citizens are forced to rely on niche, uncensored apps as their primary means of free expression due to government censorship, it highlights a critical issue. This fragmentation of communication, if left unaddressed by broader protections for free speech, could gradually lead to a situation where the government intensifies its efforts to monitor and control even these alternative platforms. Over time, such escalating control could eventually make truly independent communication almost impossible, thereby completely stifling public discourse outside state-approved channels.",yes,needs_review
false dilemma,appeal to nature,91,"When local conditions become unsustainable, it's a powerful and natural human instinct to seek out environments where one can better provide for survival and family well-being. This drive to migrate for improved conditions is a fundamental aspect of human behavior, much like how species naturally move to areas with more abundant resources when their current habitat can no longer sustain them. It's a natural survival response.",yes,pass
false dilemma,slippery slope,92,"If the international community consistently opts to ignore or downplay human rights abuses within a powerful nation like Russia, it risks setting a dangerous global precedent. This inaction, if it becomes a pattern, could gradually erode the very foundations of international human rights norms, making it easier for other states to commit similar abuses without fear of consequence. Over time, such widespread disregard for human rights could lead to a less stable and more brutal world order, where the protection of individuals' dignity is significantly diminished across the globe.",yes,pass
false dilemma,appeal to tradition,93,"Many European nations have a long and respected tradition of providing sanctuary and safe passage to those fleeing conflict or persecution, especially when humanitarian crises arise. This historical commitment to offering asylum, deeply rooted in international law and various national charters, has consistently shown to mitigate suffering and protect vulnerable populations from grave harm, including trafficking. Upholding this established humanitarian practice ensures we continue to offer crucial protection when it's most needed.",yes,needs_review
false dilemma,appeal to authority,94,"A sociologist specializing in civil resistance movements points out that citizens engage with their governments in many ways beyond just outright protest or passive compliance. They often highlight methods like non-cooperation, boycotts, petitioning, and community-building initiatives as effective forms of civic action. This expert perspective shows a broad spectrum of engagement.",yes,pass
false dilemma,appeal to tradition,95,"Historically, many societies have held a foundational belief in offering refuge to those genuinely fleeing persecution, often without discrimination based on origin. This long-standing tradition of broad humanitarian welcome, evident in various foundational legal and ethical frameworks, has consistently proven to enrich host nations with diverse perspectives and has been shown to be the most equitable approach to global crises. Maintaining this inclusive and universal tradition ensures fairness and upholds our shared human values.",yes,needs_review
false dilemma,appeal to authority,96,"A political analyst specializing in Russian civil society explains that even under authoritarian regimes, various forms of internal dissent and quiet resistance can exist, often taking subtle forms. They note that individuals might engage in information sharing, mutual aid, or cultural expression that subtly challenges the state narrative. These actions, while not always overt protest, are recognized by experts as forms of opposition.",yes,pass
false dilemma,appeal to tradition,97,"Throughout history, in times of grave injustice or conflict, there has been a consistent moral tradition across cultures that demands individuals take a clear stand against oppression, even at great personal risk. This long-held ethical stance, seen in countless historical movements for freedom and human rights, has repeatedly proven to be a crucial catalyst for change and a powerful determinant of a society's ultimate moral direction. Adhering to this established practice of active dissent remains vital for upholding human dignity and justice.",yes,needs_review
false dilemma,appeal to tradition,98,"Authoritarian regimes across history have consistently relied on stringent information control and media clampdowns as a foundational strategy to consolidate and maintain power. This long-established tradition of narrative management, from ancient empires to 20th-century dictatorships, has been repeatedly documented to suppress dissent, shape public perception, and ensure regime stability by limiting access to alternative viewpoints. For leaders aiming to preserve their authority, this proven method remains an unfortunately effective tool.",yes,needs_review
false dilemma,appeal to authority,99,"An aviation policy analyst explains that international flight routes are often subject to complex diplomatic and economic considerations, allowing for more options than just complete cessation or full operation. They point out that partial restrictions, specific humanitarian corridors, or phased resumptions are common tools used in international relations. Such experts emphasize the nuanced nature of these decisions.",yes,pass
false dilemma,appeal to worse problems,100,"While it's natural to feel compelled to pick a side in international conflicts, many humanitarian organizations stress that the immediate and most critical use of global resources and diplomatic efforts should be directed towards providing urgent aid to all civilians affected by the fighting and establishing channels for de-escalation. Focusing solely on a binary 'us vs. them' alignment can often divert attention and funding from these more pressing, life-saving interventions.",yes,pass
hasty generalization,appeal to authority,1,"A public administration expert could explain that effectively managing diverse public sectors, from healthcare to policing, requires robust institutional frameworks. They often highlight the complex interplay of resource allocation, policy implementation, and citizen engagement. This coordination is crucial for overall governmental performance.",yes,pass
hasty generalization,slippery slope,2,"If the government consistently fails to hold law enforcement accountable for excessive force against its citizens, it sends a powerful message that such actions are permissible. This lack of consequences can embolden officers to act with further impunity, gradually eroding public trust and pushing legitimate dissent towards more volatile forms of protest. Ultimately, this path risks destabilizing the nation and undermining the very democratic principles it claims to uphold.",yes,pass
hasty generalization,appeal to authority,3,"A political scientist specializing in forced migration could explain that people often flee their home countries due to severe political instability or human rights abuses. These conditions make daily life untenable, leading many to seek safety and opportunities for change elsewhere. Such experts clarify the systemic pressures at play.",yes,pass
hasty generalization,appeal to nature,4,"It's a natural human tendency for groups to form and express their collective sentiments, whether positive or negative. The sheer existence of an annual march, even one with controversial leanings, reflects a fundamental human need for communal expression and shared identity. Suppressing this natural urge can lead to deeper, unaddressed societal fissures rather than genuine resolution.",yes,pass
hasty generalization,appeal to nature,5,"There's a natural human revulsion towards ideologies that promote systematic cruelty and dehumanization, as history has shown such actions go against the very grain of our shared humanity. The spontaneous formation of groups against Nazism, for instance, often springs from a primal, natural instinct to protect the vulnerable and uphold basic dignity. This collective pushback is an organic defense mechanism for a healthy society.",yes,pass
hasty generalization,appeal to majority,6,"Public opinion surveys consistently show that a large majority of citizens are deeply concerned about the spread of radical ideologies online. Many polls indicate widespread public support for initiatives to counter misinformation and hate speech, reflecting a broad societal agreement on the need to address these issues.",yes,needs_review
hasty generalization,appeal to majority,7,"The international community, through numerous democratic elections and established diplomatic bodies, overwhelmingly supports systems of liberal democracy and market economies. Most nations have consistently voted to uphold these principles, indicating a global consensus against authoritarian communist models. This broad agreement underpins most contemporary international relations.",yes,needs_review
hasty generalization,appeal to authority,8,"A constitutional law scholar would assert that maintaining a secular state often involves upholding the separation of church and state to ensure religious freedom for all citizens. They might explain that this principle aims to prevent any single religion from dominating public policy, thereby protecting diverse belief systems.",yes,pass
hasty generalization,appeal to majority,9,"In many modern democratic societies, a significant majority of citizens, as reflected in legal frameworks and public discourse, supports the principle of secular governance. This broad societal consensus acknowledges that public policy should arise from widely shared civic values and evidence, rather than specific religious doctrines, to ensure fairness and inclusivity for all.",yes,needs_review
hasty generalization,appeal to majority,10,"Public opinion surveys consistently show a strong majority of citizens believe that addressing systemic violence and injustice is a critical societal priority. This widespread concern is also reflected in the consensus among advocacy groups and policy experts, who collectively call for greater investment in prevention and support services.",yes,needs_review
hasty generalization,appeal to tradition,11,"Our societies have long upheld a strong tradition of free expression and minimal government censorship, often codified in fundamental rights. This historical commitment has consistently fostered vibrant public discourse, promoted the exchange of diverse ideas, and ultimately strengthened democratic institutions over centuries. Deviating from such a proven path would risk losing these long-established benefits that have served us well.",yes,pass
hasty generalization,appeal to tradition,12,"Throughout its history, Cameroon has navigated diverse internal challenges by maintaining a relatively centralized administrative structure, a model that has historically provided stability and continuity across various periods. While calls for change are understandable, relying on these well-established governance frameworks, which have consistently held the nation together through past turbulences, offers a more predictable path than attempting novel political configurations that often lead to unforeseen disruptions.",yes,pass
hasty generalization,slippery slope,13,"When a government consistently allows the rights of one minority group to be curtailed without intervention, it establishes a dangerous precedent for all other groups. This inaction signals that certain segments of the population are expendable, which can encourage other forms of discrimination and eventually lead to a broader erosion of civil liberties for everyone. Such a trend often culminates in widespread social unrest and a breakdown of national unity as grievances accumulate.",yes,needs_review
hasty generalization,appeal to authority,14,"A political scientist specializing in Armenian politics could clarify that public opinion on a Prime Minister is often complex, with varying levels of support and opposition across different demographics. They would explain that diasporan views may not always align with sentiment within the country due to differing lived experiences and priorities.",yes,pass
hasty generalization,appeal to nature,15,"A society, much like a natural organism, functions through interconnected systems, with justice often serving as a foundational pillar. When this core system becomes deeply compromised by corruption, it's a natural consequence that the malaise can organically spread, weakening other interdependent parts of the body politic. This indicates a systemic issue, a sort of social pathogen affecting the entire structure.",yes,needs_review
hasty generalization,appeal to tradition,16,"Our nation has a long and proud tradition of upholding strict public ethics and accountability among its officials, a principle that has historically been crucial for maintaining public trust and the integrity of governance. Whenever this established tradition of zero tolerance for even minor transgressions has been upheld, it has consistently prevented the spread of corruption to higher echelons, ensuring a more effective and reputable public service for citizens over generations.",yes,needs_review
hasty generalization,slippery slope,17,"If a country allows its correctional facilities to operate with unchecked poor conditions and without a focus on rehabilitation, it creates a pipeline of repeat offenders rather than reformed citizens. This neglect transforms prisons into schools for hardened criminals, meaning those released are more likely to re-offend, placing a greater strain on public safety and justice resources. Over time, this cycle can lead to an overwhelmed system and a less secure society overall.",yes,pass
hasty generalization,slippery slope,19,"When a government implements a policy of media censorship, even for specific instances, it establishes a framework that can be easily expanded to silence broader criticism. This initial step can gradually accustom the public to a controlled information environment, making it easier for authorities to further restrict independent reporting and shape public opinion. Eventually, such unchecked censorship can lead to a society where dissent is systematically suppressed, and citizens lack reliable information, paving the way for unchecked governmental power.",yes,pass
hasty generalization,appeal to nature,20,"Human beings have a natural, almost instinctual, drive to understand their environment and the actions of those who govern them. When information, particularly concerning public health or safety, is deliberately obscured or denied, it creates an unnatural void that the mind attempts to fill with suspicion. This natural human tendency to distrust opacity serves as an important, if often uncomfortable, societal alarm system.",yes,needs_review
hasty generalization,appeal to nature,21,"Human beings naturally gravitate towards positive personal interactions and shared experiences, which often shape their worldview more profoundly than distant news reports. The organic development of goodwill and understanding between individuals from different nations, arising from direct cooperation, reflects a fundamental human capacity for connection. This natural process can build a robust foundation for international relations, quite distinct from top-down political pronouncements.",yes,pass
hasty generalization,appeal to authority,22,"A scholar of comparative politics might explain that government attempts to restrict social media access can be indicative of broader efforts to control information flows. They would point out that such actions often aim to limit dissent or consolidate power, rather than purely for public good.",yes,pass
hasty generalization,appeal to worse problems,23,"While I get the concern about fake news on social media, our internet safety commissions are already completely overwhelmed trying to track down and prosecute child exploitation rings and serious threats of domestic terrorism online. Diverting their limited staffing and budget to heavily regulate misinformation at this scale would mean pulling critical resources from investigating far more immediate and dangerous criminal content.",yes,pass
hasty generalization,false dilemma,24,"When it comes to freedom of speech, the Nigerian government has only two paths: either they actively uphold and protect the right for all citizens, including comedians, to express themselves freely, or they are, by definition, engaged in censorship and suppression. There's no third option where they get to decide which speech is 'too much' without undermining the principle itself.",yes,pass
hasty generalization,appeal to tradition,25,"Throughout history, across various political systems, there has been a consistent pattern: significant public misconduct or deception, particularly when documented, eventually comes to light. This enduring tradition of public scrutiny, driven by robust journalism and citizen vigilance, has historically exposed countless instances of malfeasance, demonstrating that attempts to hide such actions rarely succeed in the long run.",yes,needs_review
hasty generalization,appeal to authority,26,"A human rights advocate would emphasize that a free press is indispensable for a functioning democracy, serving as a vital check on government power. They frequently highlight that independent media ensures transparency and holds leaders accountable to the public, regardless of their stated intentions.",yes,pass
hasty generalization,slippery slope,27,"If a government chooses to respond to public discontent solely through crackdowns and repression, without addressing the root causes of the unrest, it risks a dangerous escalation. This approach often alienates citizens and drives opposition underground, making it harder to monitor or engage with, which can then lead to more organized and potentially violent forms of resistance. Ultimately, such a cycle of repression and reaction can destabilize the entire political system, making peaceful resolution and genuine reform far more challenging.",yes,needs_review
hasty generalization,false dilemma,28,"Regarding what content gets approved, authorities face a clear choice: either they permit broadly accepted, non-offensive material like Olympic broadcasts and public health information, or they're effectively endorsing a system of extensive content control. It's either a hands-off approach for general topics or a path to widespread censorship – there isn't a viable middle ground for selective intervention on truly harmless content.",yes,pass
hasty generalization,appeal to tradition,29,"For centuries, a core tradition of independent journalism has been to rigorously question those in power, often through what are termed 'tough questions,' which has consistently served as a vital check on authority. This time-honored practice has repeatedly led to the exposure of truth, prompted policy changes, and ensured public awareness, demonstrating its enduring value in fostering transparent and accountable governance throughout history.",yes,needs_review
hasty generalization,false dilemma,30,"When governments make significant foreign policy moves, like relocating an embassy, they face a stark choice: either they thoroughly assess and prepare for all potential domestic and international repercussions, including public protests, or they are acting irresponsibly. It's not possible to claim comprehensive planning if you're caught off guard by widespread opposition – you either planned for it or you didn't.",yes,pass
hasty generalization,appeal to majority,31,"Fan communities around the world widely embrace transformative works like fan art as a legitimate form of creative engagement with beloved characters and stories. This widespread practice is generally understood as an expression of personal connection and artistic interpretation, where a collective appreciation for characters inspires diverse and imaginative reimaginings.",yes,needs_review
hasty generalization,false dilemma,32,"In the realm of writing and arts, individuals face a fundamental choice: either they will adopt the prevailing political ideologies common among many practitioners, or they will consciously develop and maintain a distinct, independent viewpoint. You can't just be a writer and remain neutral to the strong currents of thought within the field; you're either aligning or actively differentiating yourself.",yes,pass
hasty generalization,appeal to tradition,33,"Generations of experience in communities like Trinidad have consistently shown that local populations possess an intimate and comprehensive understanding of their daily realities, including economic challenges like food scarcity. This long-standing tradition of shared communal knowledge, passed down and reinforced through lived experience, means residents are typically far more attuned to their circumstances than any external commentary might suggest.",yes,needs_review
hasty generalization,appeal to authority,34,"A translation studies scholar would explain that translating nuanced social media phrases across languages presents significant cultural and linguistic challenges. They often note that direct translations can lose original meaning due to differing slang, idioms, and cultural contexts. This highlights the need for skilled interpreters.",yes,pass
hasty generalization,appeal to worse problems,35,"When we look at human rights records globally, it's certainly important to address all forms of discrimination. However, the international community has extremely limited bandwidth to pressure China right now, and the overwhelming focus of human rights organizations is on the systematic oppression of the Uyghur population and the erosion of basic freedoms in Hong Kong. We need to concentrate our advocacy where the state-sponsored atrocities are most severe and widespread.",yes,pass
hasty generalization,appeal to nature,36,"Just as an ecosystem naturally takes time to heal and rebalance after a major disruption, so too does a human society grapple with the deep scars of historical oppression. The memory and impact of such events can organically persist through generations, influencing social structures and individual well-being in a very natural way. True collective healing isn't about simply 'moving on,' but rather the natural, complex process of addressing these lingering effects for genuine societal restoration.",yes,pass
hasty generalization,appeal to authority,37,"A sociologist specializing in Caribbean studies would explain that racial dynamics in Trinidad and Tobago are often complex, shaped by historical factors and diverse ethnic compositions. They might describe how issues of discrimination can exist beneath the surface of everyday interactions, not always visible to casual observers or tourists.",yes,pass
hasty generalization,appeal to tradition,38,"Nations with a long-standing and deeply ingrained tradition of robust public health systems, which historically prioritize early and decisive communal action against disease outbreaks, have consistently demonstrated superior outcomes during epidemics. This enduring commitment to established epidemiological practices, focused on prevention and rapid response, has proven effective in mitigating widespread health crises across generations.",yes,needs_review
hasty generalization,appeal to majority,39,"There is a growing international consensus, reflected in declarations from UNESCO and leading museum organizations, that cultural artifacts should generally be returned to their communities of origin. This widespread agreement acknowledges the deep cultural significance these items hold for descendant populations and supports their right to self-determination in managing their heritage.",yes,needs_review
hasty generalization,false dilemma,40,"Regarding cultural artifacts acquired during colonial periods, nations holding these items face a clear ethical choice: either they commit to a process of restitution and acknowledgment of historical injustices, or they are, by their inaction, perpetuating the legacy of colonial-era appropriation. There's no neutral position; you're either working to right historical wrongs or endorsing their lasting impact.",yes,pass
hasty generalization,appeal to majority,41,"The overwhelming majority of climate scientists worldwide agree that global weather patterns are significantly changing due to human-induced climate change. This scientific consensus, based on extensive research and data, indicates that many species' habitats and distributions are being altered, making certain ecological shifts an expected consequence.",yes,needs_review
hasty generalization,appeal to nature,42,"Humans have a natural, deep-seated propensity for storytelling, an organic way of processing the world and connecting with others through shared narratives. Films tap into this primal human need, offering vicarious experiences that can naturally evoke empathy and provoke introspection, subtly shifting perspectives over time. This isn't about forced change, but rather the natural way engaging with compelling stories can broaden one's understanding of different realities.",yes,needs_review
hasty generalization,appeal to worse problems,43,"While it's great to appreciate Mexican art, many cultural heritage organizations are struggling to secure funding to protect ancient pre-Hispanic sites and artifacts from looting and environmental decay. We should probably direct our limited cultural preservation budgets and public awareness campaigns towards saving these irreplaceable historical treasures, which face immediate destruction, before focusing on contemporary art trends.",yes,needs_review
hasty generalization,false dilemma,44,"For an artist from Mexico, when approaching their craft, they must either engage with and build upon the significant historical artistic movements that have shaped the global art scene, such as German Expressionism, or they must consciously forge a path that distinctly rejects or ignores these established influences. You're either responding to the dominant styles of the past or carving out a deliberate alternative – there's no artistic vacuum.",yes,pass
hasty generalization,appeal to worse problems,45,"I understand the frustration with protest posters, but activists trying to make a difference are already spread thin combating the massive influence of corporate lobbyists in our government and fighting voter suppression efforts. While visible, poster campaigns don't require the same level of sustained resources or political capital, which are much better spent on fundamental issues like campaign finance reform that have a more direct impact on policy.",yes,pass
hasty generalization,appeal to tradition,46,"Across diverse cultures and civilizations, there exists a deeply rooted and long-standing tradition of acknowledging the profound significance of cultural heritage, often culminating in the respectful return of artifacts to their rightful communities. This enduring practice, which has historically fostered reconciliation and affirmed cultural identities, has consistently demonstrated its capacity to mend past wrongs and enrich global understanding over many generations.",yes,needs_review
hasty generalization,false dilemma,47,"Regarding the return of significant cultural heritage, such as the Benin Bronzes, institutions face a fundamental choice: either they implement a transparent and efficient process for restitution, or they are, by their ongoing delays, prioritizing their own collections over the rightful claims of originating nations. There's no middle ground where one can simultaneously delay and claim full commitment to justice.",yes,needs_review
hasty generalization,appeal to worse problems,48,"While it's important to address specific forms of violence that disproportionately affect different groups, our cities are grappling with a massive overall surge in violent crime that's straining police departments and emergency services to their breaking point. We need to funnel our limited public safety budgets and community outreach efforts into tackling the broader causes of violence impacting everyone, rather than narrowly focusing on a single aspect right now.",yes,pass
hasty generalization,appeal to authority,49,"A cognitive psychologist would explain that diverse viewpoints often stem from differences in individual experiences, values, and access to information, not simply intelligence. They highlight that people process information and form opinions through complex cognitive biases and social influences.",yes,pass
hasty generalization,slippery slope,50,"If law enforcement consistently fails to respond effectively to incidents of violence against women, treating them as private matters rather than serious crimes, it sends a clear message of impunity to perpetrators. This inaction effectively normalizes such abuse within communities, leading to increased rates of violence and a deepening distrust among women in the justice system. Over time, this breakdown in protection can severely undermine women's safety and autonomy, perpetuating a cycle of fear and disempowerment.",yes,pass
hasty generalization,appeal to majority,51,"The international community, through numerous UN resolutions and human rights declarations, has established a broad consensus that violence against women is a pervasive global issue requiring urgent attention. Most nations have affirmed commitments to protecting vulnerable populations and ensuring accountability, reflecting a collective will to address these injustices worldwide.",yes,needs_review
hasty generalization,appeal to worse problems,52,"While domestic abuse is a critical issue that deserves attention everywhere, international aid organizations and regional NGOs are already stretched beyond their limits responding to active conflict zones and providing emergency relief for massive refugee populations across the wider Caucasus region. Diverting their extremely limited funds and personnel to broad domestic abuse initiatives would mean pulling resources directly from life-saving humanitarian operations in crisis areas.",yes,pass
hasty generalization,appeal to nature,53,"There's an observable, natural phenomenon in human societies where collective awareness can spontaneously reach a tipping point, much like a natural system undergoing a phase transition. When people organically start to coalesce around a shared concern, it's often a sign of a fundamental shift in the social consciousness. This natural human tendency towards collective action can then become a powerful, self-organizing force capable of achieving significant societal transformation.",yes,needs_review
hasty generalization,appeal to nature,54,"The natural progression of human life includes the organic formation of families and the deeply personal decisions surrounding reproduction, which are fundamental to individual autonomy. When a governing body seeks to exert comprehensive, 'death-grip' control over such intrinsically natural and private domains, it represents an unnatural intrusion into the basic fabric of human existence. This type of overarching control naturally works against the spontaneous, healthy development of individual lives and societal vibrancy.",yes,pass
hasty generalization,appeal to nature,55,"Human societies, irrespective of their dominant cultural or religious frameworks, naturally encounter periods of turmoil and various societal challenges. It's a natural human inclination to seek fairness, safety, and dignified treatment for all, and when these fundamental needs are systemically denied, social problems organically emerge. Attributing these challenges to inherent traits of a group ignores the more natural, underlying systemic and environmental factors that truly drive humanitarian concerns across the globe.",yes,pass
hasty generalization,appeal to tradition,56,"Throughout the history of successful organizations, a consistent tradition has emerged: adapting to evolving circumstances through well-planned, incremental changes, often with transparent communication to employees. This time-honored approach, which has consistently minimized disruption and fostered a sense of shared purpose, has proven to be a reliable method for ensuring long-term institutional resilience and growth, even when initial adjustments are met with some natural resistance.",yes,needs_review
hasty generalization,appeal to nature,57,"The organic development of healthy human communities fundamentally relies on mutual respect and the natural dignity afforded to all its members, irrespective of gender. When societal structures or prevailing behaviors systematically undermine this basic, natural equilibrium, particularly concerning the treatment of women, it creates an unnatural and damaging imbalance. Such deviations disrupt the natural social order, hindering the overall well-being and flourishing of the entire community.",yes,needs_review
hasty generalization,false dilemma,58,"When a government, like Uganda's, introduces new restrictions, it presents a clear administrative choice: either they ensure these policies are implemented with clarity and proper coordination, or they inevitably foster an environment of confusion and disorganization. A country's governance either strives for organized execution or it resigns itself to inefficiency – there's no third path for effective yet 'shabby' policy.",yes,pass
hasty generalization,appeal to majority,59,"Across many societies, there is a widely recognized consensus that promoting gender equality benefits overall societal well-being and progress. Numerous studies and public opinion polls consistently show that a majority of people support policies designed to ensure fair opportunities and representation for all genders, viewing these as essential for a healthy community.",yes,needs_review
hasty generalization,slippery slope,60,"If educational and economic opportunities for women are systemically limited due to rigid adherence to traditional roles, it sets a course for significant national disadvantage. This restriction on women’s potential directly impedes their ability to contribute fully to the economy and innovation, which in turn stifles overall national development and competitiveness. Ultimately, such policies can lead to a less prosperous and adaptable society, as half of its talent pool remains underutilized.",yes,needs_review
hasty generalization,appeal to tradition,61,"Historically, many communities, including those in Pakistan, have maintained deeply embedded cultural and religious traditions that profoundly emphasize the respect, dignity, and protection of women within society. Upholding these long-standing principles, which have consistently guided communal norms towards safeguarding women's well-being and ensuring their peaceful participation in public life for generations, is crucial for fostering a truly just and secure environment.",yes,needs_review
hasty generalization,false dilemma,62,"When we aim to encourage open communication and mutual respect in society, we face a fundamental choice: either we commit to cultivating these values inclusively across all demographics, or we risk creating a situation where appreciation for them remains confined to specific groups. It's either a collective effort towards universal understanding, or a segmented society where only certain individuals grasp its importance – there's no half-measure that achieves broad acceptance.",yes,pass
hasty generalization,slippery slope,63,"When a government consistently suppresses free speech and harasses its critics, even for seemingly minor acts of dissent, it creates a chilling effect that discourages all forms of public discourse. This systematic silencing of alternative viewpoints prevents critical issues from being openly discussed and addressed, allowing grievances and corruption to fester unchecked. Ultimately, a society where open expression is stifled risks becoming politically brittle and prone to sudden, violent instability as unaddressed resentments reach a boiling point.",yes,needs_review
hasty generalization,appeal to worse problems,64,"While gender equality is a vital concern in any nation, international human rights organizations are currently dedicating the vast majority of their limited resources and advocacy efforts in Sudan to urgent crises like the ongoing armed conflicts, widespread famine, and the complete collapse of basic medical infrastructure. Addressing those immediate, life-threatening emergencies has to take precedence with the finite global attention and aid available for the country.",yes,pass
hasty generalization,false dilemma,65,"Regarding pervasive sexist and racist attitudes, a society fundamentally faces one of two paths: either it actively challenges and confronts these expressions across all platforms, including online spaces, or it passively allows them to contribute to and perpetuate discrimination in real-world interactions. You cannot truly address prejudice while ignoring its digital manifestations – it's either active combat or quiet complicity.",yes,pass
hasty generalization,false dilemma,66,"For communities like Jammu and Kashmir aiming for robust economic development, there's a clear choice: either they actively champion and remove systemic obstacles for women entrepreneurs, or they will inevitably forgo a vital source of innovation and societal progress. We must either embrace and support women as business leaders, or we are accepting a future of untapped potential – there's no effective path forward that excludes their full engagement.",yes,pass
hasty generalization,appeal to nature,67,"While humans have a natural inclination to communicate and share experiences, the instinct for self-preservation is a powerful, organic force that can naturally lead to silence in the face of perceived threat. It's an unnatural assumption that the truth will always spontaneously manifest through public testimony, as fear of reprisal can naturally inhibit individuals from speaking out. The absence of public outcry doesn't inherently negate a story's veracity, but rather reflects the complex, natural dynamics of human risk assessment.",yes,needs_review
hasty generalization,appeal to majority,68,"The vast majority of people globally, including adherents of all major religions, affirm that respect and equality for women are fundamental human values. International declarations and the expressed beliefs of most religious communities consistently advocate for the dignity and fair treatment of women, reflecting a universal consensus on these principles.",yes,needs_review
hasty generalization,slippery slope,69,"If societal norms or institutional practices tacitly tolerate or downplay violence against women, it creates a perilous environment where perpetrators operate with perceived impunity. This systemic acceptance can lead to an escalation of such violence, including the tragic rise of femicide, as victims feel unprotected and abusers face few consequences. Ultimately, such an environment not only devastates individual lives but also hinders the overall social progress and moral standing of the entire community.",yes,needs_review
hasty generalization,slippery slope,70,"If the non-consensual sharing of private images is not met with serious legal and social repercussions, it risks normalizing the invasion of personal privacy in the digital sphere. This lack of accountability can embolden a broader range of individuals to engage in similar violations, leading to a proliferation of such abuses and severe psychological harm to victims. Eventually, this lax attitude could erode trust in online interactions and create a climate where individuals are perpetually hesitant to share any personal content, stifling digital expression and connection.",yes,needs_review
hasty generalization,appeal to authority,71,"A criminologist specializing in gender-based violence would explain that sexual assault is a complex issue influenced by various socio-cultural factors, legal frameworks, and power dynamics. They often emphasize that effective prevention requires comprehensive strategies, including education, legal reform, and victim support.",yes,pass
hasty generalization,appeal to worse problems,72,"While every individual's story should be considered, our legal system and investigative journalists are currently overwhelmed trying to combat massive, organized disinformation campaigns targeting elections and widespread financial fraud schemes that are causing billions in damages. Given their limited capacity, focusing extensive resources on dissecting every single individual claim like this one might mean less scrutiny for truly systemic threats to public trust and safety.",yes,needs_review
hasty generalization,appeal to majority,73,"Many global organizations and human rights experts widely acknowledge that systemic issues often contribute to the mistreatment of women, particularly in contexts involving power imbalances. This broad consensus among professionals and advocates emphasizes the need for comprehensive institutional changes, not just individual remedies, to effectively protect and empower women.",yes,needs_review
hasty generalization,appeal to nature,74,"Cultural practices and expressions, including forms of dress, are part of the natural, organic evolution of human societies. Just as a river naturally carves a new path over time, societal norms are subject to gradual shifts driven by evolving human needs and the natural desire for self-determination. The trajectory of such traditions is not static, but rather an ongoing, natural process of adaptation and reinterpretation that unfolds over generations.",yes,needs_review
hasty generalization,appeal to worse problems,75,"While individual perspectives on cultural practices in Iran can vary, the international community has extremely limited diplomatic leverage and public attention to exert on the country right now. The overwhelming focus of human rights groups and foreign governments is on the widespread suppression of political dissent, the alarming rate of state executions, and the mass imprisonment of activists, as these represent the most severe and immediate threats to human life and fundamental freedoms.",yes,needs_review
hasty generalization,false dilemma,76,"When women in Iran are actively protesting over cultural issues, the authorities are faced with a stark choice: either they acknowledge and engage with the protestors' grievances, opening avenues for dialogue and reform, or they will inevitably intensify the public's dissent and risk further instability. You either address the deep-seated issues driving these demonstrations, or you pave the way for escalating confrontation – there's no third option where widespread unrest simply vanishes.",yes,pass
hasty generalization,appeal to worse problems,77,"While it's crucial for citizens to critically evaluate their leaders, our limited resources for fostering civic engagement and media literacy are already stretched thin combating massive foreign disinformation campaigns aimed at undermining our democratic processes. We need to prioritize funding and attention on those large-scale, systemic threats to informed public opinion rather than focusing on generalized criticisms of individual political preferences.",yes,pass
hasty generalization,appeal to majority,78,"The majority of former Soviet countries have formally committed to principles of human rights and democratic governance, as outlined in international treaties and regional agreements. While challenges remain, there is a widespread societal aspiration across many of these nations for greater freedoms and rule of law, reflecting a collective move away from past authoritarian models.",yes,needs_review
hasty generalization,appeal to authority,79,A political ethicist would explain that politicians' use of religious ceremonies for public appearances often raises questions about authenticity and the separation of faith and governance. They emphasize the importance of leaders maintaining integrity and avoiding the perception of exploiting spiritual beliefs for electoral advantage.,yes,pass
hasty generalization,appeal to authority,80,"A sociologist of religion would explain that leaders engaging in public religious rituals can have varied impacts on national unity and citizen connection. They often note that while some groups may feel affirmed, others might feel excluded, especially in diverse societies with multiple faith traditions or secular populations.",yes,pass
hasty generalization,appeal to majority,82,"In most established democracies around the world, there's a strong consensus among citizens and political leaders alike that separating religion and state is crucial for stable and inclusive governance. This widespread agreement ensures that laws and policies are based on shared civic principles rather than specific religious doctrines, fostering a more harmonious society.",yes,needs_review
hasty generalization,slippery slope,83,"If a high-ranking official is implicated in significant corruption within a government agency and is not met with swift, transparent, and robust prosecution, it sends a dangerous signal throughout the entire bureaucracy. This perceived impunity can embolden other officials to engage in similar illicit activities, observing a lack of severe consequences, thereby gradually normalizing corruption at various levels. Over time, such unchecked malfeasance can permeate every branch of government, severely eroding public trust and crippling the nation's capacity for effective governance and development.",yes,needs_review
hasty generalization,appeal to worse problems,84,"While showing compassion to all refugees is admirable, the UN and various European nations are already struggling immensely with the sheer scale of the Ukrainian refugee crisis, which has displaced millions and severely strained housing, social services, and humanitarian aid budgets across the continent. Diverting significant resources to accommodate a potentially large influx of Russian refugees right now would inevitably pull critical support from those who are already in dire need and overwhelming existing systems.",yes,pass
hasty generalization,slippery slope,85,"If a long-serving leader or government actively suppresses artistic and musical criticism, dismissing it as uninformed or disrespectful, it sets a dangerous precedent for free expression. This silencing mechanism can gradually erode the space for public dissent and alternative viewpoints, making it easier for those in power to operate without accountability. Ultimately, such a path can lead to an unchallenged narrative that masks corruption or mismanagement, allowing power to consolidate unchecked and potentially transforming the state into an authoritarian regime where the voices of the people are systematically ignored.",yes,needs_review
hasty generalization,appeal to worse problems,86,"While a popular song might suggest some degree of cultural leeway, human rights watchdogs are currently documenting widespread mass arrests of political dissidents, the systematic silencing of independent journalists, and numerous cases of forced disappearances in that country. Focusing public attention on the nuanced implications of a popular song would unfortunately detract from the urgent need to highlight and respond to these far more severe and pervasive violations of fundamental human rights.",yes,needs_review
hasty generalization,false dilemma,87,"When a new government is confronted with protests of a significant scale, they face an immediate choice: either they openly recognize and strive to address the underlying public discontent, or they risk alienating a substantial portion of the populace and undermining their own legitimacy. It's either a path of engagement and responsiveness, or one of initial disregard that erodes trust – there’s no middle ground for sustained governance without one approach or the other.",yes,pass
hasty generalization,false dilemma,88,"When the EU makes decisions regarding visa agreements, especially concerning a nation like Russia, they present a clear choice: either they establish precise, explicit criteria for their actions, signaling specific, limited implications, or they inevitably foster widespread speculation and uncertainty about future, broader restrictions. They must either clearly delineate the scope of their policy, or they risk generating alarm about potential, expansive travel bans affecting many.",yes,pass
hasty generalization,appeal to worse problems,89,"While it's heartening to see emotional reactions to anti-war songs, the international community has extremely limited resources and political capital to influence the conflict directly. Our finite military aid, diplomatic efforts, and intelligence resources are already stretched thin trying to bolster Ukrainian defenses and enforce existing sanctions, and focusing our limited attention on the potential ripple effect of cultural expressions might distract from the immediate, tangible actions needed to impact the war's outcome.",yes,needs_review
hasty generalization,slippery slope,90,"If post-Soviet nations fail to rigorously address pervasive corruption, strengthen their democratic institutions, and ensure the rule of law, they risk a gradual slide back towards authoritarian tendencies. This inertia allows entrenched interests and oligarchs to consolidate power, further stifling economic innovation and perpetuating public disillusionment with reform efforts. Eventually, if such fundamental issues remain unaddressed, these nations could find themselves trapped in a cycle of instability or a reversion to centralized control, undermining decades of effort to build open societies.",yes,needs_review
hasty generalization,appeal to nature,91,"Just as complex natural systems, like weather patterns or ecosystems, exhibit inherent unpredictability and intricate interdependencies, so too does human conflict operate far beyond simple cause-effect dynamics. War involves a natural, chaotic interplay of countless human and material factors, making its trajectory and ramifications organically convoluted. To truly grasp it requires acknowledging this fundamental, natural complexity rather than relying on superficial understandings.",yes,needs_review
hasty generalization,slippery slope,92,"If a strong societal narrative emerges that implies public figures *must* join military service to demonstrate true patriotism, following an example like a celebrity enlistment, it risks creating an unhealthy expectation for all prominent individuals. This pressure can lead to other vital forms of civic contribution being devalued, and individuals feeling compelled to make choices based on public image rather than genuine calling or suitability. Ultimately, such a trend could blur the lines between genuine national service and performative acts, potentially depleting other crucial sectors of society as talent is channeled into a single, highly visible role.",yes,needs_review
hasty generalization,appeal to tradition,93,"For millennia, across diverse cultures, artistic expression has served as a deeply ingrained tradition for humanity to process conflict, articulate suffering, and universally champion peace and compassion. This enduring role of artists, who have consistently used their craft to foster empathy and provide powerful commentary against the devastation of war throughout history, remains a vital and proven means of advocating for a more harmonious world.",yes,needs_review
hasty generalization,appeal to authority,94,"A political analyst specializing in Russian affairs could explain that concerns about expressing political opinions are common in certain segments of the population due to the political climate. They often cite reports on restrictions on free speech and assembly, contributing to a cautious environment for public discourse.",yes,pass
hasty generalization,appeal to tradition,95,"Throughout their complex histories, many nations in the Caucasus region have demonstrated a resilient and deeply rooted tradition of striving for self-determination, civil liberties, and democratic governance, often against significant odds. Upholding these foundational values, which have consistently inspired generations to resist authoritarian tendencies and champion individual freedoms, is essential for guiding the region towards a future that honors its enduring legacy of independence and democratic aspiration.",yes,needs_review
hasty generalization,appeal to authority,96,"A scholar of Caucasus geopolitics would explain that the resumption of flights between Georgia and Russia has complex diplomatic and economic implications. They often point out that such decisions are weighed against economic benefits, regional stability, and potential political risks, rather than signaling a full policy alignment.",yes,pass
hasty generalization,appeal to tradition,97,"For centuries, across diverse cultures, a fundamental tradition of artistic expression has been its capacity to explore complex and even disturbing societal issues, allowing for critical reflection and deeper understanding without necessarily endorsing the subjects depicted. This enduring practice of art as a mirror, rather than merely an advocate, has consistently provided valuable insights into human behavior and societal challenges, proving its worth in fostering nuanced public discourse over generations.",yes,needs_review
hasty generalization,appeal to tradition,98,"Historically, many sovereign nations have upheld a long-standing tradition of carefully managing their borders and regulating immigration, often rooted in efforts to preserve social cohesion and national identity. This enduring practice, which has consistently aimed to ensure the successful integration of newcomers while maintaining societal stability, has been a central pillar of statecraft for centuries, demonstrating its role in fostering secure and well-ordered communities.",yes,needs_review
hasty generalization,appeal to authority,99,"An immigration policy analyst would explain that national immigration policies are shaped by a range of factors, including economic needs, security concerns, and international agreements. They often clarify that while public sentiment plays a role, policies are also influenced by labor market demands and geopolitical considerations.",yes,pass
hasty generalization,appeal to worse problems,100,"While we should certainly address conflicts between environmental groups and those doing their jobs, our global environmental agencies and conservation funds are severely under-resourced fighting massive, irreversible problems like the destruction of the Amazon rainforest and the widespread collapse of coral reefs. Directing significant public attention and legal resources to every local dispute, while important, often detracts from the urgent need to address these far more catastrophic and globally impactful ecological crises.",yes,pass
slippery slope,appeal to authority,1,"Data privacy is a significant concern for governments and individuals alike. According to a leading cybersecurity expert, even limited public access to certain datasets can introduce vulnerabilities that hackers exploit. An information governance specialist would confirm that robust security protocols are essential to protect sensitive information from unauthorized access.",yes,pass
slippery slope,hasty generalization,2,"We've seen numerous historical examples, from the suffragettes to the Civil Rights Movement, where sustained public protests were directly followed by significant legal and social reforms. These weren't isolated incidents but patterns of broad popular movements. It's clear that collective action can often be a powerful catalyst for progress in society.",yes,needs_review
slippery slope,appeal to authority,3,"The situation in the region is dire, with many lives lost. A human rights expert recently highlighted how early international intervention can be crucial for protecting civilian populations. International relations scholars often point out that multilateral action is generally more effective in de-escalating conflicts and enforcing accountability for atrocities.",yes,pass
slippery slope,appeal to nature,4,"The impulse to keep certain information private is a natural, protective human instinct. We've evolved to build social structures that respect personal boundaries and allow individuals and groups to function without constant, invasive scrutiny. When anonymous entities systematically bypass these natural safeguards, it fundamentally disrupts the organic trust and order necessary for societal stability. It's a violation of our inherent need for secure personal and public spaces.",yes,pass
slippery slope,appeal to nature,5,"It's a natural inclination for any entity with power, whether a person or an institution, to protect its own interests, sometimes at the expense of others. Historically, power seeks to consolidate itself and resist external scrutiny, which is a very human trait. True transparency, however, aligns with our inherent desire for open communication and accountability, which are vital for a healthy, evolving society. When information flows freely, it allows the collective intelligence of the populace to naturally course-correct and maintain a more balanced power dynamic.",yes,pass
slippery slope,appeal to majority,6,"Leading social media experts and civil society organizations widely agree that unchecked platforms, even those claiming to host 'edgy jokes,' quickly devolve into havens for hate speech and misinformation. The prevailing public sentiment, reflected in community guidelines across major platforms, consistently rejects content that promotes discrimination or incites violence.",yes,needs_review
slippery slope,appeal to majority,7,"It's clear that the vast majority of people globally condemn hate speech, recognizing its destructive impact on social cohesion and individual well-being. There's a strong, broad consensus, reflected in international human rights declarations and national laws, that speech inciting hatred or discrimination has no legitimate place in public discourse. Most citizens expect online platforms to respect these widely held community standards and act against such content.",yes,needs_review
slippery slope,appeal to authority,8,"Maintaining public confidence in elections requires strict adherence to ethical standards. An election law expert would emphasize that any instance of misconduct, regardless of its scale, must be thoroughly investigated and addressed. Political science researchers studying democratic processes agree that consistent enforcement helps uphold the perceived fairness and legitimacy of electoral outcomes.",yes,pass
slippery slope,appeal to majority,9,"Across most established democracies, there's a broad understanding and institutional consensus that governments require some degree of classified information to function effectively. National security experts widely acknowledge that protecting certain sensitive details, from ongoing military operations to high-level diplomatic strategies, is crucial. This aligns with a public expectation that leaders will safeguard vital state interests through appropriate information security.",yes,needs_review
slippery slope,appeal to majority,10,"Across Brazil, significant public dissatisfaction with Bolsonaro's approach to media fairness was widely and frequently expressed. Large-scale protests repeatedly highlighted a broad segment of the population's concern over his administration's perceived attacks on press freedom and independent journalism. This clear public sentiment often reflected a collective desire for greater government accountability.",yes,pass
slippery slope,appeal to tradition,11,"Turkey has a long-standing tradition of a multi-party democratic system with secular principles, which has historically ensured that no single group could impose its religious views on others. This approach has consistently provided a stable framework where diverse religious communities can coexist and practice freely, preventing the suppression of any particular faith. Sticking to these established norms is how we've always protected everyone's religious freedoms.",yes,pass
slippery slope,appeal to tradition,12,"For centuries, societies that championed broad freedom of speech and expression have consistently shown robust cultural development and scientific progress. Allowing people to voice diverse ideas, even challenging ones, has always been the engine of innovation and has historically led to a more informed populace, which is crucial for a healthy society. We've seen time and again that this open exchange strengthens our communities.",yes,pass
slippery slope,hasty generalization,13,A recent report on media freedom in Turkey highlighted how many journalists have been detained and independent news outlets shut down over the past few years. These widespread actions indicate a pattern of increasing state control. It's clear that critical voices are being systematically stifled there.,yes,pass
slippery slope,appeal to authority,14,"The predictability of election dates is a cornerstone of democratic practice. According to an electoral systems specialist, altering election schedules can undermine voter confidence and participation. A constitutional law scholar would likely confirm that stable electoral calendars are vital for maintaining the integrity and perceived fairness of the democratic process.",yes,needs_review
slippery slope,appeal to nature,15,"Just as in any complex ecosystem, the natural order of human societies thrives on interconnectedness and interaction, even among diverse and challenging elements. Isolation tends to stagnate growth and prevent adaptation, which are fundamental processes in nature. Allowing countries to engage, even those with issues, creates a more natural flow of ideas and influence, fostering conditions where collective evolution and improvement are more likely to occur than in separation. It’s an organic process of adaptation and mutual shaping.",yes,pass
slippery slope,appeal to tradition,16,"Throughout history, the most effective and respected leaders have always been those who consistently put public welfare ahead of personal interests. This long-standing tradition of selfless service has proven vital for building and maintaining trust in governance, leading to stable societies and collective progress. It’s a foundational principle that has historically ensured confidence in leadership.",yes,needs_review
slippery slope,hasty generalization,17,"Across numerous countries studied by Transparency International, the presence of systemic bribery in one sector, like law enforcement, often correlates with widespread corruption in other public services. It’s not just a few bad apples; it reflects a broader institutional problem. This suggests corruption often deeply infiltrates an entire system.",yes,needs_review
slippery slope,appeal to majority,18,"It's a widely held civic expectation in any fair society that those in power, especially government officials, must abide by the same rules they set for everyone else. Public opinion polls consistently show strong support for the idea that everyone, regardless of wealth or status, should face equal consequences under the law. This collective belief in fairness is fundamental to maintaining public trust in institutions.",yes,needs_review
slippery slope,hasty generalization,19,"During the early stages of the pandemic, several nations' health authorities were shown to have downplayed risks and delayed crucial public information, as documented by multiple independent reports. These actions weren't isolated errors but widespread patterns of miscommunication. It seems that a lack of transparency from officials can significantly worsen a public health crisis.",yes,needs_review
slippery slope,appeal to nature,20,"While human passion and dissent are natural, unbridled mob action, by its very nature, tends towards chaotic and unpredictable outcomes. Established systems for leadership transition, imperfect as they may be, represent a human evolution towards predictable, reasoned processes over raw, emotional surges. Our natural inclination to create order and stability in social structures points to the benefit of upholding these mechanisms, which are designed to mediate conflict and provide a more enduring framework than fleeting collective rage.",yes,pass
slippery slope,appeal to nature,21,"Freedom of expression is a fundamental human need, as natural as breathing or the urge to connect and communicate. Suppressing dissent and controlling information flow goes against the very grain of our social evolution, where the open exchange of ideas has always been a natural mechanism for growth and adaptation. Systems that attempt to stifle this inherent drive often find themselves at odds with the organic development of a thriving society, ultimately weakening the collective fabric.",yes,pass
slippery slope,appeal to authority,22,"The balance between free speech and public safety is a complex legal issue. A First Amendment legal scholar would explain that while speech enjoys broad protection, certain categories like incitement to violence or defamation are not protected. Communications experts also note the importance of media literacy in discerning misinformation, rather than solely relying on censorship to manage public discourse.",yes,pass
slippery slope,appeal to worse problems,23,"While erecting new statues for influential figures is a way to recognize history, our current public funds for cultural projects are severely strained. We should prioritize directing these limited resources to repairing crumbling historical landmarks and expanding diverse history education programs in schools, which offer more direct and widespread benefits to the community.",yes,pass
slippery slope,false dilemma,24,"We face a stark choice regarding these external influences: either we implement precise, targeted controls to mitigate them, or we must accept a significant and widespread chilling effect on all foreign investments. There isn't a viable middle ground where we can effectively address specific threats without carefully distinguishing our response from broad economic restrictions.",yes,pass
slippery slope,appeal to tradition,25,"Societies have a long-established tradition of setting reasonable boundaries on speech, particularly when it comes to hateful insults and direct harm. This historical practice of regulating purely abusive language has consistently contributed to a more civil public discourse and ensured communities remain places of mutual respect, safeguarding individuals from targeted harm and maintaining social cohesion. It's how we've always balanced individual expression with collective well-being.",yes,pass
slippery slope,appeal to authority,26,"Protecting free expression is fundamental to an open society. A civil liberties attorney would caution that any form of content restriction, even seemingly minor ones, warrants careful scrutiny. Many free speech advocates assert that a truly open dialogue depends on robust protections against official interference, regardless of the content's critical nature.",yes,pass
slippery slope,hasty generalization,27,"Looking at cases where officials have been investigated, like the mayor who used city funds for personal trips or the police chief who circumvented hiring rules, it's clear these weren't isolated mistakes. They often reflect a pattern of individuals in power feeling entitled to bend rules. Such instances demonstrate a general tendency for certain public figures to believe they are above accountability.",yes,needs_review
slippery slope,false dilemma,28,"We must make a definitive choice regarding this local corruption: either we confront it directly and demand full accountability now, or we implicitly tolerate a system where public trust will continue to erode. There’s no third option where we can ignore smaller abuses and still expect our government to credibly tackle pressing issues like healthcare and feeding families.",yes,pass
slippery slope,appeal to tradition,29,Our legal system has a long and respected tradition of demanding concrete reasons and due process before launching investigations. This commitment to justifiable cause has historically proven essential in safeguarding individual freedoms and preventing unwarranted intrusions into citizens' lives. It's how we've always maintained public trust and ensured the state respects personal liberties.,yes,needs_review
slippery slope,false dilemma,30,"We are confronted with two paths regarding the Prime Minister's position: either they remain to ensure immediate governmental stability, or the country risks a sudden power vacuum and considerable political upheaval. Given the current delicate situation, there isn't a smooth transitional option if they are forced to resign under pressure.",yes,pass
slippery slope,appeal to majority,31,"Among the general public, there's a strong, shared expectation that elected officials should prioritize public service and avoid conflicts of interest. Most citizens agree that politicians benefiting financially from their public role undermines trust in government and distorts policy decisions. This widespread sentiment supports clear ethical guidelines to ensure accountability and integrity in office.",yes,needs_review
slippery slope,false dilemma,32,"When government engages in activities that encroach on personal liberties, we are presented with a clear binary: either we firmly resist this specific overreach, thereby safeguarding a fundamental freedom, or we allow it to proceed, directly conceding that liberty. There's no middle ground where we can permit this without an immediate loss of the right in question.",yes,pass
slippery slope,appeal to tradition,33,"Our society has always held a deep respect for personal liberties and the right to privacy, establishing clear limits on government intrusion. This long-standing tradition of protecting citizens from excessive surveillance and intrusive methods has consistently led to a more trusting populace and a vibrant civil society, where individuals feel secure in their autonomy. It's how we've historically safeguarded our freedoms against potential overreach, even in the name of public good.",yes,pass
slippery slope,appeal to authority,34,"Improving public trust in law enforcement is a key goal for many communities. According to a criminologist specializing in police-community relations, certain reform measures, when implemented thoughtfully, have been shown to increase transparency and accountability. An organizational psychologist working with law enforcement agencies might advise that effective reforms often involve officer input to ensure buy-in and prevent unintended negative impacts on morale and retention.",yes,pass
slippery slope,appeal to worse problems,35,"While concerns about potential government overreach impacting minor freedoms like dog walking are valid, our police and emergency services are currently critically understaffed and dealing with a genuine surge in serious health and safety incidents. Our limited public safety resources must prioritize addressing these immediate, severe threats to community well-being, even if it means temporary inconveniences for everyday activities.",yes,pass
slippery slope,appeal to nature,36,"Humans naturally form groups and can, unfortunately, develop biases against those perceived as 'other' without conscious effort to foster understanding. This tribal instinct, while once serving protective purposes, can become highly destructive if not actively countered by inclusive practices. A stable society, by its very nature, strives for harmony and respect among its diverse components, as this allows for more organic and sustainable growth than one plagued by internal strife.",yes,pass
slippery slope,appeal to authority,37,"Media access is fundamental for an informed public and governmental transparency. A press freedom advocate would argue that restricting journalists' ability to report is a direct threat to democratic principles. Constitutional lawyers often explain that a free press acts as a crucial check on power, ensuring citizens remain aware of government actions and decisions.",yes,pass
slippery slope,appeal to tradition,38,"Throughout history, a robust tradition of independent inquiry and open scrutiny has always been essential for understanding governments truly, not just their curated images. Societies that champion critical assessment and genuine transparency have consistently shown greater resilience against manipulation and have successfully held power accountable, ensuring the full truth of their systems is revealed. This established practice helps us avoid being misled by selective presentations.",yes,needs_review
slippery slope,appeal to majority,39,"It's widely understood that during a public health crisis like a pandemic, public figures and brands are expected to demonstrate sensitivity and social awareness. A significant majority of people react negatively to content that appears to be out of touch with widespread economic struggles or social inequality. This collective sentiment suggests a preference for messaging that fosters unity and empathy, rather than perceived extravagance.",yes,pass
slippery slope,false dilemma,40,"In addressing the phrase ""black lives are expensive,"" we have only two options: either we actively challenge and correct its harmful implications with precise language, or we allow its divisive and dehumanizing message to spread unchallenged. There is no neutral position; our response either affirms or undermines the value of Black lives.",yes,pass
slippery slope,appeal to majority,41,"Across many communities, there's a strong and rising public interest in art that connects people with nature and highlights its potential, including traditional healing knowledge. A broad audience consistently values artistic projects that spark meaningful conversations and shed light on overlooked aspects of our environment. This collective appreciation affirms the artist's ability to resonate with contemporary cultural interests.",yes,pass
slippery slope,appeal to nature,42,"The impulse for things to return to their rightful place of origin is a natural one, reflecting a fundamental sense of balance and completeness. Cultural artifacts, in particular, are organically intertwined with the societies and environments that birthed them; separating them creates an unnatural void. Restoring these items aligns with a natural human instinct for justice and cultural integrity, allowing communities to fully embody their heritage and fostering a more harmonious global dynamic.",yes,needs_review
slippery slope,appeal to worse problems,43,"While the phrase ""no justice, no peace"" can be debated for its implications, our community's legal aid services are struggling with a backlog of severe cases like housing evictions and police misconduct. Directing our collective attention and limited legal resources to these concrete injustices would alleviate far more immediate suffering than parsing the rhetorical intent behind a phrase.",yes,needs_review
slippery slope,false dilemma,44,"When a pandemic like COVID poses a threat, the choice for a country is stark: either implement comprehensive, proactive measures to contain its spread, or inevitably face an overwhelmed healthcare system and severe societal collapse. Ignoring a highly contagious virus without direct, catastrophic consequences for public health simply isn't an option.",yes,pass
slippery slope,appeal to worse problems,45,"While it's important to prevent the spread of COVID, our healthcare system is currently overwhelmed by the sustained burden of chronic conditions like diabetes and heart disease, which disproportionately affect vulnerable populations. Our limited public health funding must prioritize robust long-term programs to address these widespread, ongoing health crises that stretch our medical capacity even without new surges.",yes,pass
slippery slope,appeal to tradition,46,"Our nation has a proud, long-standing tradition of valuing fundamental rights like the right to education and public assembly, even when facing significant challenges. Historically, upholding these core liberties has consistently fostered an engaged and informed citizenry, which is essential for a resilient society. This commitment to protecting civil freedoms, no matter the circumstances, has always been recognized as vital for maintaining our democratic health and ensuring our collective well-being.",yes,pass
slippery slope,false dilemma,47,"In discussions of cultural sensitivity, we must choose: either we foster genuine, nuanced cultural exchange that respects all heritage, or we risk creating an arbitrary system that devalues certain cultures while elevating others. There’s no effective way to be ""particular"" about some cultural preparations without creating an inherently subjective and divisive framework.",yes,pass
slippery slope,appeal to worse problems,48,"While individual actions like killing snakes can disrupt local ecosystems, our conservation organizations are facing a far more critical challenge from large-scale habitat destruction due to unchecked development and industrial pollution. Our limited environmental protection resources are more urgently needed to combat these pervasive threats that are causing irreversible damage to biodiversity across entire regions.",yes,pass
slippery slope,appeal to authority,49,"The role of predators in maintaining a healthy ecosystem is well-established. An ecologist would explain that snakes are vital for controlling rodent populations, which can otherwise cause significant damage to crops and carry diseases. Wildlife biologists consistently advise against indiscriminate culling of native species, emphasizing the complex interdependencies within natural habitats.",yes,pass
slippery slope,hasty generalization,50,"Analysis of various films and documentaries throughout history, from wartime propaganda to commercial advertising campaigns, clearly shows how media can be crafted to powerfully sway public sentiment on specific issues. These examples aren't just isolated incidents of influence; they highlight a consistent capability. It demonstrates that visual media frequently shapes widespread public perception.",yes,needs_review
slippery slope,appeal to majority,51,"It's a deeply held democratic principle and a broad public consensus that national policy making belongs within the domain of elected representatives, not media moguls or entertainment studios. The vast majority of citizens expect policy decisions to arise from public debate and legislative process, not from the agenda of any particular industry. This collective belief safeguards the integrity of our governance.",yes,needs_review
slippery slope,appeal to worse problems,52,"While it's important to prevent other cultures from exploiting our art, many of our most valuable artifacts are actually deteriorating in storage due to inadequate preservation facilities and a lack of expert conservation staff. Our limited museum budgets and cultural heritage funds should first address the immediate need to restore and properly house these existing collections to prevent their permanent loss.",yes,pass
slippery slope,appeal to nature,53,"While art is a natural human expression, its most potent and enduring forms often arise from themes that connect us at a fundamental level, rather than those that highlight differences. Societies, by their very nature, thrive when there's an organic sense of shared purpose and belonging. When art primarily functions to fragment or emphasize discord, it goes against our inherent drive for cohesion, making it harder for communities to naturally evolve towards common understanding and mutual support.",yes,pass
slippery slope,appeal to nature,54,"The human mind has a natural tendency to conform to group consensus, which historically served as a survival mechanism. However, true moral discernment often requires an individual's innate capacity for empathy and independent judgment, which operate beyond mere popular opinion. Relying solely on the 'natural' groupthink without engaging one's own fundamental sense of right and wrong can lead to ethically unnatural and deeply damaging outcomes for society, contradicting our evolved capacity for compassion.",yes,needs_review
slippery slope,appeal to nature,55,"Our bodies possess an incredible, natural immune system designed to adapt and protect us from threats. Vaccines work in harmony with this natural defense, strengthening our collective capacity to resist widespread illness. For a community to maintain its organic health and resilience, a significant portion of its members needs to develop these natural defenses, thereby creating a robust, interwoven shield against pathogens. Neglecting this natural principle of collective immunity leaves the entire system vulnerable.",yes,pass
slippery slope,appeal to tradition,56,"Governments have a long-standing tradition of thoughtfully managing immigration flows to ensure successful integration and maintain social cohesion within their communities. This historical practice of carefully considering capacity and cultural dynamics has consistently led to stronger, more unified societies where diverse populations can thrive together. It's how nations have always balanced welcoming new people with preserving their societal well-being.",yes,pass
slippery slope,appeal to nature,57,"Cultural treasures are, by their very nature, organic expressions of a society's soul and history. They provide a vital, natural connection to our ancestors and a grounding for present and future generations. To allow these artifacts to be lost or permanently displaced is to sever an essential root system, hindering a community's natural ability to understand itself and draw strength from its origins. It disrupts the inherent flow of cultural memory.",yes,pass
slippery slope,false dilemma,58,"Regarding this specific government intervention, we are at a crossroads: either we uphold individual autonomy by resisting this particular control, or we concede our personal decision-making power in this area. There's no compromise where we can permit this level of government oversight without directly diminishing the freedom of choice in question.",yes,pass
slippery slope,appeal to majority,59,"It's a widely accepted social norm and a point of broad agreement that considering diverse viewpoints is essential for both personal development and fostering creative solutions. Most people understand that engaging with different perspectives, rather than dismissing them, significantly enhances one's ability to adapt and improve. This collective wisdom underscores the importance of open dialogue for a well-functioning society.",yes,pass
slippery slope,hasty generalization,60,"Recent studies in several jurisdictions have shown that early intervention programs for domestic disputes, which involve counseling and mediation rather than immediate arrests for minor incidents, often lead to a reduction in recurring incidents. These programs weren't one-off successes but demonstrated consistent positive results. It suggests that a flexible approach can be more effective than a strictly punitive one in these situations.",yes,needs_review
slippery slope,appeal to tradition,61,"For centuries, societies have consistently relied on robust legal systems and firm government action to deter and punish violent crimes, including sexual assault. This long-standing tradition of upholding justice for victims has demonstrably led to safer communities and a stronger sense of security among citizens. It's how we've always worked to protect vulnerable individuals and ensure public safety.",yes,pass
slippery slope,false dilemma,62,"When faced with an injustice like the death of one woman, the women involved have a clear choice: either they take a stand and protest immediately, or they allow this specific injustice to be completely overlooked and accepted. There is no middle ground where silence can be interpreted as anything other than acquiescence to the problem at hand.",yes,pass
slippery slope,hasty generalization,63,"Reports from human rights organizations and sociological surveys consistently reveal that societies where women face widespread harassment and lack adequate protection also tend to show higher rates of discrimination against other minority groups, including people of color and LGBTQ+ individuals. These aren't isolated issues; they're interconnected patterns of systemic disadvantage. It suggests that inequality in one area often reflects broader societal biases.",yes,needs_review
slippery slope,appeal to worse problems,64,"While protecting journalists from potential future censorship is crucial, our current legal defense organizations are overwhelmed by the immediate need to support reporters facing direct lawsuits and harassment for exposing corruption. With limited legal aid resources, we must prioritize defending these journalists who are actively under attack right now, as their ability to report is being directly threatened.",yes,pass
slippery slope,false dilemma,65,"When advocating for gender equality, we must decide: either we pursue reforms that foster collaboration and understanding between men and women, or we risk adopting an approach that creates direct antagonism and division. There isn't a path where reforms can genuinely ""overstep"" without immediately pitting groups against each other.",yes,pass
slippery slope,false dilemma,66,"We face a fundamental choice concerning women's history: either we actively remember and acknowledge the specific efforts women made to earn their rights, or we inevitably undermine the very foundation for future progress in gender equality. There’s no neutral stance; a failure to recognize these historical struggles means directly impeding the path towards true equity.",yes,pass
slippery slope,appeal to nature,67,"Cultures are living, breathing entities that, by their very nature, undergo constant, organic evolution in response to internal and external influences. Attempting to artificially freeze cultural dynamics goes against this fundamental process of adaptation and growth. While change can be unsettling, allowing for a natural, albeit sometimes unpredictable, unfolding of societal shifts often leads to more robust and resilient communities than efforts to impose rigid stasis. It's an inherent part of the human collective.",yes,pass
slippery slope,appeal to majority,68,"Across Western societies, there's a broad and consistent public and expert consensus on the importance of fostering supportive environments for the healthy development of all young people. Many parents, educators, and community leaders collectively prioritize programs and discussions that address the unique challenges faced by boys and young men, aiming to promote positive self-identity and constructive social engagement.",yes,needs_review
slippery slope,hasty generalization,70,"Studies on gender-based violence in various Latin American countries consistently demonstrate that pervasive machismo culture, often expressed through violence, creates a climate of fear and restricts women's freedom and opportunities in many aspects of their lives. These findings aren't from isolated cases but represent widespread societal impacts. It indicates that machismo violence systematically limits women's autonomy.",yes,needs_review
slippery slope,appeal to authority,71,Consistent enforcement of regulations is key to ensuring fair business practices. A business ethics professor would emphasize that weak oversight can create an unfair competitive environment for companies that do comply. Consumer protection advocates highlight how robust regulatory action is essential for safeguarding consumer rights and maintaining market integrity.,yes,pass
slippery slope,appeal to worse problems,72,"While the ability for app users to erase profiles raises concerns about victims identifying predators, our victim support hotlines and digital forensics units are critically underfunded and understaffed. These organizations are struggling to process current reports and provide immediate assistance to victims, so directing resources to enhance their capacity to investigate and support those harmed should be our priority.",yes,needs_review
slippery slope,appeal to majority,73,"Increasingly, there's a broad societal consensus, championed by public health initiatives and women's advocacy groups, that open conversation about menstruation is vital. Many people now agree that destigmatizing periods helps normalize a natural bodily function and supports better health education for everyone. This collective shift in cultural norms demonstrates a widespread desire for greater openness and understanding.",yes,needs_review
slippery slope,appeal to nature,74,"Menstruation is a fundamental and natural biological process that, when properly understood and supported, allows individuals to live in greater harmony with their own bodies. Providing education on menstrual health aligns with our inherent drive for well-being and allows for a more natural approach to self-care, preventing complications that disrupt the body's natural balance. Empowering people with this knowledge helps foster a healthier, more naturally resilient community overall, by respecting and caring for basic human biology.",yes,pass
slippery slope,appeal to worse problems,75,"While the ban on market vendors in Uganda has caused distress, our national budget is severely strained by the urgent need to address widespread food insecurity and lack of access to clean water in many rural areas. Our limited government funds must prioritize these fundamental human needs that are causing immediate suffering on a much larger scale across the country.",yes,pass
slippery slope,false dilemma,76,"We are left with a stark choice regarding these cases involving children: either we implement urgent reforms to expedite their processing, or we accept that these children will reach adulthood before their cases are ever resolved. There is no viable middle ground where the current pace can continue without directly resulting in individuals aging out of the system.",yes,needs_review
slippery slope,appeal to worse problems,77,"While improving specific services for women in the prison system is valuable, our correctional facilities are currently facing an immediate crisis of severe overcrowding and understaffing that affects everyone. These broader systemic issues lead to dangerous conditions, inadequate basic care, and security risks for all inmates and staff, and addressing them requires our limited reform budget and attention first.",yes,pass
slippery slope,appeal to majority,78,"There's a fundamental international consensus, enshrined in human rights declarations and broadly accepted across most modern justice systems, that all individuals, including incarcerated women, must be treated with dignity and respect. The vast majority of the public consistently expects prison systems to uphold humane standards of care, reflecting a collective belief in basic human rights for everyone, regardless of their status.",yes,needs_review
slippery slope,appeal to authority,79,"Effective self-defense training for women focuses on leveraging individual strengths and techniques. An exercise physiologist would explain that training programs are designed to optimize a person's physical capabilities, regardless of gender. A self-defense instructor would confirm that the goal is practical skill development for personal safety, not altering physical appearance or gender expression.",yes,pass
slippery slope,appeal to authority,80,Online harassment of journalists poses a serious threat to press freedom and democratic discourse. A journalism ethics professor would state that such harassment can silence voices and discourage critical reporting. Human rights advocates consistently highlight that targeting female journalists specifically undermines their ability to perform their essential public service roles.,yes,pass
slippery slope,appeal to majority,81,"It's a widely accepted principle in fair legal systems and a strong public expectation that individuals facing accusations deserve due process and the right to defend themselves promptly. There's a collective understanding that withholding a perpetrator's identity for extended periods, especially with public allegations, can unfairly bias public opinion and hinder impartial judgment once a name is revealed. Most people believe in transparency for justice.",yes,pass
slippery slope,appeal to majority,82,"Globally, there's an overwhelming societal and legal consensus that rape is an exceptionally heinous crime requiring uncompromising prosecution and substantial penalties. The vast majority of communities worldwide expect justice systems to vigorously pursue and punish perpetrators to uphold public safety, protect victims, and affirm our collective commitment to fundamental human dignity and legal fairness.",yes,needs_review
slippery slope,appeal to worse problems,84,"While concerns about potential government overreach in regulating speech are valid, our immediate focus should be on protecting activists currently facing criminal charges for peaceful protests. Legal defense organizations are struggling to keep up with these direct challenges to free assembly and expression, and our limited resources must prioritize defending those whose freedom of speech is actively being suppressed right now.",yes,pass
slippery slope,appeal to worse problems,86,"While it's important for women of all races to remain vigilant against emerging threats, our community support organizations are currently overwhelmed by the urgent need to assist victims of domestic violence and sexual assault. With limited shelter space and counseling services, these immediate, critical issues for women's safety demand our collective resources and attention first.",yes,pass
slippery slope,false dilemma,87,"When people choose to share personal pictures, we face a critical choice: either we establish clear, enforceable digital ownership and privacy rights for shared content, or we effectively concede that any shared image becomes public domain. There's no middle ground where personal photos can be widely shared without clear protections and still retain a reasonable expectation of privacy.",yes,needs_review
slippery slope,false dilemma,88,"When a victim is dealing with a significant issue, we are presented with a clear choice: either we provide comprehensive and empathetic support to address their experience head-on, or we risk leaving them to cope alone, which inevitably exacerbates their trauma. There’s no effective way to ""just move on"" without proper support; it’s active intervention or deeper, unresolved issues.",yes,pass
slippery slope,appeal to worse problems,89,"While the precise wording of laws about ""partially naked"" images raises valid concerns, our immediate legislative priority should be on effectively combating the rampant issue of non-consensual sharing of intimate images. Police and legal services are currently struggling with the sheer volume of these severe privacy violations, and dedicating our limited legislative and enforcement resources to this clear and present harm would address a far more pervasive problem.",yes,needs_review
slippery slope,appeal to nature,91,"While raw vengeance might feel like a primal, natural impulse, human societies have evolved sophisticated legal frameworks precisely to move beyond the chaotic and destructive nature of unchecked retribution. ""Jungle justice,"" by its very definition, reverts to a more primitive state where the inherent human need for order and safety is completely undermined. Our collective well-being naturally thrives when justice is administered through established, impartial systems, rather than succumbing to the untamed instincts of individuals or mobs.",yes,pass
slippery slope,appeal to tradition,93,"Our justice system has a long and respected tradition of adhering to rigorous due process, including the presumption of innocence and high evidentiary standards. This historical commitment has consistently proven essential for preventing wrongful convictions and ensuring that justice is served fairly, ultimately reinforcing public trust in our legal institutions. It's how we've always aimed to protect the innocent while prosecuting the guilty.",yes,pass
slippery slope,appeal to authority,94,"The rapid spread of accusations on social media carries significant risks for individuals. A social psychology researcher would explain the phenomenon of ""groupthink"" and how it can amplify unverified claims, making it difficult for individuals to counter false narratives. Digital ethics experts consistently warn about the severe psychological and reputational damage that can result from online shaming and unsubstantiated allegations.",yes,needs_review
slippery slope,appeal to tradition,95,"Our society has a long-cherished tradition of valuing and protecting its unique cultural expressions, such as traditional dance forms like belly dancing. This historical commitment to preserving artistic and communal spaces has consistently enriched our national identity and provided vital outlets for cultural celebration, contributing significantly to public morale and social cohesion. Upholding these established practices ensures that important cultural heritage continues to thrive.",yes,needs_review
slippery slope,appeal to authority,96,"Trust in law enforcement is critical for victims to report violence. A women's rights advocate would explain that aggressive police responses to peaceful protests can erode trust, particularly among vulnerable populations. Civil liberties lawyers often emphasize that upholding the right to protest is essential for community engagement and for ensuring that all citizens feel secure in seeking justice.",yes,pass
slippery slope,appeal to tradition,97,"Historically, nations have always upheld the principle of national sovereignty, asserting that their own citizens are the ultimate authority for governmental change, free from external corporate influence. This long-standing tradition has consistently proven vital for maintaining a stable and legitimate political order, ensuring that a country's future is shaped by its people, not by the agendas of foreign entities. It's how self-determination has always been preserved.",yes,needs_review
slippery slope,appeal to tradition,98,"Throughout history, successful public forums and communication platforms have always operated with established guidelines and moderation to prevent harassment and ensure respectful engagement. This long-standing tradition of cultivating safe spaces has consistently allowed for robust dialogue, enabling diverse voices and activists to express themselves freely without fear of intimidation. It's how we've always fostered environments where important discussions can thrive.",yes,pass
slippery slope,appeal to authority,99,Reducing recidivism is a primary goal of the criminal justice system. A criminologist would point out that factors such as access to rehabilitation programs and post-release support significantly influence whether individuals re-offend. Correctional psychologists often emphasize that punitive measures alone are less effective than comprehensive interventions in promoting long-term public safety.,yes,needs_review
slippery slope,appeal to worse problems,100,"While Belarus's crackdown laws are concerning for global freedoms, our immediate international focus and limited diplomatic resources must be on addressing the humanitarian crisis unfolding within the country. Reports suggest that the 800 imprisoned individuals are facing dire conditions without due process, and our collective efforts should prioritize providing legal and humanitarian aid to these specific victims of oppression.",yes,pass
