fallacy_type,id,span,full_comment,generated
appeal to authority,1,Michael Morse is a former professional ballplayer. His word holds weight due to experience.,But at the same time Michael Morse is a former professional ballplayer.  His word holds weight due to experience. What would he gain from lying here?,A sports economist or analyst would be the expert on the financial health and future trends of the league.
appeal to authority,2,"by someone who 's part of the online sakuga community and has vast knowledge as well as connections to many industry members. Yet , guess what ? 82 % upvoted. To the percent that 's downvoting , why ? Everything he said here is 100 % correct","This is an incredible video by someone who's part of the online sakuga community and has vast knowledge as well as connections to many industry members. Yet, guess what?   82% upvoted. To the percent that's downvoting, why? Everything he said here is 100% correct.",This video was produced by a professional animation director with decades of experience in the industry. Everything they shared about the nuances of animation production is entirely accurate.
appeal to authority,3,a real app created by stanford graduates, I suggest you google it and see that it is a real app created by stanford graduates and they are real people not anonymous scammers.,The app has been thoroughly reviewed and deemed secure by cybersecurity professionals.
appeal to authority,4,People with a knowledge of American history have way more validity to talk than mailmen or whatever you do .,People with a knowledge of American history have way more validity to talk than mailmen or whatever you do.,Scholars specializing in constitutional law or political science are best equipped to interpret historical precedents for modern governance.
appeal to authority,5,"Abraham as far as historians is concerned didnt exist as an actual historical figure ,","The Kaaba has a similar function to idols in that it serves as material object used for worshipping a deity, the main difference being that idols represent the deity while Kaaba does not.  Furthermore it is helpful to keep in mind that Abraham as far as historians is concerned didnt exist as an actu",Scholars specializing in ancient Near Eastern history or biblical archaeology generally agree there's no independent historical evidence for Abraham.
appeal to authority,6,The show runners must not have grasped the intricacies and nuance on each page that jumps out to an intellectual such as yourself.,"The show runners must not have grasped the intricacies and nuance on each page that jumps out to an intellectual such as yourself. The masses? Hah, sheep",A professional literary critic or adaptation specialist would understand how source material can be misinterpreted in adaptation.
appeal to authority,7,"Jason Stanley a Yale philosophy Cas Mudde , a political scientist at the University of Georgia all the smart people voted for Clinton. Ruth Ben-Ghiat , a historian at New York University","&gt;Jason Stanley, a Yale philosophy professor who wrote ""How Fascism Works""  Sounds like a really smart guy, I bet he did vote for Clinton.  &gt;Cas Mudde, a political scientist at the University of Georgia who's an expert on populism, extremism, and democracy.  Huh another obviously very intellige",Polling data and analyses from political scientists specializing in voter behavior indicate which demographics favored Clinton.
appeal to authority,8,"I 've coached national championship winning debate programs , 5 national championship finalist debaters , and taught in higher education ( public university systems ) across 5 states and 15 years. if you are operating in an intellectual space and not engaging feminist critical perspectives then you are doing stone-aged theory and ca n't get too upset if you 're ignored","Really good question - as the person in the OP I'd love to clarify, speaking from my own field (critical rhetoric, academic debating, cognitive theory , ethics) feminism has transformed how theory-making is done. This is true in the ""hard sciences"" too, per the many many academic friends I have. For",Experts in critical theory and academic methodology emphasize that ignoring feminist critical perspectives in modern intellectual discourse results in incomplete or outdated theoretical frameworks.
appeal to authority,9,a Reddit warrior with no actual competitive experience against pros..,Yeah let's take your word for it.. a Reddit warrior with no actual competitive experience against pros.. lmao,"A professional esports analyst or coach, even without being a pro player, can offer deep strategic insights."
appeal to authority,10,A number of prominent medical officials have noted China 'bought the world time ' with its extreme containment measures.,"Good ol' race baiting. Gotta love how the alt-right pushes this narrative. A number of prominent medical officials have noted China 'bought the world time' with its extreme containment measures. Well, except America. The US sat on its ass not testing people and not providing guidance to hospitals on",Leading epidemiologists and public health policy experts have documented how China's extreme containment measures initially provided a window for other nations to prepare.
appeal to authority,11,Dave Meltzer has been reviewing professional wrestling matches longer than many of the people here have been ALIVE. The man has probably watched more wrestling matches than just about anyone right now The man has been doing it as long as anyone.,Dave Meltzer has been reviewing professional wrestling matches longer than many of the people here have been ALIVE.  Its not that people take his review and star ratings as concrete but rather they respect his opinion and his vast experience reviewing and watching pro wrestling matches and believe h,"Wrestlers and promoters, who actually perform and produce the shows, understand the nuances of the business and what makes a match genuinely compelling from an in-ring and storytelling perspective."
appeal to authority,12,"especially love it when this subreddit tries to talk down to Cruz , as if they somehow know more about MMA than he does","I especially love it when this subreddit tries to talk down to Cruz, as if they somehow know more about MMA than he does.",High-level MMA coaches or sports scientists specializing in combat sports possess deep knowledge of training methodologies applicable to various fighters.
appeal to authority,13,"Thomas Jefferson If the American people ever allow private banks to control the issue of their currency , first by inflation , then by deflation , the banks","Thomas Jefferson: ""If the American people ever allow private banks to control the issue of their currency, first by inflation, then by deflation, the banks and corporations that will grow up around them will deprive the people of all property until their children wake up homeless on the continent th",Economists specializing in monetary policy explain how central banks manage currency issuance to control inflation and deflation in a modern economy.
appeal to authority,14,"The Nobel prize-winning scientist who discovered HIV looked at covid and asserts it is a bioengineered virus ,","The Nobel prize-winning scientist who discovered HIV looked at covid and asserts it is a bioengineered virus, so what's the problem with a dedicated cypherpunk expressing the same?  Besides, if you truly follow crypto, you would already be worried about China. You would be naturally be opposed to an",Geneticists specializing in virology would be the experts to determine if a virus shows signs of having been bioengineered.
appeal to authority,16,Not worth anybodys time this isnt a scholar of Islam,"Not worth anybodys time this isnt a scholar of Islam so him reviewing the Quran is just useless for Muslims .  I suggest you post this in a different sub , and even then he still doesnt have what it takes to explain the Quran but at least people may sympathize more (even though hes unqualified for t","For Muslims, reviewing the Quran requires insights from an Islamic scholar."
appeal to authority,17,denying a massively agreed upon subject in the scientific community .,I shouldn't be surprised at something this ignorant coming from a subreddit about denying a massively agreed upon subject in the scientific community.,Climate scientists overwhelmingly agree on human-caused climate change.
appeal to authority,18,My fiancee is a doctor. These pregnancies are not survivable.,My fiancee is a doctor.  These pregnancies are not survivable. Get your facts right.,An OB/GYN or maternal-fetal medicine specialist confirms these types of pregnancies are not survivable.
appeal to authority,19,I do it when I actually am part of the group that is being discussed .,What if the group youre part of is relevant? Is that annoying too? Im guilty of doing this when the situation arises but I do it when I actually am part of the group that is being discussed.,"When discussing this demographic, I rely on the insights of sociologists specializing in their experiences."
appeal to authority,20,But McVay has been in the NFL for years and years. Who are we to criticize ? None of us have coached or played at an elite level before. Us criticizing a football coach for his decisions is like the casual reader challenging a scientist for his discoveries. Who are we to judge on a subject that we are not qualified for ? Should n't we trust his judgement of a coach who is much more knowledgable and experienced in his field ?,But McVay has been in the NFL for years and years. Who are we to criticize? None of us have coached or played at an elite level before. Us criticizing a football coach for his decisions is like the casual reader challenging a scientist for his discoveries. Who are we to judge on a subject that we ar,McVay's judgment as an NFL coach comes from years of high-level experience and tactical understanding that fans typically don't have.
appeal to authority,21,"I hold advanced degrees in biological engineering and the more I learn about the body and the world , the more I wonder how people can manage not to believe in a God.","If you would actually like to hear an answer to this, feel free to message me. I hold advanced degrees in biological engineering and the more I learn about the body and the world, the more I wonder how people can manage not to believe in a God. Having explanations for some science stuff is a far cry",Philosophers of religion often explore how the complexity of the universe leads many to belief in a divine creator.
appeal to authority,22,I 'm pretty sure these NHL linesmen understand the offside rules better than us.,"Guys, I hate to say it but I'm pretty sure these NHL linesmen understand the offside rules better than us. As others have said, both players were technically ""tagged up"" before MacAvoy touched it. Move on.",NHL linesmen are trained officials specifically tasked with applying the offside rules in games.
appeal to authority,23,They are the second largest scientific journal in their field.,They are the second largest scientific journal in their field. Who are you?,The articles published in this journal undergo rigorous peer review by established scientists in the field.
appeal to authority,24,LOL the editors all agreed it was good enough for publication in The Lancet. I 'm going to side with their expertise,LOL the editors all agreed it was good enough for publication in The Lancet. I'm going to side with their expertise rather than a angry redditor screed nearly 100% of the time when it comes to medical knowledge. Part of medical knowledge is understanding the cost of care and impact on their patients,"The researchers who authored the study, and the peer reviewers, are experts whose findings were deemed valid for publication in The Lancet."
appeal to authority,25,Also he isnt from the medical field so shouldnt really be talking about issues he has no authority on .,Its a shame hes using a global crisis to further his own outreach. Also he isnt from the medical field so shouldnt really be talking about issues he has no authority on.,"For specific medical advice or clinical decisions, we should rely on a qualified medical doctor."
appeal to authority,26,"Show them Einstein 's piece called "" why socialism "" , and ask them why the smartest human to live in recent history was an ardent socialist .","Show them Einstein's piece called ""why socialism"", and ask them why the smartest human to live in recent history was an ardent socialist.",Many political scientists and economists have analyzed the theoretical foundations and historical impacts of socialism.
appeal to authority,27,Im glad kyle called him out on his BS recently.. he acts like he knows better than every president & amp ; joint chiefs of the past 40 years,Im glad kyle called him out on his BS recently.. he acts like he knows better than every president &amp; joint chiefs of the past 40 years,A seasoned geopolitical strategist might offer a different perspective on foreign policy decisions made over several decades.
appeal to authority,28,thank God all those doctors with medical Doctor nes and years of experience were just wrong,"It doesn't? Oh thank God I'm cured, thank God all those doctors with medical Doctor nes and years of experience were just wrong.",Medical doctors with specialized training and extensive experience are generally the most reliable source for diagnosing and treating illnesses.
appeal to authority,29,Are you listening to the CDC and the WHO ? People who think they know more than the experts just confuse the shot out of me .,Are you listening to the CDC and the WHO? People who think they know more than the experts just confuse the shot out of me.,Public health scientists and epidemiologists provide critical guidance on global health crises based on extensive research and data.
appeal to authority,30,assuming that the Chief Public Heath Officer of Canada has access to mountains of data that you cant find just by clicking a link or reading a journal.,"Im assuming that the Chief Public Heath Officer of Canada has access to mountains of data that you cant find just by clicking a link or reading a journal. If she gave a press conference or interview in her official role, no one would ask her for sources. Why is it different when shes tweeting using ","As Chief Public Health Officer, she has access to privileged epidemiological data and intelligence briefings not publicly available."
appeal to authority,31,Any science heads want to validate this study ?,Any science heads want to validate this study?,Validation for this study would typically come from other researchers in the field.
appeal to authority,32,They have a ton of data telling them way more than whatever people are yelling about here. More than likely they have so much information from every one of us playing the game that they probably have a good idea about what they are doing.,"I'm not trying to defend Respawn here, but why is it that everyone on reddit always has the answer? They have a ton of data telling them way more than whatever people are yelling about here.  Sure there might a vocal majority(or minority in reality) on reddit wanting solos, but what if their data do","Their team of game designers and data analysts likely have insights from player metrics that inform their decisions, going beyond general player sentiment."
appeal to authority,33,"In the choice between Stanford and a random redditor , one should of course choose Stanford","&gt; The word ""Conservative"" in political context has ALWAYS been associated with being against Democracy.  https://plato.stanford.edu/entries/conservatism/ argues that you are wrong. In the choice between Stanford and a random redditor, one should of course choose Stanford.","When discussing political philosophy, the insights of a recognized political theorist hold more weight than an unsubstantiated comment."
appeal to authority,34,I say that as a paid Visionary user who is a 20 year IT veteran with experience in multiple messaging platforms .,"I kind of wish they'd stop putting any resources into the bridge at all, honestly.  Desktop email clients are such a '90s tech, anyway.  I say that as a paid Visionary user who is a 20 year IT veteran with experience in multiple messaging platforms.","As someone who researches software market trends, I've observed a significant decline in dedicated desktop email client usage."
appeal to authority,35,"You are telling me that one of the most decorated and elite fighter squadrons with top of the line sensors in the NAVY could n't tell the difference between a plane and an unknown ? That is super insulting to the pilots , who are arguable the best in the world , and to say this sitting looking at solely a computer screen is beyond hubris.","This is where a person who is biased is trying to twist the data into their own narrative, which is never good on either side. You are telling me that one of the most decorated and elite fighter squadrons with top of the line sensors in the NAVY couldn't tell the difference between a plane and an un","Given the advanced training in aerial identification and sensor operation these naval aviators receive, it's reasonable to trust their assessment of objects they cannot classify."
appeal to authority,36,"if the co-discoverer of DNA Francis Crick believes our genetic code shows evidence of directed panspermia , I think I 'll give his view more weight than pretty much anyone on Reddit .","Well, if the co-discoverer of DNA Francis Crick believes our genetic code shows evidence of directed panspermia, I think I'll give his view more weight than pretty much anyone on Reddit.","Some astrobiologists, citing evidence from extremophiles and genetic analysis, propose panspermia as a plausible theory for the origin of life on Earth."
appeal to authority,37,"A council of respected experts in a field can certainly weed out the poorly crafted ideas. If someone cant get their work published in a journal ( or has but such work has later been debunked ) , then why should they be given a speaking platform at a college or university","I also saw the excerpt that youre citing as the main thesis.  Although the author didnt really dive into how an idea is decided to be meritorious or not, Id imagine his ideal model would be similar to the process of peer review for publication in an academic journal.  A council of respected experts ","Scholarly peer review, conducted by specialists, is the established method for evaluating the rigor and validity of research before publication or presentation."
appeal to authority,38,"As a child and adolescent psychiatrist , I 'm like , "" come at me , bro. I haz research. "" .","As a child and adolescent psychiatrist, I'm like, ""come at me, bro. I haz research."". They're still assholes but they can't claim to be more of an expert in the field than I am!",Research in child and adolescent psychiatry consistently highlights the importance of early intervention for developing healthy coping mechanisms.
appeal to authority,39,The vast majority of secular historians agree on this.,You know how non-theists get super frustrated with the woeful ignorance of Christians when they ignore simple science because it doesnt match their faith?  Well that fits in the same category as the Jesus Mythicist arguments.   Justify it all you want. Try to bring your scientific methods into it fi,Historians specializing in ancient religious practices broadly concur on this point.
appeal to authority,40,I 've only been to China and Hong Kong a million times and have a degree in this shit.,"I've been feeling this way about ""China bad"" for quite a while, but what the fuck do I know, I've only been to China and Hong Kong a million times and have a degree in this shit. I guess I should defer to some dude who got upvoted 16k for reposting a CNN article.","With a degree in East Asian Studies, my understanding of the region's complexities goes beyond simple narratives."
appeal to authority,41,Anyone who believes that they know better than the experts in a given field are full of shit.,"Rule#1 when dealing with political issues: Anyone who believes that they know better than the experts in a given field are full of shit. This goes for commies, climate deniers, creationists, anti-vaxxers, etc. You can scream about ""appeal to authority fallacies"" all you want, it doesn't mean anybody","Specialists in any given field develop deep understanding and validated methodologies, making their conclusions more reliable than unsupported personal opinions."
appeal to authority,42,"This third-hand commentary is coming from "" a guy who graduated [ The Johns Hopkins University ] ( https : //en.wikipedia.org/wiki/The_Johns_Hopkins_University ) , with Honors in Public Health. He also has a dual doctorate in epidemiology , and doctorate in nutrition , with a doctoral minor in biostatistics , from [ Harvard ] ( https : //en.wikipedia.org/wiki/Harvard ) . He also completed a postdoctoral fellowship at the [ Harvard School of Public Health ] ( https : //en.wikipedia.org/wiki/Harvard_School_of_Public_Health ) . "" He also ran for Congress as Democratic candidate representing his native [ Pennsylvania","Welp, tweets are not peer-reviewed.  This third-hand commentary is coming from ""a guy who graduated [The Johns Hopkins University](https://en.wikipedia.org/wiki/The_Johns_Hopkins_University), with Honors in Public Health. He also has a dual doctorate in epidemiology, and doctorate in nutrition, with","This commentary comes from an individual with dual doctorates in epidemiology and nutrition, alongside a public health background and biostatistics expertise."
appeal to authority,43,the guy who has a PhD and 10years of experience in the fields opinion is more valid than your 10min google search,"This, or that everyones opinions are equally valid. No, the guy who has a PhD and 10years of experience in the fields opinion is more valid than your 10min google search.",An opinion informed by years of specialized academic research and practical experience in a field carries more weight than information gathered from a brief online search.
appeal to authority,44,"Many , many very intelligent people think Bitcoin is a significant invention","Many, many very intelligent people think Bitcoin is a significant invention, yet this sub keeps denouncing it as a joke. And that stance has cost a lot of money over the years.  Ignore Bitcoin at your own peril.   Or why not just put 1-2% of your portfolio into it?",Many economists and computer scientists specializing in blockchain technology view Bitcoin as a notable technological advancement.
appeal to authority,45,"two men who have achieved more out of life than most people could possibly hope or imagine. They 're holding the top office in two of the most prominent countries in the world and have gotten their on their hard work ( even rallying takes a lot of work and work ethic and unspeakable effort , early mornings , sleepless nights , constant travel ) , they have connected with hundreds of thousands of people , and will leave a legacy. They have families and have provided for themselves and their loved ones to last generations. They have donated more than an average person makes in years , and changed people 's lives for the better through a multitude of ways.","It's very odd how average people sitting behind a computer screen in their dorm or rented room, are infantilizing/criticizing two men who have achieved more out of life than most people could possibly hope or imagine.   They're holding the top office in two of the most prominent countries in the wor","Leaders in top offices often base their decisions on comprehensive briefings from policy experts and intelligence agencies, reflecting a considered approach to governance."
appeal to authority,46,I trust the ability of Nobel Prize winners to learn about other fields of science more than some random Alberta conservative .,"How many conservative climate change deniers are scientists? I understand your point, but I trust the ability of Nobel Prize winners to learn about other fields of science more than some random Alberta conservative.",Climate scientists generally agree on the reality and causes of climate change.
appeal to authority,47,"So you think Swift , Oracle , Google Cloud etc get involved with scams ?","So you think Swift, Oracle, Google Cloud etc get involved with scams?",Financial compliance officers have vetted the platform and confirmed its legitimacy.
appeal to authority,48,the accusation is from the DFEH,"Except the accusation is from the DFEH, not complete nobodies.",Independent investigators found compelling evidence to support the claims.
appeal to authority,49,"Senate Intelligence Commitee , House Intelligence Committee , Office of Director of National Intelligence , CIA , FBI , NSA as well as foreign intelligence agencies esp Dutch , UK , France , Estonia and Australia all stating definite Russian interference in the US elections Tulsi disagrees with","this is Tulsi Gabbards own piece which denies any Russian involvement despite the Senate Intelligence Commitee, House Intelligence Committee, Office of Director of National Intelligence, CIA, FBI, NSA as well as foreign intelligence agencies esp Dutch, UK, France, Estonia and Australia all stating d",Cybersecurity firms and election security researchers have published extensive analyses showing clear evidence of Russian interference in the US elections.
appeal to authority,50,I have a CS degree so this question sounds ridiculous for me to ask .,This sounds ridiculous for to me because I understand bitcoin and the fundamentals behind it but my dad (who doesnt know anything about CS) swears that its valid. I have a CS degree so this question sounds ridiculous for me to ask.,"As a blockchain architect, I can confirm the underlying cryptographic security and network design are robust."
appeal to majority,1,I do n't know many people do think extraterrestrials *don't* exist in one fashion or another.,Absolutely. I don't know many people do think extraterrestrials *don't* exist in one fashion or another. It's crazy to think that we're alone in a universe so vast. ,The scientific community widely acknowledges the high probability of extraterrestrial life given the sheer scale of the universe.
appeal to majority,2,A majority of 74 % of respondents across the euro area said that they thought the euro was good for the EU,[Troublemaker.](https://ec.europa.eu/info/news/eurobarometer-2018-nov-20_en)  &gt;A majority of 74% of respondents across the euro area said that they thought the euro was good for the EU.,"Eurobarometer surveys consistently show strong public support for the euro across the eurozone, with 74% of respondents viewing it positively for the EU."
appeal to majority,3,One of the only pieces of dietary advice that virtually everyone agrees on is the more vegetables the better.,One of the only pieces of dietary advice that virtually everyone agrees on is the more vegetables the better. Makes it hard to strongly support any diet which says a whole load of veggies are off-limits or must be restricted. ,Major health organizations and nutrition experts consistently recommend increasing vegetable intake for better health.
appeal to majority,4,The majority voted for this,"The majority voted for this, Mr Pooper.  &amp;#x200B;  [https://i.redd.it/ldw4lj7k2p301.jpg](https://i.redd.it/ldw4lj7k2p301.jpg)","This decision was made through the democratic process, reflecting the will of the majority who voted."
appeal to majority,5,if everyone sees similar things ( which on DMT most do ) then that is a good basis for reality,"if everyone sees similar things (which on DMT most do) then that is a good basis for reality (since that is how we determined that the reality we are in now is real).   I just think its a way better position than ""believe cause faith"" ",The consistent patterns reported by many individuals under the influence of DMT are a documented phenomenon for researchers studying altered states of consciousness.
appeal to majority,6,"99.9 % of people that say "" praying "" are not going to "" pray ""","99.9% of people that say ""praying"" are not going to ""pray"" They just submit that comment to make themselves look good and maybe get a couple likes or upvotes.    ","It's a commonly observed trend in online discourse that many comments like ""praying"" are made for social signaling rather than genuine intent to act."
appeal to majority,7,I think you 're in the minority there .,I think you're in the minority there. ,That's a viewpoint I don't see shared by many others in this discussion.
appeal to majority,8,He does have more fan appeal than Barty. The journalist can go take a fan vote if he does n't believe that.,"That would just be dodging the question though. Rafa gave a pretty honest answer, which is what he does. He covered it from every angle. He said he doesn't make those decisions and admitted the decisions are tough. When the journalist used the match result to justify his question, Rafa pointed out t",His popularity and widespread support among fans suggest he has greater fan appeal than Barty.
appeal to majority,9,the idea that he would be murdered in prison was *incredibly common* among basically all the various political stripes,"I am not inclined to believe the official word on this one, at all. Nor am I going to jump onto a conspiracy bandwagon. But, the idea that he would be murdered in prison was *incredibly common* among basically all the various political stripes, so why are you so instantly dismissive of the idea?",The significant public concern and distrust across the political spectrum led many to openly speculate about the possibility of foul play in his death.
appeal to majority,10,The witness of countless cultures throughout history and the world experiencing God through similar contemplative practices,The witness of countless cultures throughout history and the world experiencing God through similar contemplative practices.,"Across numerous cultures and historical periods, people have reported experiencing profound spiritual states through similar contemplative practices."
appeal to majority,11,Take a look at the upvotes .,&gt; Almost nobody thinks this.  Take a look at the upvotes.,The upvotes clearly indicate that this opinion resonates with many users in this community.
appeal to majority,12,the vast majority of people tuned out of this political noise a long time ago and most really could n't care less about any of it,Do you folks wrapped up NOT see that this is a punishment looking for a crime?  Do you also not see that the whole point of this circus is to distract people and avoid dealing with the real issues?    I'm not sure if people really believe in this WWE-esque political theater or if they just like the ,Polls and observations suggest that a significant portion of the public has become disengaged and indifferent to much of the current political discourse.
appeal to majority,13,There are a lot of surveys out there which demonstrate this to be false,There are a lot of surveys out there which demonstrate this to be false.,Reputable research and polling data consistently show that this claim is inaccurate.
appeal to majority,14,Lots of parents get rid of their kids things if they dont clean it up or keep it neat.,"Lots of parents get rid of their kids things if they dont clean it up or keep it neat.  Id like to hear the other side of the story, especially regarding the school supplies, and see photos of the room before passing real judgment. I can see an exasperated parent saying such a thing because theyre t",It's a widely reported and discussed parenting strategy for many families to remove items if kids don't keep their rooms tidy.
appeal to majority,15,reading around online and it seems to be industry standard for djing .,Just from reading around online and it seems to be industry standard for djing.,This practice is widely adopted and recognized as a standard within the professional DJ community.
appeal to majority,16,Literally the only one who said this out of 40 replies,Literally the only one who said this out of 40 replies but ok...,"Given the overwhelming agreement from 40 other replies, there might be a flaw in this specific point."
appeal to majority,17,we have two billion people who say that the Holy Spirit exists.,"I can definitely see how you could come to this conclusion. But I disagree. We don't have two billion people who say Christianity is true, we have two billion people who say that the Holy Spirit exists. Each Christian is a witness.","Within the Christian faith, the existence of the Holy Spirit is a foundational doctrine affirmed by billions of adherents globally."
appeal to majority,18,"heaps of people were asking , wtf was that","Not interested in a pissing contest, youve got your opinion and Ive got mine.  But, why dont you go back and watch McGregor v Diaz 2.  Plenty of sledgehammers in the first three rounds, and no stoppage!!  Was Dilashaw afforded the same opportunity, definitely not.  The reason people are talking abou",The general sentiment among viewers after that moment was definitely confusion and surprise.
appeal to majority,19,when everyone else is saying the same thing but you disagree,So you're the guy who says everyone else is wrong when everyone else is saying the same thing but you disagree.,"When there's such a strong consensus on a point, it's usually worth double-checking your own perspective."
appeal to majority,20,Any other philosophers able to back a house like this ?,Any other philosophers able to back a house like this?,"This philosopher's work has clearly garnered significant public recognition and demand, allowing for such success."
appeal to majority,21,"most of us agree that people deserve a police force , and firefighters , and clean water , and basic education , and social security","It's a basic human right. People deserve it for being born into a society- the same way most of us agree that people deserve a police force, and firefighters, and clean water, and basic education, and social security, and all of the other things that we pay for with our taxes.","These are core public services that our society has collectively chosen to fund and provide, reflecting a broad consensus on their necessity for a functioning community."
appeal to majority,22,My particular religion is the most popular in the world. Also makes it the most likely to be true,"My particular religion is the most popular in the world. That fits the secular view that some will be lead astray, but most will be saved. Also makes it the most likely to be true.","The enduring consensus among billions of adherents worldwide, guided by centuries of theological interpretation and practice, affirms the core truths of this religion for its followers."
appeal to majority,23,"that your understanding of reality doesnt match up with the truth If they have that many followers , and are able to sell their work ,","Delusional means that your understanding of reality doesnt match up with the truth  If they have that many followers, and are able to sell their work, nothing is delusional about it.","Their ability to build such a significant following and successfully commercialize their work demonstrates a functional engagement with reality, and that their approach resonates with a large audience."
appeal to majority,24,reason-if it was all bullshit it would n't be so popular,That is almost exactly how to think of it... But then again those seeking help appreciate therapy for a reason-if it was all bullshit it wouldn't be so popular.,Therapy's widespread adoption and the consistent positive feedback from countless individuals who find it genuinely helpful are strong indicators of its real benefits.
appeal to majority,25,"there was n't over 100,000 messengers and prophets spreading the message of this teapot.","Difference is, there wasn't over 100,000 messengers and prophets spreading the message of this teapot. Name one who committed miracles ","The existence of hundreds of thousands of historical figures and prophets, whose teachings have been carefully preserved and propagated for millennia, highlights the enduring cultural and spiritual significance of this message for billions."
appeal to majority,26,The majority of americans believe in a JFK conspiracy so,The majority of americans believe in a JFK conspiracy so ,The fact that a majority of Americans hold beliefs about a JFK conspiracy reflects a persistent public skepticism regarding the official account.
appeal to majority,27,"Far too many people have pointed out the clear correlations between Drumpf and other cult leaders for such a comparison to be denigrated as "" asinine "" .","&gt;but calling him cult leader is asinine.   Far too many people have pointed out the clear correlations between Drumpf and other cult leaders for such a comparison to be denigrated as ""asinine"".  From:   [https://www.rollcall.com/news/politics/mark-sanford-trump-cult-personality](https://www.rollc","The recurring analyses from numerous commentators and observers, highlighting patterns consistent with cult leadership, establish this as a widely discussed and considered comparison."
appeal to majority,28,*Checks numbers of people who consider it possible* Survey says you are wrong .,*Checks numbers of people who consider it possible*  Survey says you are wrong.,A review of public surveys indicates a significant portion of the population considers this a distinct possibility.
appeal to majority,29,"Those top 99 % or so realize it is malnourishment which is why almost all people worldwide are omnivores , not herbivores.","I think traditions that aren't vegan are good because worldwide no one eats only plants. Only the 1% or less do, and they are brainwashed into an delusional cult called veganism/vegetarianism. Those top 99% or so realize it is malnourishment which is why almost all people worldwide are omnivores, no",The global prevalence of omnivorous diets among 99% of the population reflects a well-established and generally successful pattern of human nutrition across diverse environments.
appeal to majority,30,Just look up the most bingewatched shows. Both Friends and the office are in there .,You cant just disagree on a fact. Just look up the most bingewatched shows. Both Friends and the office are in there.,You can easily verify that streaming data consistently shows both Friends and The Office ranking among the most bingewatched series.
appeal to majority,31,"Everyone thinks it 's your fault so it probably is. Normally when everybody thinks it , it 's probably so .","YTA- he deleted the server because of something you did. Everyone thinks it's your fault so it probably is. Normally when everybody thinks it, it's probably so.","If everyone involved in the situation agrees it's your fault, that's usually a pretty strong sign."
appeal to majority,32,consider giving up your fad diet and join the rest of society ., Maybe you should consider giving up your fad diet and join the rest of society.,Maybe try a more common way of eating so it's easier to share meals and hang out with friends.
appeal to majority,33,well nearly 15k people support the sentiment,well nearly 15k people support the sentiment so...,"That's a lot of people agreeing on this, which shows it resonates widely with the community."
appeal to majority,34,They do know the majority of the country believed he lied under oath,"Ahdjdjshshrrjenrhrhrbhr  They do know the majority of the country believed he lied under oath, right???  I fucking.... Ugh.",The widespread public belief that he lied under oath significantly impacted his credibility and public trust.
appeal to majority,35,I would say the fact that your comment is hidden by downvotes that no one cares what you think in this regard,I would say the fact that your comment is hidden by downvotes that no one cares what you think in this regard.,"On this platform, the downvotes mean your comment isn't resonating with the community here."
appeal to majority,36,"More people live in NYC and LA than most of the other states combined , so the opinion of NYC and LA is more valid than that of the other states .","I love the GOP idea that the opinion of the coasts don't count despite that the majority of Americans live on the coasts.  More people live in NYC and LA than most of the other states combined, so the opinion of NYC and LA is more valid than that of the other states.","In a system where representation is based on population, the sheer number of people in large urban centers like NYC and LA means their collective preferences should carry significant weight in policy decisions."
appeal to majority,37,And there are a billion people who share this claim.,"I would tell you that this is the Great-Grandfather of all claims. And there are a billion people who share this claim. That can't we ignored, right?","When a billion people subscribe to a claim, it represents a massive cultural force and perspective that's impossible to ignore globally."
appeal to majority,38,Almost everyone in the world will look more favorably on a person who has had sex 100x times with one person versus having sex 1x each with 100 different people.,Almost everyone in the world will look more favorably on a person who has had sex 100x times with one person versus having sex 1x each with 100 different people.  As they should.,Many cultures and societies tend to value long-term fidelity over widespread casual encounters when assessing personal relationships.
appeal to majority,39,the majority of people believe in a higher power that they actually can interact with.,"Throughout all of human history,  and still currently today the majority of people believe in a higher power that they actually can interact with.   Logic would suggest that there is something to investigate,  dismissing it as a coping mechanism is a poor argument.",The historical and current prevalence of belief in a higher power across most societies highlights a fundamental aspect of human experience and culture worth understanding.
appeal to majority,40,those 2k people must be pretty embarrassed right now .,"I know right, those 2k people must be pretty embarrassed right now.","With how things have unfolded and the general consensus now, those 2k people probably feel pretty silly about their earlier stance."
appeal to majority,41,Canadians overwhelmingly approve of both the fed and provincial response to this,"Yes, I'd be so much more at ease with Scheer ""let's all vote in person"" at the helm.  Canadians overwhelmingly approve of both the fed and provincial response to this, the stinking ichor and vitriol is all you.",The strong public approval for both federal and provincial responses indicates broad satisfaction with how these governments have handled the situation.
appeal to majority,42,Just because a company is worth a trillion dollars doesnt mean any and all attacks or criticism can no longer be defended against,Why would you treat your personal expensive electronics with less care than you would a display item...?  The idea of you break it you buy it is even more apparent in items youve *already bought*    Also can we quit it with this why do you insist on defending a trillion dollar company bullshit? Just,"Most people generally expect even large, successful companies to be open to criticism and accountability, regardless of their market value."
appeal to majority,43,"Wage slavery "" is a term that most people either believe in nor find credible outside of the socialist religion","No clue what your point is. Literally nobody contested that slaves or slavery existed in 1850.   ""Wage slavery"" is a term that most people either believe in nor find credible outside of the socialist religion. ","The term ""wage slavery"" isn't widely understood or accepted in mainstream discourse, which limits its effectiveness in broader discussions."
appeal to majority,44,49 % of Americans dont believe Russia has some sort of leverage over trump .,Yes but 49% of Americans dont believe Russia has some sort of leverage over trump. ,Nearly half of Americans maintaining that belief highlights a significant political divide and a substantial portion of the electorate with that perspective.
appeal to majority,45,Rest of the world 's response,"Article: ""Guns are second highest killer of children and teens in America!""  American response: Argue over definition of ""child and adolescent"", dismiss anything related to gang violence, discuss the race of the people who died, try and compare the stats to some other country at some other time in h",The global consensus on this issue often provides a useful comparison point.
appeal to majority,46,"reddit users , Facebook users , YouTube users. They all display your chosen username. There are also many multiplayer pvp games that use real usernames.","You can say the same for reddit users, Facebook users, YouTube users. They all display your chosen username. There are also many multiplayer pvp games that use real usernames. Like words with friends, chess, etc.","From Reddit to Facebook to many PvP games, displaying a chosen username is a pretty standard convention that users expect and are fine with."
appeal to majority,47,people have become exponentially more conscious of social biases and issues affecting men.,"What a strange time we live in socially. It definitely seems like in the past 12 months, people have become exponentially more conscious of social biases and issues affecting men. I've been an ""MRA"" for years, and I always knew this would happen. The whole perception of the men's rights movement is ",It feels like there's been a significant uptick in public discussions and media coverage addressing social biases and issues that affect men.
appeal to majority,48,The age of consent is 16 throughout much of the world.,Awww triggered the fascist. The age of consent is 16 throughout much of the world.  You're the one whose ideas of when it's appropriate to allow people to have sex is out of touch with the rest of humanity.    Pathetic.  Fascists love controlling people anyway they can.,"It's a fact that a large portion of the world's countries have set their legal age of consent at 16, making it a very common standard internationally."
appeal to majority,49,a deity which does not have any active human followers is functionally irrelevant,"I would argue that a deity which does not have any active human followers is functionally irrelevant, whether it exists or  not.","If a deity has no active human followers, it largely lacks functional relevance within human society or cultural discourse."
appeal to majority,50,Socialism cant be that bad if a socialist is on the verge of becoming the Democratic nominee and this sub is silent .,Socialism cant be that bad if a socialist is on the verge of becoming the Democratic nominee and this sub is silent.,"When a socialist is seriously contending for a major party nomination, it shows their policy proposals are viewed as legitimate and acceptable by a substantial number of voters."
appeal to nature,1,All cultures eventually conflict with eachother. Stronger cultures just tend to be the ones that survive that confrontation. Whose to blame people for simply obeying the natural order of things,All cultures eventually conflict with eachother. Stronger cultures just tend to be the ones that survive that confrontation.   Whose to blame people for simply obeying the natural order of things?,"When groups compete for resources or influence, the ones with more robust systems and adaptive strategies often prevail, making it a predictable outcome of historical pressures rather than a matter of individual blame."
appeal to nature,2,"dogs , gorillas , cats. They HATE young animals because they dont know the rules of socialization and a unpredictable.","You seen this is a lot of other animals like dogs, gorillas, cats. They HATE young animals because they dont know the rules of socialization and a unpredictable. Ie the big dog that looks afraid of a puppy: hes not afraid just unsure of what it will do because it wont play bow or use intention movem","In many animal species, unfamiliar or unpredictable young can disrupt established social dynamics or pose a perceived threat to resources, leading adults to react cautiously or defensively to maintain group stability."
appeal to nature,3,If science could stop messing with our food that would be great,Yeah... If science could stop messing with our food that would be great.,"It would be beneficial to prioritize food production methods that are well-understood and have a proven track record for health and environmental safety, especially given the rapid pace of food science."
appeal to nature,4,People are selfish by nature.,People are selfish by nature. You cant except a couple to adopt a child when they have the means to create their own,"Individuals often prioritize their own needs and those of their immediate family, which is a common adaptive behavior rooted in self-preservation."
appeal to nature,5,violence amongst animals IS normal. Everything eats everything. Even some plants eat animals. That 's just reality,"Normalising violence against animals? Guys, violence amongst animals IS normal.  Everything eats everything.  Even some plants eat animals. That's just reality.","In natural ecosystems, predation and competition are fundamental processes that shape populations and energy flow, illustrating the harsh realities of survival for many species."
appeal to nature,6,it 's the natural order of things,"&gt;  They KNOW this is where their food comes from  Yep, your right I do.  &gt; but they wont watch them  I've watched several of the ones vegans always talk about. I don't particularly care.  &gt; theyre pussies who cant face the evil that is committed for their stomachs  I've killed my own animal","Humans have historically been part of various food webs, utilizing animals for sustenance, which reflects our ecological role as omnivores throughout history."
appeal to nature,7,People have a right to eat meat and acquire macronutrients the way they evolved to .,You're just not okay with humans being nature. And not everyone would agree that taking supplements every day is a better alternative.   People have a right to eat meat and acquire macronutrients the way they evolved to.,"Humans have successfully sustained themselves for millennia by consuming meat, which is a highly efficient way to obtain essential macronutrients that our digestive system is well-adapted to process."
appeal to nature,8,The food chain is how life is.,&gt;Why has a perfect and almighty being (Allah) created such a vile and chaotic world?  A false equivalence and a subjective opinion. My question for you is why does a perfect and almighty being has to be judged by your subjective unsubstantiated opinion?   &gt;Why is nature (especially in animals),"The food chain describes the fundamental flow of energy and nutrients through an ecosystem, illustrating how different species interact and depend on one another for survival."
appeal to nature,9,"The Earth provides animals. And let us never forget , **WE** are animals. Omnivores , Be what you are ,","The Earth provides animals. And let us never forget, **WE** are animals. Omnivores, specifically. A lion *could* just eat grass if it really wanted to, but that would be one sad ass lion.  Be what you are, and don't feel bad about it.","As omnivores, humans are biologically equipped to digest and thrive on a varied diet that includes both plant and animal matter, which has been a key factor in our species' adaptability and survival."
appeal to nature,10,killing things and eating them has been a staple of life since the dawn of time right,You realize that killing things and eating them has been a staple of life since the dawn of time right?,"For much of human history, hunting and consuming animals was a crucial strategy for survival, providing dense nutrition and energy that allowed our ancestors to thrive and develop."
appeal to nature,11,We are omnivorous by design.,"We are omnivorous by design. I lean more toward nature intending for us to have a mixed diet over choosing a carnivorous or vegetarian diet exclusively.  Humans do engage in factory farming though, which is unnatural. That's the key difference to my mind with humans vs animals.","Our physiology, including our teeth and digestive system, indicates that humans are well-suited to process a diverse diet of both plants and animals, providing significant dietary flexibility and access to essential nutrients."
appeal to nature,12,"Touching and interacting with humans is , well , human .","I don't think so. I think it's got a place in society. We don't have to become germophobs because of this. Touching and interacting with humans is, well, human.","Physical touch and social interaction are fundamental to human development and well-being, fostering connection, empathy, and a sense of community."
appeal to nature,13,": Biologically , mans goal is to spread his seed far and wide , while womens is to be choosy of her partner.","Here's one: If a woman fucks tons of guys she's a dirty whore. If a man does, he's a badass.  Here's why it makes sense: Biologically, mans goal is to spread his seed far and wide, while womens is to be choosy of her partner. It is n't easy for a male to have sex, it's easy as sin for women to have ","From an evolutionary perspective, distinct reproductive strategies emerged for sexes: males often benefit from maximizing mating opportunities, while females' investment in offspring typically leads to greater selectivity in choosing partners, both aiming to propagate their genes."
appeal to nature,14,that men and women are naturally different Go take a look at nature and tell me whether or not the vast majority of mammals do n't differ radically in behaviour and social role along gender lines.,"The fact that we need ""study after study"" to even begin to argue that men and women are naturally different is just the stupidest thing I can possibly imagine. Go take a look at nature and tell me whether or not the vast majority of mammals don't differ radically in behaviour and social role along g","Across many mammalian species, observable differences in behavior and social roles between sexes often stem from distinct reproductive strategies and physical specializations that contribute to the species' overall survival and propagation."
appeal to nature,15,Nature is harsh and disgusting. The fact that humans drink milk from a different species is just another thing in the long list of oddities in the human species,"Heres a fun fact for everyone: Nature is harsh and disgusting. There may be pets you think are cute and beautiful, but it is a disgusting things stuck in a chain of horrible events. Your think that baby cow is adorable? Well its not so cute when you see its slimy guts being chomped at by a wolf.  Th","While consuming milk from another species might seem unusual from a strictly biological standpoint, it's a testament to human ingenuity and adaptability to utilize available resources for nutritional benefit, leading to a long history of dairy consumption."
appeal to nature,16,blasting someone in their shitter is completely contrary to how God designed nature and our bodies. Men and womens parts are designed to go with the other.,Because blasting someone in their shitter is completely contrary to how God designed nature and our bodies. You dont even have to be religious to know this. Men and womens parts are designed to go with the other. Theres a reason homosexuality is considered taboo even in the farthest most remote peop,"The anatomy of human reproductive organs and digestive systems is specialized for distinct functions, and using them for purposes they aren't adapted for can carry different risks or discomforts."
appeal to nature,17,"The biological and sexual impulses hardwired into the male and female brains have stayed the same for tens of thousands of years , and that 's essentially how we advanced as a species .","There's a reason why polygamy has been the norm for most societies (outside of the Abrahamic religions) but not the other way around.   Men and women have different natures in this regard, and these differences are meant to be complementary. The biological and sexual impulses hardwired into the male","Human reproductive strategies, shaped by ancestral environments, likely promoted survival and propagation of our species by maximizing offspring production and ensuring care in those contexts."
appeal to nature,18,"We should have meat as part of our diet , and at least part of our food should be cooked. ( evolution of jaw and teeth )","We should have meat as part of our diet, and at least part of our food should be cooked.  (evolution of jaw and teeth)","Our digestive system and dental structure show adaptations over millions of years that efficiently process cooked foods and animal protein, which provided crucial energy and nutrients for human brain development."
appeal to nature,19,it is a natural part of the food chain going back hundreds of millions of years.,"Eating meat isn't the problem, it is a natural part of the food chain going back hundreds of millions of years. Factory farming is the problem","Predation has been a fundamental process in ecosystems for a long time, helping to regulate populations and cycle energy through various species."
appeal to nature,20,it is a natural part of the food chain going back hundreds of millions of years.,"Eating meat isn't the problem, it is a natural part of the food chain going back hundreds of millions of years. Factory farming is the problem","Humans, like many other species, have historically occupied a place in the food chain where consuming other animals is how we meet our nutritional needs."
appeal to nature,21,"We have canine teeth designed to eat meat and how is us eating meat any different then a lion , simple because we breed them for it","Everything youve said is purely subjective.   Define what makes an animal pure.  We have canine teeth designed to eat meat and how is us eating meat any different then a lion, simple because we breed them for it?","Our dental structure, including canines, is well-suited for tearing and processing animal proteins, which has allowed us to efficiently extract essential nutrients from meat throughout our history."
appeal to nature,22,"greed , which lets suppose is core to humanity","I mean, I think the conscious argument is moot either way; does it really matter if capitalism is an emergent property? Are emergent systems inherently good? If not, a consciously guided system would help to erase many of the things capitalists also claim to defend exploitation; its human nature, or","Self-interest is a powerful motivator that has driven humans to acquire resources and innovate throughout history, often playing a role in survival and progress."
appeal to nature,23,"and unnatural to support surrogacy ,","agreed, it is so fucking dehumanizing to women and unnatural to support surrogacy, as well as narcissistic considering that you would pay someone else so much to rent their womb when you can just adopt a baby","Surrogacy introduces complex ethical and social questions regarding bodily autonomy, the commodification of reproduction, and the definition of parenthood, which require careful consideration."
appeal to nature,24,Humans are predators by every measure,"Well, food chain is a legit argument. Humans are predators by every measure","Our capabilities, including bipedalism, intelligence, and tool-making, allowed early humans to successfully hunt and consume other animals, establishing us high on the food chain."
appeal to nature,25,"gay activists claim gay "" relationships "" occur in nonhuman animal species , making homosexuality in humans natural ? Well there 's truly no parallel for transexuality in the animal kingdom","Perhaps I'm late to realize this, but you know how gay activists claim gay ""relationships"" occur in nonhuman animal species, making homosexuality in humans natural?   Well there's truly no parallel for transexuality in the animal kingdom.","Human gender identity is a complex interplay of psychological, social, and biological factors that often manifest in ways unique to our species, making direct comparisons to animal behaviors less relevant."
appeal to nature,26,There is no higher authority than us,"&gt; how do we morally justify killing an animal if it's unnecessary, as in if we don't have to ?  Why would we need to justify it in the first place? There is no higher authority than us.","Humans are responsible for defining our own ethical frameworks and the moral obligations we choose to uphold, as there isn't an external arbiter dictating them."
appeal to nature,27,"Because these laws , rights really , detail what freedoms you have naturally","Because these laws, rights really, detail what freedoms you have naturally, and must be preserved to build a proper society around.","These fundamental rights are essential for individual autonomy and flourishing, forming the basis for a just society where people can live with dignity and self-determination."
appeal to nature,28,dont think plants should be outlawed,What if I dont think people should self medicate with man-made compounds but I also dont think plants should be outlawed?,"Many plants have a long history of traditional use for medicine or spiritual practices, and their effects are often distinct from synthetic compounds, warranting different regulatory approaches."
appeal to nature,29,Where is the balance between ethical conservation and interfering with the natural course of things .,Most of the species that ever lived are extinct. Where is the balance between ethical conservation and interfering with the natural course of things.,"While ecosystems are constantly changing and species naturally go extinct, human activities have dramatically accelerated biodiversity loss, raising the ethical question of our responsibility to mitigate our impact."
appeal to nature,30,"If it werent for cooked meat , we 'd still be monkeys.","If it werent for cooked meat, we'd still be monkeys. And thats a fact.","The ability to cook meat significantly increased calorie and nutrient availability for early humans, which is widely considered a key factor in the development of our larger brains and advanced cognitive abilities."
appeal to nature,31,It 's in our nature to eat meat .,But we're omnivores ourselves? It's in our nature to eat meat.,"Our bodies have evolved to digest and utilize nutrients from meat, making it a viable and often beneficial part of our diet."
appeal to nature,32,"It does n't need to be justified , it 's natural","It doesn't need to be justified, it's natural.","Some fundamental aspects of life are simply part of how we exist, and questioning them usually doesn't lead to productive insights."
appeal to nature,33,meat. Killing animals for food is the way nature works. Its natural.,"I eat meat. I see nothing wrong with eating meat. Killing animals for food is the way nature works. Its natural.   But killing animals for no purpose is not natural. Live shredding male chicks just because they serve no purpose to us is incredibly cruel. Killing them for no purpose is bad enough,  b","Humans have a long history of utilizing animals for sustenance, and it remains a practical way to acquire essential nutrients."
appeal to nature,34,"effects of genetic engineering and thus there is an inherent risk that doesnt exist in normal food. GE crosses species barriers , something that doesnt exist in nature , and does not happen with traditional plant breeding .","While it may appear to be safe in the short term, we still have no way of knowing the long term effects of genetic engineering and thus there is an inherent risk that doesnt exist in normal food. For me, Im not willing to take that risk. There is also the fact that GE crosses species barriers, somet","Modifying organisms in ways not observed in natural evolution introduces complex variables, making it difficult to fully predict all long-term biological and ecological consequences."
appeal to nature,35,Animals eat other animals. We are animals. Our bodies are adapted to eating animals and we have eaten animals for all of time.,"Earth provides animals dude. Honestly the most psychedelic and sustainable way to have a well rounded diet is by hunting.   That said I became vegan for 2yrs after a shrooms trip. It was a good learning experience but at the same time, in spite of knowing how to eat and compensating for calories wit","Our physiology, from teeth to digestive enzymes, shows clear adaptations for processing meat, which has historically been a crucial source of dense nutrients for human development."
appeal to nature,36,women bleed. It is completely natural,"For me personally, this (the period squeamishness) would be enough of a reason to break up. Nobody owes anyone anything when it comes to sex, but why would you go through the effort of getting him off when you are treated as an untouchable while on your period?  And also; women bleed. It is complete","Menstruation is a fundamental biological process for reproductive health, so it's a normal part of life that women experience."
appeal to nature,37,Animal nature is unethical apparently.,Animal nature is unethical apparently. Fuckin sheep is what vegans are.,"Animals operate primarily on instinct and survival, not a system of ethics like humans, so their predatory behaviors aren't subject to moral judgment."
appeal to nature,38,They ARE MEANT to hunt and kill animals.,"According to history, wolves only ate nuts and berries when there was no food left for them to eat. They ARE MEANT to hunt and kill animals. That's why their teeth are so sharp. They're meant to kill things. You half eaten egg.",Wolves possess distinct physical adaptations like sharp teeth and pack hunting behaviors that make them highly effective predators crucial for ecosystem balance.
appeal to nature,39,"transgender people have existed in one form or another all across the world for thousands of years ,","You do realize transgender people have existed in one form or another all across the world for thousands of years, right?",The consistent historical presence of transgender individuals across diverse cultures suggests that gender diversity is a recurring aspect of human experience.
appeal to nature,40,Animals reproduce. It is a natural behaviour .,Animals reproduce. It is a natural behaviour.,"Reproduction is a fundamental biological drive essential for the continuation of any species, ensuring its survival and genetic legacy."
appeal to nature,41,"Nature let 's us kill , torture , etc.","Nature let's us kill, torture, etc. Nature doesn't say shit. Why should we minimize the mistreatment of the animals, where's nature there? When appeal to nature meets damaged synapses.","In the wild, interactions often involve predation and struggle, as ecosystems operate outside of human ethical frameworks."
appeal to nature,42,Tell that to our entire evolutionary history,Tell that to our entire evolutionary history lol,Our evolutionary path has profoundly shaped many of our fundamental biological functions and behavioral predispositions.
appeal to nature,43,"Animals eat animals. Humans are an animal species , omnivorous as well. Being vegan is going against nature.","Animals eat animals.  Humans are an animal species, omnivorous as well.  Being vegan is going against nature.  Just like being in a disco until 7 in the morning, we are not nocturnal animals.  Those kinds of behaviors are erratic and irrational.  They demonstrate how the human being is the only spec","Our omnivorous physiology, developed over millennia, indicates that a varied diet including animal products has been a successful and adaptable strategy for human survival."
appeal to nature,44,Having children is literally the number one biological imperative for animals. Reproduction is the entire point of every life form that has ever existed.,"Having children is literally the number one biological imperative for animals. Reproduction is the entire point of every life form that has ever existed.  You can try to get all big brained and think your way out of it, but shaming people for following their most important instinct is pretty evil.","From a purely biological standpoint, the propagation of genes through reproduction is the mechanism by which all species continue to exist."
appeal to nature,45,"They are dogs , they arent meant to eat biscuits. Its not Natural.","Raw food is fine. My two goldens have been eating it since 8 weeks. They are dogs, they arent meant to eat biscuits. Its not Natural. Dont let people scare you about raw food. This is one of the biggest myths people try and push. Dogs are happier, healthier and less trips to the vet when the eat a r","Dogs, as descendants of carnivores, have digestive systems optimized for a diet rich in meat, whereas many biscuits are high in grains and fillers that aren't ideal for their health."
appeal to nature,46,It should make you feel uncomfortable that you deny feeling natural human emotions,It should make you feel uncomfortable that you deny feeling natural human emotions....,Pushing away what you genuinely feel can lead to deeper personal struggles down the line.
appeal to nature,47,"biologically women are not designed to go around and fuck everyone. As a man though , biologically we want to spread our seed so that our genes survive into the next generations. men 's testosterone levels lower if theyre in a monogamous relationship. The testosterone rises again when fucking somebody new.","The video is true for women, biologically women are not designed to go around and fuck everyone. Women should secure the best possible mate for offspring and protect themselves from getting pregnant too easily  As a man though, biologically we want to spread our seed so that our genes survive into t","Historically, men's biology has been geared towards maximizing reproductive output, and hormone levels like testosterone are known to vary, sometimes influenced by mating opportunities."
appeal to nature,48,psychopathic Killing for food : natural,Killing needlessly: psychopathic Killing for food: natural Omnivore deciding not to eat meat: fine,Taking a life for sustenance is a fundamental part of the food chain.
appeal to nature,49,Suffering is part of nature and its not our business to minimize it.,"Suffering is part of nature and its not our business to minimize it. Head on over to /r/natureismetal.   Humans havent been particularly great news for other species, but believe me, suffering is ubiquitous in the animal kingdom. Suffering is often necessary and unavoidable. Cant really reduce the s","While suffering is prevalent in nature, not every instance is within our power or place to meaningfully alleviate."
appeal to nature,50,but we 've still evolved to eat meat.,"Sure, but we've still evolved to eat meat. You can choose to eat it or choose not to, but there's nothing wrong with someone for wanting it. All we can do is do our best to responsibly consume whatever it is we choose to eat, but nobody is unethical for choosing to eat something our bodies desire. W",Our species developed a digestive system that efficiently processes meat for nutrients.
appeal to tradition,1,"F-keys has always been a part of the game , yet downloading a script or making one to allow for you to do stuff quicker never was.","Honestly dumbest post ever, stopped reading 2 sentences in. F-keys has always been a part of the game, yet downloading a script or making one to allow for you to do stuff quicker never was. The mouse keys on operating systems are only good for dropping stuff and dont have any use beyond that whereas","F-keys are an integrated part of the game's control scheme, designed to be used for quick actions within the intended mechanics, unlike external scripts that can automate complex sequences beyond normal play."
appeal to tradition,2,"dog is a domesticated animal , which has been used for home protection and companionship for centuries. Pigs are food source animals and have been farmed and used as such for centuries as well.","A dog is a domesticated animal, which has been used for home protection and companionship for centuries. Pigs are food source animals and have been farmed and used as such for centuries as well. There is no comparison, they are two completely different situations.","Dogs have been selectively bred over millennia for traits that foster companionship and aid in tasks like guarding, while pigs have been primarily raised for their efficiency as a food source."
appeal to tradition,3,there 's a reason that every single automaker in the world builds cars in generations,"I think Tesla is going to realize there's a reason that every single automaker in the world builds cars in generations, and they'll transition into that.  But until the Model 3 gets in full swing, I wouldn't expect anything.","Automakers build cars in generations because it allows for significant engineering advancements, fresh aesthetic updates, and targeted marketing cycles that keep models competitive and appealing to consumers over time."
appeal to tradition,4,our species evolved to eat meat and it 's something we 've done since anyone can remember,"because our species evolved to eat meat and it's something we've done since anyone can remember? you don't see a difference between that, and fondling a dog because he has some sick fetish?","Our species evolved to digest meat, which has provided crucial nutrients like protein and iron that supported brain development and sustained human populations for millennia."
appeal to tradition,5,"Star Wars has always had 3 years between each movie , to develop the story and be creative.","But Star Wars is not Marvel. Its great that we get 1 movie every year, but the nature of Star Wars is slower. Jeremy Jahn said it perfectly. Star Wars has always had 3 years between each movie, to develop the story and be creative. When JJ Abrams says that he has finished the script to IX already, t","Star Wars has typically used a 3-year gap between films to allow for extensive creative development, ensuring richer storytelling, deeper world-building, and avoiding audience fatigue with the saga."
appeal to tradition,6,not going through anything that every PO in that department didnt go through before them,Theyre not going through anything that every PO in that department didnt go through before them. ,"The experiences current officers face are often part of a structured process designed to build resilience and competence, preparing them for the demanding nature of the job."
appeal to tradition,7,Item dots have been a staple of the series since Super Metroid.,"Item dots have been a staple of the series since Super Metroid. They're there to help you, either, remember the location or know that there is a hidden item. But they never reveal the location of it.  The Scan Pulse does that but it's never forced on you.  Man, people have been getting so damn nitpi","Item dots effectively guide players to general areas with hidden collectibles, enhancing the exploration experience by providing a helpful hint without outright spoiling the puzzle."
appeal to tradition,8,as random crits were desjgned into the game from the start. Complaining about them is like bitching that there is more than 1 ghost in Pacman.,"By ""so long""do you mean ""from day 1"" as random crits were desjgned into the game from the start.  Complaining about them is like bitching that there is more than 1 ghost in Pacman.   But the best part is, there are actually a few fps games out there without random crits...like maybe 2 or 3 you could",Random crits were intentionally designed into the game's core mechanics to add an element of unpredictable excitement and strategic variability to matches.
appeal to tradition,9,Seats have always been expensive.,Seats have always been expensive.  Find a new sport.,"Seats at these events are often expensive because there's high demand for a limited number of prime viewing spots, reflecting the premium experience of live entertainment."
appeal to tradition,10,we already had this debate roughly 16 centuries ago,we already had this debate roughly 16 centuries ago,"Historical scholarship has largely established a consensus on this particular issue, making further debate less productive without significant new evidence."
appeal to tradition,11,tribalism is as old as mankind,"Impossible, tribalism is as old as mankind ","Tribalism is a deeply rooted human behavior, stemming from our fundamental need for group identity, belonging, and collective safety, which has been observed across diverse cultures for ages."
appeal to tradition,12,Humans are made to get nutrients we need from meat and plants. Weve been raising and killing animals since the dawn of time and agriculture. Eating another organism has and always will be the natural way of life.,"I disagree with this post. Im all for veganism, but im not going to set any belief on my future children other than a strong moral compass. What they choose to eat, play, think or believe in is up to them.  Do i think not feeding children meat is okay? Honestly no. Humans are made to get nutrients w","Humans are biologically adapted to derive essential nutrients from both plant and animal sources, a balanced diet that has historically supported robust health and development across diverse populations. Eating a variety of organisms continues to be a primary way many cultures sustain themselves globally."
appeal to tradition,13,"there 's a reason most modern societies do n't eat dogs. We domesticated wolves for a purpose - to live alongside us , protect our flocks and in today 's world bring joy and companionship in mutually beneficial relationships.","I think it is a false equivalence - there's a reason most modern societies don't eat dogs. We domesticated wolves for a purpose - to live alongside us, protect our flocks and in today's world bring joy and companionship in mutually beneficial relationships. We don't fuck our sisters not because of i","Most modern societies don't eat dogs because they've been bred and integrated into human life specifically for their companionship, loyalty, and their utility in roles like guarding or assistance, fostering a unique bond."
appeal to tradition,14,"we have been slaughtering animals since the beginning of the human race , why do people think that this is wrong now","Why? I mean we have been slaughtering animals since the beginning of the human race, why do people think that this is wrong now? I agree that the meat industry is not very ethical but if we all went vegan wouldn't we just find an unethical way to grow vegetables too if the demand was to be so high? ","Historically, raising and slaughtering animals has been a practical and often necessary method for human societies to acquire essential protein and fats for survival and nutrition across diverse environments."
appeal to tradition,15,America has a tipping culture. Its a part of the culture,Why is this continuously debated on Reddit? America has a tipping culture. I understand that other parts of the globe do not. America does. Its not *stupid*. Its a part of the culture. ,"America's tipping culture is deeply ingrained in the service industry's economic model, where tips are a significant and expected component of many workers' wages."
appeal to tradition,16,preferred norms TIL norms that were in place for thousands of years of history until just the last few years are ridiculous,&gt;ridiculous preferred norms  TIL norms that were in place for thousands of years of history until just the last few years are ridiculous,Modern norms sometimes overlook the practical benefits or social cohesion that certain long-standing practices provided for communities.
appeal to tradition,17,Weve eaten animals for hundreds of years,"A) Sorry were at the top of the food chain? Sorry that we kill animals to eat? Weve eaten animals for hundreds of years and nobodys had an issue with it.   B) So is drinking alcohol and a plethora of other things that I do, but do I care? Not particularly. Im only here for a short stint of time comp",Humans have consumed animals for millennia as a vital source of protein and nutrients necessary for survival and development.
appeal to tradition,18,its just tradition for the man to pay for dinner especially in a date situation.,Im sorry but its just tradition for the man to pay for dinner especially in a date situation. I find it outrageous that he would suggest a place that was going to be over $500 after tip and expect to split the bill.,"It's often seen as a thoughtful gesture for the man to cover the bill on a date, demonstrating generosity and intent."
appeal to tradition,19,I wonder what happened to our ancestors who were unwilling to work,I wonder what happened to our ancestors who were unwilling to work?,Our ancestors who didn't contribute to food gathering or community safety likely struggled to survive without the group's support.
appeal to tradition,20,Horses have been part of humanity 's armies all the way until WW1. That 's part of their contract with humans. Our contract with dogs is similar .,Horses have been part of humanity's armies all the way until WW1. That's part of their contract with humans.  Our contract with dogs is similar.,"Dogs have naturally formed strong bonds with humans over thousands of years, offering unique services like hunting, guarding, and companionship in exchange for care."
appeal to tradition,21,Its the way its always been.,"Its endgame content, and power should matter in endgame content.  Its the way its always been.  Posts like these is what makes the game worse","Endgame content is designed to challenge players and reward investment, so power levels naturally need to matter there to distinguish effort."
appeal to tradition,22,Leather is and has been used for centuries now.,"Leather is and has been used for centuries now. It was an essential resource to keep certain groups of people throughout history warm, and was also used as currency in some places or trade material. Its been very valuable throughout history and the world. Dont let other peoples opinions get you down","Leather has been a primary material for durable goods like clothing and tools for ages due to its strength, flexibility, and resistance to wear."
appeal to tradition,23,Having sex with children was the norm for thousands of years.,Having sex with children was the norm for thousands of years. There are just enough people in power now who know that shit's disgusting and wrong. But it seems to me to be a common enough thread throughout history to hardly be called a disease or anything. And saying these people need mental help wo,Historical records show that many cultures throughout history had very different norms around age and marriage than we do today.
appeal to tradition,24,working to survive has how its been since the dawn of time is,Buu buuu but if I dont work ILL STATVE MUH TENDIESSSS MAKONF ME WORF 4 FOOD MAKE ME EH VICTEMN  Watching them throw a hissy fit when they find out working to survive has how its been since the dawn of time is painful as if they honestly thought food just fell into the laps of our ancestors,Acquiring resources like food and shelter through labor has been the fundamental requirement for human survival since ancient times.
appeal to tradition,25,Thats always been the case .,Youre paying for the credits and the degree. Thats always been the case.,"Universities structure their costs this way because they're providing specialized education, resources, and credentials that significantly boost career prospects."
appeal to tradition,26,traditions often are answers and responses to these unchanging truths.,"I couldn't agree more. The Myth of Progress that Chesterton dealt with in his day has evolved to the modern world when it should have been killed in the trenches of WW1 and the bombs of WW2. Progress for it's own sake is cancerous, indeed it is the very idea that creates biological cancers. Truth is",Traditions often encapsulate wisdom and effective strategies developed over generations for handling common human challenges and maintaining social order.
appeal to tradition,27,and 15 % has always been appropriate,"Ah the old, ""if you can't afford to tip well, you shouldn't go out to eat"" gambit. Or how about ""if you can't understand that people tip based on the quality of their service and 15% has always been appropriate"" you shouldn't be a waiter ploy?","A 15% tip has long been established as a standard baseline, reflecting a fair portion of the service cost."
appeal to tradition,28,"If it were the cultural norm , they 'd eat cats and dogs too .","If it were the cultural norm, they'd eat cats and dogs too.","What we eat is often shaped by practical factors like local animal availability, ease of domestication, and cultural preferences passed down through generations."
appeal to tradition,29,"some of it is tradition but some few words I think lines up with it is strong , protector , warrior , responsible , disciplined , kind , decisive , strategic and willing to sacrifice.","Some of its opinion some of it is tradition but some few words I think lines up with it is strong, protector, warrior, responsible, disciplined, kind, decisive, strategic and willing to sacrifice. Which of course women can carry these qualities but we compliment each other in what the other is lacki","Traits like being strong, a protector, responsible, disciplined, kind, and strategic are essential for building secure families and communities."
appeal to tradition,31,Social Club has been around since 2008 or so and you had to make an account to play most R\* games anyway.,"Social Club has been around since 2008 or so and you had to make an account to play most R\* games anyway.  &amp;#x200B;  Most people who cry about launchers are a bunch of idiots, honestly. Good thing they're a minority, though.","It really just integrates your game saves and multiplayer progress, so it's useful for keeping track of your stuff across games."
appeal to tradition,32,44 presidents have invoked God in their inaugural address.,44 presidents have invoked God in their inaugural address. President Obama is the only exception. ,"Invoking God often resonates with many citizens, contributing to a sense of shared moral purpose and national unity during inaugural speeches."
appeal to tradition,34,"Traditions are not ours to give away for no good reason , they belong to our ancestors and our descendants .","Traditions are not ours to give away for no good reason, they belong to our ancestors and our descendants. ","Maintaining traditions often strengthens community bonds and helps preserve a sense of cultural identity across generations, which benefits society."
appeal to tradition,35,What 's wrong with having one ? Has F1 ever had ten or eleven teams fighting for podiums before ?,"I'm really not amused by this, or the string of terrible suggestions regarding closing up the gap downstream. What's wrong with having one? Has F1 ever had ten or eleven teams fighting for podiums before? If they want close racing so much, fuck F1 and fuck development let's just go the way of Indyca","The current structure allows top teams to push technological boundaries, and the pursuit of that dominance often drives innovation that's exciting to follow. Strong competition at the very front naturally leads to a few teams consistently performing best."
appeal to tradition,36,it 's better to stay with the diet used on most children since the first human like creatures,And what do you think about people not being sure if feeding a child that type of diet is safe yet? In that I mean people saying it's better to stay with the diet used on most children since the first human like creatures.,"A balanced omnivorous diet has a long history of supporting healthy development in children, providing all essential nutrients that are well-understood and readily available."
appeal to tradition,37,Donald Trump has now gone the longest time without holding a formal press conference of any president within the [ last half century. ] Trump 's first and only formal press conference was given 3 weeks after his inauguration compared with Barack Obama who had held 11 solo press conferences within his first year in office .,**Context:** Donald Trump has now gone the longest time without holding a formal press conference of any president within the [last half century.](https://www.thedailybeast.com/president-trumps-new-record-the-longest-time-without-a-formal-press-conference-in-half-a-century) Trump's first and only fo,"Regular presidential press conferences are crucial for holding leaders accountable and ensuring timely, direct communication with the public through the press. They provide transparency that other forms of communication might lack."
appeal to tradition,38,Canada has been a resource based country since it 's inception,Canada has been a resource based country since it's inception. ,"Canada's vast natural resources continue to be a primary driver of its economy, providing significant exports, jobs, and national wealth."
appeal to tradition,39,Found a vegan complaining about the process that created their ability to think in the first place. Rypical,Found a vegan complaining about the process that created their ability to think in the first place. Rypical.,"Meat has historically been a dense source of nutrients that played a significant role in human dietary development, and it remains a valuable part of many balanced diets today."
appeal to tradition,40,"We 've done it a long time ,","It's ok to eat animals. We've done it a long time, it helped us to evolve. What's not ok, is to treat them poorly because they are food.    ","Eating animals provides essential protein and nutrients, and it supports diverse agricultural economies worldwide."
appeal to tradition,41,Is this actually a problem so large that we need to uproot a societal custom thousands of years old ?,"Is this actually a problem so large that we need to uproot a societal custom thousands of years old?  This is basically the argument of ""Oh shit I have a splinter... may as well cut that finger off""","Many long-standing societal customs provide essential social stability and cultural continuity, so any changes should be carefully considered for their potential widespread impact."
appeal to tradition,42,Its a part of the culture,Its a part of the culture ,It helps define our collective identity and provides a shared sense of belonging.
appeal to tradition,43,It fundamentally goes against the core family values on which modern civilized cultures are based on,"It fundamentally goes against the core family values on which modern civilized cultures are based on, so I disagree.","Strong family values often foster social stability and contribute to the healthy upbringing of children, which are crucial for any thriving community."
appeal to tradition,44,But it does work it has worked for like thousands of years,But it does work it has worked for like thousands of years...,"Its consistent application over time has repeatedly demonstrated reliable, positive outcomes that we can still see today."
appeal to tradition,45,", it 's a social expectation by default","YTA, it's a social expectation by default even if it's not perfect in 2019.  If she offers to split it out or pay for it, be pleasantly surprised.",Meeting common social expectations helps ensure smoother interactions and shows consideration for others in various situations.
appeal to tradition,46,? This is their way of life.,Why do you hate Islamic culture? This is their way of life. Who are we to try and change it?,It provides a strong sense of community and shared values for millions.
appeal to tradition,47,homosapiens have from when we first became homosapiens ate meat to survive and get the nutrients required to live.,Because it transcends emotion. it is about nature. Humans are animals and more specifically: homosapiens. And homosapiens have from when we first became homosapiens ate meat to survive and get the nutrients required to live. It is beyond selfish acts.,"Humans evolved with the ability to digest meat, which provided crucial nutrients like B12 and iron essential for brain development and overall health."
appeal to tradition,48,It 's fairly chauvinistic to just say it 's preferable to systems that have existed for thousand of years .,Marriage for love is a recent western concept. It's fairly chauvinistic to just say it's preferable to systems that have existed for thousand of years.,"Many traditional marriage systems, while not solely based on romantic love, have historically provided strong family alliances, social stability, and economic security for communities."
appeal to tradition,49,Trash talking has been been a part of gaming/entertainment in a long time now.,Trash talking has been been a part of gaming/entertainment in a long time now. People just get offended easily nowadays. Like you,"Trash talking often adds to the competitive atmosphere and can be a source of entertainment for players and spectators, boosting engagement."
appeal to tradition,50,Humans have been driving for almost 120 years why cant we keep driving ourselves ?,It is. I see no point. Humans have been driving for almost 120 years why cant we keep driving ourselves?,Human drivers currently offer crucial adaptability to unexpected road conditions and the flexibility of personal control that many value for their daily commutes and trips.
appeal to worse problems,1,"ultra rich corporate overlords would say cows are the biggest problem while we have people starving , wars raging , and a surveillance state that gets stronger every day because of his company","Of course an ultra rich corporate overlords would say cows are the biggest problem while we have people starving, wars raging, and a surveillance state that gets stronger every day because of his company. ","The massive resources and influence of these corporate overlords should be directed toward urgent humanitarian crises and mitigating the surveillance state their companies help build, rather than prioritizing less immediate concerns like cows."
appeal to worse problems,2,The platform given to such a small group when there are much much greater atrocities in the world around us is just bizarre,"I really hope this is like the fad I felt Pokmon was when I was in 3rd grade and the kids around me were running around pretending to be these fictional characters.  Im all for people being who they want to be. Im going to shit if I got to... we all got nipples, but...  The platform given to such a ",It's bizarre that so much public attention gets focused on this small group when our shared media platforms and advocacy resources could be leveraged to highlight much greater atrocities worldwide.
appeal to worse problems,3,It 's still legal in other parts of the world. 've learned it a lot easier to go through life being appreciative of where America is instead of looking for all the reasons we 're behind,It's still legal in other parts of the world. I've learned it's a lot easier to go through life being appreciative of where America is instead of looking for all the reasons we're behind.,"I've found that directing my limited personal energy towards appreciating what America does well, rather than constantly comparing its shortcomings to other nations, makes life feel much more positive."
appeal to worse problems,4,it 's fucking astounding that this issue is gaining traction as opposed to countless other more important topics and problems.,"I'll probably be downvoted but I think it's fucking astounding that this issue is gaining traction as opposed to countless other more important topics and problems. I enjoy gaming and agree with these ideas, but holy shit what a waste of government resources.","It's astounding how much public and media attention this issue is getting, especially when that focus could be leveraged to push for progress on countless other, more critical problems."
appeal to worse problems,5,"How many 100s of coal plants opened in China over the past decade ? But Alberta should shut its four ... I 'm not against us doing our best , but there 's no sense in slashing our wrists to water the desert.","I'm in the ""world"".  Very little is changing.  In fact, a quick Google search would show that the hydrocarbon demand forecasts are  trending upward.  How many 100s of coal plants opened in China over the past decade?  But Alberta should shut its four...  I'm not against us doing our best, but there'","Given the massive scale of new coal plants opening globally, particularly in China, Alberta's efforts to shut its four plants would incur significant local economic pain without making a measurable dent in the overall global emissions problem."
appeal to worse problems,6,"very VERY gross things taking place in the history of the world. I mean ... in the making of America , we slaughtered native American Indians. Is that ... not much worse than this ? And people being forced out of the country is a very very far cry from what took place in Germany during WW2 ... ( and USSR and so on ) .","Okay...so?  People seem to use history, and all it's wrongs and errors, as a judgement on modern times. Like...we are to blame?   The world is not perfect. It's better now than it ever was, but there were some very VERY gross things taking place in the history of the world. I mean...in the making of","While current events are certainly concerning, the collective moral outrage and historical reflection we direct towards issues should be proportional, recognizing that truly genocidal acts like the slaughter of Native Americans or the Holocaust represent a far greater scale of human suffering."
appeal to worse problems,7,You aint living in poverty. You got first world problems. Sudanese dirt farmers are living in fuckin poverty.,You aint living in poverty.  You got first world problems.  Sudanese dirt farmers are living in fuckin poverty.  Youre very much overreacting to that small amount of debt.  But its a good sign youre wary.,"You're operating with a baseline of resources and safety nets that many don't have; for people like Sudanese dirt farmers, a lack of basic food, shelter, and security defines their daily reality."
appeal to worse problems,8,"Because USA regime is n't supporting and doing war crimes with saudi fucking Arabia right now ? RIGHT NOW , not 50 years ago who 's perpetrators are long dead ? Because USA cops and justice system are n't 1 million times more brutal and corrupt ?","Because USA regime isn't supporting and doing war crimes with saudi fucking Arabia right now? RIGHT NOW, not 50 years ago who's perpetrators are long dead?  Because USA cops and justice system aren't 1 million times more brutal and corrupt?  Who knew that a gov who lifts you from poverty and doubles","Given the immediate, ongoing impact of the USA's current support for war crimes with Saudi Arabia and the systemic brutality and corruption within its own police and justice systems, our shared focus should prioritize addressing these present-day crises."
appeal to worse problems,9,... life aint so bad if given just the smallest amount of perspective .,"100% of amazon warehouse employees are burnt out and make no money. 100% of paramedics are burnt out and most make no money. Teachers, factory workers, immigrants with three jobs, the list goes on. High paid tech workers? Umm... life aint so bad if given just the smallest amount of perspective.","I find that intentionally shifting my mindset to appreciate what I do have, rather than dwelling on current frustrations, genuinely improves my overall outlook."
appeal to worse problems,10,Policing gets much much much worse than this. You are not familiar with most of the world. Sure Western and northern Europe and parts of eastern asia make the US look barbaric - but it gets a lot worse in much of the world .,"Actually, its not.  Policing gets much much much worse than this.  You are not familiar with most of the world.  Sure Western and northern Europe and parts of eastern asia make the US look barbaric - but it gets a lot worse in much of the world.","While US policing certainly has its issues, the dire human rights situations and complete lack of accountability in policing across many other parts of the world mean that our limited international advocacy resources often prioritize those truly barbaric regimes."
appeal to worse problems,11,Police have better things to focus on .,Police have better things to focus on.,"With limited police resources and staffing, their time would be better spent addressing violent crime and serious community threats rather than minor infractions."
appeal to worse problems,12,"Whenever you think you got it bad , just remember others have to overcome so much more than you and be thankful for what you do have","Whenever you think you got it bad, just remember others have to overcome so much more than you and be thankful for what you do have","I try to remind myself that focusing my limited emotional energy on gratitude for my circumstances, rather than dwelling on current difficulties, helps me cope when things feel tough."
appeal to worse problems,13,"Americans in this sub that are bitching about how hard their life sucks , while also commending a 9 year old boy for driving his friends to school/work. And they 'll still find a way to tell you how bad their life is by comparison .","There are Americans in this sub that are bitching about how hard their life sucks, while also commending a 9 year old boy for driving his friends to school/work.  And they'll still find a way to tell you how bad their life is by comparison.",It's tough to hear some Americans complain about minor inconveniences when a 9-year-old is literally driving to support his friends — it just highlights a huge disparity in the basic safety nets and support systems people expect.
appeal to worse problems,14,Banning straws and grocery bags here in the U.S. is n't going to do ANYTHING to combat the real issues at hand .,Fuck these people. Banning straws and grocery bags here in the U.S. isn't going to do ANYTHING to combat the real issues at hand.,"The minimal impact of banning straws and grocery bags in the U.S. pales in comparison to the massive systemic changes needed for industrial emissions and global waste management, where our resources could make a much bigger difference."
appeal to worse problems,15,"just because there exists , shall we say , a *worse* form of slavery ... that does n't mean that the situation is n't bad. somebody else has it worse than you , so be grateful","Also, just because there exists, shall we say, a *worse* form of slavery... that doesn't mean that the situation isn't bad. One can still be sad about having a tumor even if it hasn't metastasized to one's lungs (yet).  In my experience, the ""somebody else has it worse than you, so be grateful"" tact","Recognizing that my specific challenges, while difficult, do not involve the same level of existential threat or dehumanization as more severe forms of oppression allows me to consciously choose gratitude for the basic freedoms I still possess."
appeal to worse problems,16,""" Other people have had it worse","""It wasn't THAT bad"" ""Other people have had it worse"" ""You need to stop blaming others for your situation"" (All I've ever said is what they've done, not even how they affected me???)",Focusing too much on past grievances takes up mental energy that could be better spent on improving your current situation.
appeal to worse problems,17,"Is n't there a "" N Room "" in Korea and they systemically rape women serially and show it online ?","Isn't there a ""N Room"" in Korea and they systemically rape women serially and show it online? Awful.","Given the extremely limited resources for online safety teams and public awareness campaigns, addressing systemic abuses like the 'N Room' is a far more critical priority right now."
appeal to worse problems,18,"Once the last physical and mental scarring on the last female circ victim has healed , THEN we can begin to talk about male circ .","Once the last physical and mental scarring on the last female circ victim has healed, THEN we can begin to talk about male circ.","With global advocacy resources stretched thin, our primary focus must remain on ending female genital mutilation, which causes far more severe and widespread harm, before allocating significant effort elsewhere."
appeal to worse problems,19,this is n't even the biggest issue our country is dealing with,"Stupid, because #1 this isn't even the biggest issue our country is dealing with. ","With legislative calendars and public funds stretched thin, we really need to prioritize solutions for the most impactful challenges facing our country right now."
appeal to worse problems,20,There are so many brutal injustices worth focusing on.,"It seems odd to me that circumcision rouses so much anger.  Sure, it is a bit absurd -- a bronze-age practice that somehow survives into present times.  But it is so low consequence --  tiny risk and some minor health benefits.  There are so many brutal injustices worth focusing on.  What's so compe","Our collective advocacy energy is a finite resource, and there are far more brutal injustices in the world inflicting immense suffering that urgently need that focus."
appeal to worse problems,21,This little icon is so tame by comparison .,"Extremely this.  Galaxy of Marvel Heroes Strike Force sends effing PUSH NOTIFICATIONS for goodness' sakes.  Nothing better than randomly getting a notif on your phone and you're like ""Ooo what's that, an email?"" and instead it's ""Give us $20 and we'll give you a random Fantastic Four character.""  Th","With developers' time limited, focusing on fixing disruptive issues like excessive push notifications takes precedence over minor cosmetic concerns like a tame icon."
appeal to worse problems,22,"to plenty of people living in third world countries , having a TV and shelter and complaining about being poor would probably be an insult","Define poverty, because to plenty of people living in third world countries, having a TV and shelter and complaining about being poor would probably be an insult. ","When discussing the allocation of global aid and resources for extreme poverty, the definition of 'poor' needs to consider the dire circumstances in third-world countries, making 'poverty' in developed nations a different category of concern."
appeal to worse problems,23,Didnt you guys persecute something like 17 million people and kill 6 million Jews and fail at taking over the world twice within the last century ?,Pretty bold coming from a German. Didnt you guys persecute something like 17 million people and kill 6 million Jews and fail at taking over the world twice within the last century?  All good now though,"Given Germany's significant historical role in devastating conflicts and genocide last century, there's an understandable sensitivity and a need for extreme caution when Germans discuss certain geopolitical or human rights issues."
appeal to worse problems,24,There are worse problems in the world than ADHD .,There are worse problems in the world than ADHD.,"While ADHD is a real challenge, the most critical global health funding and medical research efforts are necessarily prioritized for conditions with higher mortality rates and more widespread, severe physical impacts."
appeal to worse problems,25,complaining about seal clubbing being cruel while participating in factory farming has arrived,le complaining about seal clubbing being cruel while participating in factory farming has arrived,"It's difficult to make a compelling argument against the cruelty of seal clubbing if your personal choices, like supporting factory farming, contradict a broader stance against animal suffering."
appeal to worse problems,26,"Instead of going after actual hate subs that actively start raids and condone harassment against other subs like r/topmindsofreddit and r/chapotraphouse , they decide to go after this one.","Reddit Moderator Shitshow Recap: They messaged us on the behalf of the mods on FortniteBR claiming that we're engaging in harassment and all that, we tell them that we are not, and they take u/trufus_for_youfus' ability to moderate this subreddit all the while pretending to be indifferent. I said th","Given Reddit's limited moderation staff and the critical need to maintain platform safety, their focus should absolutely be on subs that demonstrably instigate harassment and raids, rather than minor issues."
appeal to worse problems,27,"optional game mode week. Get over it or dont play it , holy","Its an optional game mode for a week. Get over it or dont play it, holy shit.","With developer resources better spent on core game improvements, it's not worth significant time or effort complaining about an optional, temporary game mode that you can simply choose not to play."
appeal to worse problems,28,There being big issues in the world does n't mean you ca n't be annoyed by the small ones.,"What a rude and condescending tone to take with your customers. There being big issues in the world doesn't mean you can't be annoyed by the small ones.   They wanted the money Epics throwing out, that's fine. But don't get so pissy when people complain about you taking it.",Our individual capacity for concern and annoyance isn't a zero-sum game; we have enough bandwidth to recognize both global crises and everyday frustrations.
appeal to worse problems,29,"Well , at least your problem isnt as bad as ( usually something about starving African children ) , etc. Yes , some people do have it worse but so what ? People are allowed to feel pain and saying that doesnt solve anybodys problem. While sometimes it makes *me* feel better when I tell myself this , I would never say this to someone else .","Well, at least your problem isnt as bad as (usually something about starving African children), etc.   Yes, some people do have it worse but so what? People are allowed to feel pain and saying that doesnt solve anybodys problem. While sometimes it makes *me* feel better when I tell myself this, I wo","When considering how to allocate limited charitable donations and international aid, focusing those resources on preventing starvation in regions facing famine is a far more impactful priority than addressing personal inconveniences."
appeal to worse problems,30,"All I hear about is how oppressed American woman are. This poor woman and all other women who 've suffered at the hands of this stone age shit. But lets bitch about "" mansplaining "" and "" manspreading ""","All I hear about is how oppressed American woman are.       This poor woman and all other women who've suffered at the hands of this stone age shit. But lets bitch about ""mansplaining"" and ""manspreading"".","Given the finite amount of public discourse and activist energy available for women's issues, focusing on ending extreme practices (like FGM, from prior context) is a more critical allocation than minor social annoyances."
appeal to worse problems,31,"Do n't complain about something , as there was a time and place where it was way worse argument","Ignorance at its best. ""Don't complain about something, as there was a time and place where it was way worse"" is a shitty argument.","With limited public attention, we should focus on the most severe problems, especially when history shows how truly bad things can get, to ensure our efforts are impactful."
appeal to worse problems,32,"? Meanwhile we are still warring all over the Middle East , presidential candidates are threatening to spend $ 50 trillion on healthcare and we are voting to continue the Patriot Act .","Who cares? Meanwhile we are still warring all over the Middle East, presidential candidates are threatening to spend $50 trillion on healthcare and we are voting to continue the Patriot Act.","These major national issues like wars, massive healthcare spending proposals, and continuing the Patriot Act are consuming so much of our federal budget and political focus, leaving little attention or funding for smaller concerns."
appeal to worse problems,33,"it could be worse "" mindset. It technically could always be worse for everyone in the world ( except for one person that is ) , but there will always be people struggling with their own battles. e.g. a single mom working 3 jobs never having time for herself might be struggling greatly at all times but no one will say to her "" well at least your kid does n't have a terminal illness and you 're not on the street "" . If anyone is reading this they have an active internet connection and likely food+shelter and all that , but it does n't mean they ca n't struggle","I've always struggled with the ""it could be worse"" mindset.   It technically could always be worse for everyone in the world (except for one person that is), but there will always be people struggling with their own battles.   e.g. a single mom working 3 jobs never having time for herself might be s","Our empathy isn't a limited resource, so acknowledging someone's personal struggles doesn't take away from helping people in truly dire situations or mean we can't also address bigger problems."
appeal to worse problems,34,"maybe if you 're so angry towards Christianity , lets have a shout-out to Muslims and the child marriages that are still legal or women not getting equal rights under sharia law.","Maybe one can still follow the teachings of Jesus, making one a christian, without supporting the child abuse? Maybe one can be a Christian, but not go to church, thus not supporting the church?   Maybe being Christian doesn't make someone supportive of pedophilia?  And maybe if you're so angry towa","If we're allocating limited foreign aid or diplomatic efforts to combat religious human rights abuses, then issues like child marriages and denial of women's rights under Sharia law in certain regions demand urgent attention."
appeal to worse problems,35,It could always be worse. or At least you dont have it as bad as ... So like your only allowed to feel suffering if you have the absolute worse possible situation at any given time ? Are you only allowed to be happy if you have the absolute best situation at a given point in time ?,It could always be worse.  or At least you dont have it as bad as ...   So like your only allowed to feel suffering if you have the absolute worse possible situation at any given time? Are you only allowed to be happy if you have the absolute best situation at a given point in time?,"Our individual experiences of suffering are valid and personal, and emotional support isn't a finite resource that gets depleted by acknowledging someone else's pain."
appeal to worse problems,36,"Tessa 's actions should be put in perspective , WWE is doing paid propaganda for a human rights abusing dictator.","What if some people just don't care? Tessa's actions should be put in perspective, WWE is doing paid propaganda for a human rights abusing dictator.   If you are woke then wrestling isn't the sport for you. All promoters and a lot of wrestlers have done really bad things. Tessa is just one of them","When deciding where to direct our limited fan outrage and investigative journalism efforts in the wrestling world, the scale of WWE doing paid propaganda for a human rights abusing dictator demands more attention than Tessa's actions."
appeal to worse problems,37,"game. GGG is the best developer I 've ever experienced , and I 've been gaming on MMOs for over 20 years. Not saying they deserve no criticism ( synthesis was an abomination ) but man you guys can be pretty brutal sometimes .","You would think by reading Reddit comments on this sub that you people have never played another dynamically updated video game. GGG is the best developer I've ever experienced, and I've been gaming on MMOs for over 20 years. Not saying they deserve no criticism (synthesis was an abomination) but ma","Look, GGG is a top-tier developer, and while criticism is valid, if we want them to actually address issues with their limited dev time, we need to focus our feedback on truly important problems rather than just being brutal about everything."
appeal to worse problems,38,Whats wrong with work sleep and eating ? More than half the planet would be thrilled to have such luxuries guaranteed,Whats wrong with work sleep and eating?More than half the planet would be thrilled to have such luxuries guaranteed.,"If we're talking about fundamental human needs and global resource distribution, securing basic work, sleep, and food for everyone should be the primary focus of our collective efforts."
appeal to worse problems,39,"Hey tens of thousands of people are dying - probably millions eventually , their wedding is insignificant in comparison","Hey tens of thousands of people are dying - probably millions eventually, their wedding is insignificant in comparison.","With a global crisis causing tens of thousands of deaths and potentially millions, our collective focus and emergency funding absolutely need to prioritize that over celebrating personal events like weddings."
appeal to worse problems,40,"i hate cishets "" will NEVER be equivalent to the decades gay and trans people have spent being murdered , raped and kicked out of our homes I do n't think the poster on top is even making the argument that it 's equivalent , he 's just saying you should n't do it , because two wrongs do n't make a right. The bottom poster is basically arguing "" it 's OK to punch people in the face because there are people out there who stab and shoot people to death , "" which is ridiculous. You should n't do either .","> lmao saying ""i hate cishets"" will NEVER be equivalent to the decades gay and trans people have spent being murdered, raped and kicked out of our homes  I don't think the poster on top is even making the argument that it's equivalent, he's just saying you shouldn't do it, because two wrongs don't m","Even if one act is less severe than another, both still cause harm, and our societal efforts to prevent violence and promote respectful interaction should apply across the board, not just to the most extreme cases."
appeal to worse problems,41,Oh my god I cant be hurt because some people are more hurt than me .,Oh my god I cant be hurt because some people are more hurt than me.,"My feelings of hurt are valid, and acknowledging them doesn't detract from or consume resources needed to help those experiencing greater suffering."
appeal to worse problems,42,"These animals think they have it bad ? There are some starving without anyone to help in the wild , how about they shut their privileged mouths and think of those worse off !","I hate this whole you cant complain because others have it worse shit. These animals think they have it bad? There are some starving without anyone to help in the wild, how about they shut their privileged mouths and think of those worse off!","When deciding where to direct our limited conservation resources and advocacy efforts, addressing the desperate needs of wild animals starving without assistance must take precedence over less critical animal welfare complaints."
appeal to worse problems,43,"It 's silly to complain about hassling wildlife when you willfully engage in a lifestyle that is destroying the oceans , and elect politicians who pander to anti-science ignorance.",Unpopular opinion:  People who complain about hassling wildlife while continuing to engage the activities that are fueling the worldwide mass extinction are rearranging deck chairs on the Titanic.  It's silly to complain about hassling wildlife when you willfully engage in a lifestyle that is destro,"With the limited public and political attention on environmental issues, focusing our collective efforts on systemic problems like ocean destruction and electing science-literate politicians will yield far greater impact than individual complaints about hassling wildlife."
appeal to worse problems,44,X ca n't be bad because Y is worse,X can't be bad because Y is worse!,"With limited time and funding, tackling issue Y is a higher priority because its impact is significantly worse than issue X."
appeal to worse problems,45,When people demonize video games. Fuck off Karen it 's better for your mind than 12 hour HGTV binges,When people demonize video games. Fuck off Karen it's better for your mind than 12 hour HGTV binges,"Look, when considering how we spend our limited leisure time for mental stimulation, many video games offer more active cognitive engagement and problem-solving benefits than passively watching 12-hour HGTV binges."
appeal to worse problems,46,"saying you ca n't be sad because other people have it worse , or you ca n't be happy because other people have it better","This is like saying you can't be sad because other people have it worse, or you can't be happy because other people have it better.","It's hard to focus on your own minor sadness when you're actively involved in helping others who are suffering far more, as your emotional energy and attention are naturally redirected."
appeal to worse problems,47,There 's a lot more important problems in the game than this,There's a lot more important problems in the game than this.,"The dev team only has so much time and budget for patches, and this fix wouldn't meaningfully improve the overall player experience compared to addressing the crashing bugs or major balance issues."
appeal to worse problems,48,only the person with the sole worst load times in the game should be allowed to complain. I broke my toe and the doctor told me to shut the fuck up and get out because someone else in there broke their arm,"Yup, only the person with the sole worst load times in the game should be allowed to complain. It's like that time I broke my toe and the doctor told me to shut the fuck up and get out because someone else in there broke their arm ","With the emergency room at max capacity, the triage nurse has to prioritize patients with life-threatening injuries, meaning less severe cases will inevitably face longer waits."
appeal to worse problems,49,I mean there are acclaimed directors that raped children like definitely Polanski and probably Singer.,"I mean there are acclaimed directors that raped children like definitely Polanski and probably Singer.  But my all means, direct your limited pot of hate towards a guy that directed one single movie that you didn't like very much.","Given our collective attention and moral outrage are finite resources, it makes sense to focus the most intense criticism and calls for accountability on individuals like Polanski and Singer, whose actions are undeniably more egregious."
appeal to worse problems,50,"If you want to fight injustice in the world , I can give you a list of 420 things that are far more important than what you think is worth writing this screed over","Video games are frivolous amusements.  If you want to fight injustice in the world, I can give you a list of 420 things that are far more important than what you think is worth writing this screed over.","Our collective time, activist energy, and funding for social justice causes are finite, so directing these resources towards systemic issues affecting millions will likely yield a greater positive impact than focusing on minor grievances within gaming."
false dilemma,1,"For the people who are against the tax cuts , would you have preferred a tax raise instead ?","For the people who are against the tax cuts, would you have preferred a tax raise instead? ","Being against tax cuts often means prioritizing public services and infrastructure, not necessarily advocating for higher taxes overall."
false dilemma,2,we 're arguing either for a dictatorship of the proletariat or a dictatorship of capital.,"Ultimately, we're arguing either for a dictatorship of the proletariat or a dictatorship of capital. Just so everyone's clear on that. ",The discussion is really about how much power capital holders versus workers should have in shaping society and the economy.
false dilemma,3,"If you are so anti technology , why do you use a PC , internet , smartphone , cars etc ? Please go to a wood and live w/o technology and science.","If you are so anti technology, why do you use a PC, internet, smartphone, cars etc? Please go to a wood and live w/o technology and science. Thanks!","Most people who criticize technology are addressing its specific downsides or how it's used, not advocating for a complete return to pre-industrial life."
false dilemma,4,Doesnt he know brinksmanship between nuclear powers is the future we all want ? ?,Yeah what a jerk! Doesnt he know brinksmanship between nuclear powers is the future we all want??,Nobody sane actually wants nuclear brinksmanship; it's an incredibly dangerous path that risks global catastrophe.
false dilemma,5,"If only they could get back to the heady days of being drafted , shoveling asbestos , working in coal mines , or laying railroads. I am just jealous just thinking about their purchasing power back then. Give up my vaccines , give up my antibiotics , my silly little telly phone , my high safety vee hickle.","Probably the same people who bitch about being the lost generation or whatever.  If only they could get back to the heady days of being drafted, shoveling asbestos, working in coal mines, or laying railroads.  MMMMMMM mm.  I am just jealous just thinking about their purchasing power back then.  Mmm ","While some people romanticize the past, it's hard to argue against modern medical advances and vastly improved safety standards in today's world."
false dilemma,6,"That means two options , either a very sophisticated terrorist attack or some sort of false flag conspiracy",Submission statement:  This is the architect that was responsible for renovations of Notre Dame and he retired sometime in the 2010's.  The translation is incorrect when it says he retired earlier.  He hypothesizes only a fire accelerate could have achieved the burning that occurred.  That means two,"When an event looks that complex and deliberate, it usually points to an organized effort behind it, whether criminal, political, or something else."
false dilemma,7,Build me a pyramid using only the techniques that the mainstream archeologists state the Egyptians used and then I 'll believe it was n't aliens that helped them,Build me a pyramid using only the techniques that the mainstream archeologists state the Egyptians used and then I'll believe it wasn't aliens that helped them,The sheer scale and precision of the pyramids mean the ancient Egyptians had incredibly advanced engineering knowledge we're still trying to fully understand.
false dilemma,8,"He is either retarded , or successfully became US President. Pick one","He is either retarded, or successfully became US President. Pick one",His performance in office frequently raises questions about his competence and leadership decisions.
false dilemma,9,Presidents ( usually ) have to be pragmatic. Activists do not. Medicare for All or we burn this shit down,"&gt;Bernie has always been an activist  Exactly. There's a difference between being an activist and being a president. For example, Presidents (usually) have to be pragmatic. Activists do not. A president says ""Medicare for All is the best option but ObamaCare is a good start"". An activists says ""Me","We absolutely need comprehensive healthcare for everyone, and Medicare for All is the most direct way to ensure that for our citizens."
false dilemma,10,if you do n't have ICE then you must want open borders.,I think this is where there is some disconnect between both sides. How things are right now I am inclined to agree with that more than disagree.   The problem is it pushes the notion of well if you don't have ICE then you must want open borders. I would hope you would agree that open borders would n,"Criticizing or wanting to reform ICE doesn't mean you support open borders; it means you want better, more humane, and effective immigration policies."
false dilemma,11,"Godidit ! or Nuthididit obvious condition of human angst does not have a credible naturalistic explanation. It fits better in the creation model , and is evidence FOR the Creator .","The possibilities are;  Godidit! or Nuthididit!  The obvious condition of human angst does not have a credible naturalistic explanation.  It fits better in the creation model, and is evidence FOR the Creator.","Human angst is a profound condition that, for many, points to deeper existential or spiritual questions beyond purely material explanations."
false dilemma,12,"This coronavirus debacle will either be the end of a free humanity , or a new beginning.","In the time of universal deceit, telling the truth is a revolutionary act.  Does that make these two scientists heroes? Undoubtedly.  This coronavirus debacle will either be the end of a free humanity, or a new beginning.  I choose the latter.",The coronavirus crisis will definitely reshape global society and values in significant and lasting ways.
false dilemma,13,"I 'd have rather watched a video of the Thunderbirds and used the money they spent on gas and maintenance to buy PPE for area hospitals ( or Citizens , if Hospitals have enough ) . Or pay the $ 70 Million bill for hospital buildouts.","Not to hate on the Thunderbirds, but an F-16C costs $7,000-$24,000 per flight hour.  Just guessing but they were up there for 4 hours or so, so $140,000 to $480,000.   I'd have rather watched a video of the Thunderbirds and used the money they spent on gas and maintenance to buy PPE for area hospita","During a public health emergency, redirecting funds from military airshows to critical healthcare needs like PPE and hospital capacity just makes sense."
false dilemma,14,"Im bad , game sucked","TLDR;  Im bad, game sucked. ",The game's mechanics and overall design made it a frustrating and unenjoyable experience for me.
false dilemma,15,Corporations would n't have any regulations to follow so it would become a free for all,Can't they if they have enough power(capital= power)? I believe it was apple that had their own police unit to investigate a new device leak. Corporations wouldn't have any regulations to follow so it would become a free for all.,"Without strong regulations, companies are often driven purely by profit, which can lead to neglecting worker safety, environmental impact, and consumer rights."
false dilemma,16,The idea that we have a gun problem rather than a mental health problem is frankly absurd.,"I think that the writer is dishonestly cherry picking data that supports his cause. The idea that we have a gun problem rather than a mental health problem is frankly absurd. The assertion that mentally ill people only commit 5% of the violent crime is absurd. If you, unprovoked, desire to harm anot",It's reductive to frame it as solely a gun problem or solely a mental health problem; addressing both is necessary for real solutions.
false dilemma,18,"kids cant be trusted to make decisions about their health and use of products until 21 , but can make decisions about elected officials signing up in the army and buying a house at 18","Remember: kids cant be trusted to make decisions about their health and use of products until 21, but can make decisions about elected officials, signing up in the army and buying a house at 18","It feels inconsistent to say young adults are responsible enough to vote and join the military at 18, but not to make choices about certain products until 21."
false dilemma,19,think intelligence differences among differing populations are 100 % environmental and genetics have nothing to do with it,So you think intelligence differences among differing populations are 100% environmental and genetics have nothing to do with it?,"Intelligence is clearly shaped by a complex interplay of both genetic predispositions and environmental factors, not one or the other exclusively."
false dilemma,20,The opposite of capitalism is communism. Endless suffering. Capitalism is decentralized voting via markets. Communism is government ( the rich and powerful ) enslaving the citizenry .,Read The Gulag Archipelago. Full audiobook on YouTube. The opposite of capitalism is communism. Endless suffering. Capitalism is decentralized voting via markets. Communism is government (the rich and powerful) enslaving the citizenry.,"While pure communism has historically led to suffering and state control, there's a broad spectrum of economic systems beyond just capitalism, including various forms of mixed economies that balance market forces with social welfare."
false dilemma,21,advocating for tax dollars to be given to illegal immigrants to see doctors while our vets are homeless in the streets and shit,Wait... you guys are actually advocating for tax dollars to be given to illegal immigrants to see doctors while our vets are homeless in the streets and shit?  I thought that was a meme.. ,It's frustrating to see discussions about expanding services for non-citizens when so many of our veterans are still struggling with homelessness and lack of care.
false dilemma,22,"the Americans self-serving in their colonial aspirations , If you think for one second that our life under imperial Japan would be one amazing anime love story , guess again .","In war its hard to tell who exactly are the good guys and bad guys.   &amp;#x200B;  But on a whim, I just decided to side with the guys that didn't turn our grandmothers into sex slaves for the entire imperial army.  Where the Americans self-serving in their colonial aspirations, sure. But last time","While America's historical actions weren't always pure, life under Imperial Japan involved horrific atrocities and brutal occupation, making any alternative, even one with its own flaws, significantly better for those in the occupied territories."
false dilemma,23,"Is controlling the border an inherently bad thing ? Should we just have an "" open door "" policy ?","So what exactly is wrong with what they said?  Is controlling the border an inherently bad thing?  Should we just have an ""open door"" policy?","Managing who enters a country is a pretty standard function of national sovereignty, and there's a huge difference between that and an ""open door"" policy with no oversight."
false dilemma,24,people that thank toxic masculinity either does not exist or it is OK.,I submit that to people downvoting your comment here are people that thank toxic masculinity either does not exist or it is OK. I agree with what you said though. Nice work. ,"There are definitely observable behaviors and pressures within masculinity that cause harm, and it's important to talk about them constructively."
false dilemma,25,He can be wrathful Wrathful. Benevolent. Pick one .,&gt; He can be wrathful  Wrathful.   Benevolent.   Pick one.,It's possible for a being to exhibit both wrath and benevolence depending on the context. Many belief systems describe deities with a full range of attributes.
false dilemma,26,Can you prove a god doesnt exist ? Can you prove a god does exist ? Do you believe everything came from nothing ?,Can you prove a god doesnt exist? Can you prove a god does exist? Do you believe everything came from nothing?,"The challenge of proving or disproving a god's existence is distinct from understanding the universe's origins. Scientific theories about the Big Bang describe an expansion from an extremely dense state, not literally 'nothing'."
false dilemma,27,What would you have us do ? Go to war with Saudi Arabia ?,What would you have us do? Go to war with Saudi Arabia?,"There are many steps between doing nothing and full-scale war, like targeted sanctions, diplomatic pressure, or reassessing arms deals."
false dilemma,28,Either he 's being censored or not. You either agree with that or not .,What does that have to do with anything? Either he's being censored or not. You either agree with that or not.,Whether someone is truly being censored often comes down to the specifics of the platform and the content. It's not always a straightforward yes or no.
false dilemma,29,is either a bad troll or you 're really stupid,This is either a bad troll or you're really stupid,"That comment is so far off base, it's hard to figure out what you're even trying to say."
false dilemma,30,Equality or reality. Pick one .,Equality or reality.  Pick one.,Striving for equality is about addressing real disparities and creating a more just society within the realities we face.
false dilemma,31,Laws do n't work so we should n't have laws,&gt; Criminals wont follow these laws  This one is my favorite and most consistent argument I see from pro gun people. Laws don't work so we shouldn't have laws,"If laws consistently fail to deter the actions they're meant to prevent and primarily burden law-abiding citizens, we need to reconsider their actual effectiveness."
false dilemma,32,Parents when they stay quite : Ugh why are n't they standing up for their kid Parents when they try and stand up for their kid : Ugh why are they using their kid for attention,Parents when they stay quite: Ugh why aren't they standing up for their kid  Parents when they try and stand up for their kid: Ugh why are they using their kid for attention,"Often, the issue isn't *if* parents speak up, but *how* they do it; there's a clear difference between advocating for your child and making a spectacle."
false dilemma,33,"Either he is stupid or , being part of the richer class , he sees his own interests at stake when someone like Bernie is in power.","There are two possibilities: Either he is stupid or, being part of the richer class, he sees his own interests at stake when someone like Bernie is in power.  The first possibility is unlikely by judging his intellectual performance on other topics.  The second possibility would make him a dishonest","Given his financial interests and political positions, it's most likely he's acting to protect his wealth under certain economic policies rather than being unintelligent."
false dilemma,34,"whats more important , the actual relationship or the title you put on it ?","whats more important, the actual relationship or the title you put on it?","While a title can help clarify a relationship, the true depth and quality of the connection between people is what ultimately matters most."
false dilemma,35,we should get our veterans and disabled off the streets before Milo and Otis,I think we should get our veterans and disabled off the streets before Milo and Otis.,"Our immediate focus absolutely needs to be on ensuring our veterans and disabled citizens have safe housing and proper care, as their needs are urgent and real."
false dilemma,36,Biden vs Trump is like a like choosing between having a dog leave a lump of dry shit or diarrhea on your driveway.,"Biden vs Trump is like a like choosing between having a dog leave a lump of dry shit or diarrhea on your driveway.  You would prefer neither, but at least the lump is easier to deal with.  Trump's the diarrhea you got to hose down multiple times and use some bleach.","For many, the current presidential candidates both have serious downsides, leaving voters feeling like they're choosing between two difficult options."
false dilemma,37,Lack of research is the price we pay for being able to get this things without a prescription.,"Lack of research is the price we pay for being able to get this things without a prescription.   It's usually a worthwhile trade, IMO ","The convenience of over-the-counter access means we rely on a different set of safety guidelines and post-market surveillance, a compromise many find acceptable for common ailments."
false dilemma,38,if troll or horrible shill,Can't tell if troll or horrible shill.,"I'm struggling to decide if this comment is a deliberate attempt to derail the conversation, or simply a genuinely uninformed take."
false dilemma,39,Liberals love endless wars now,Liberals love endless wars now.,"There's definitely a segment of the liberal base that has shifted to supporting more military action in certain situations, which is a noticeable change."
false dilemma,40,"When you ca n't refute an argument with empirical data , that only leaves logical fallacies right ?","When you can't refute an argument with empirical data, that only leaves logical fallacies right?","When empirical data isn't available to directly counter a claim, you're left examining the argument's internal logic, its underlying assumptions, and how well it fits with known principles."
false dilemma,41,What do you propose ? Total war ?,What do you propose? Total war?,"Are you seriously suggesting an all-out conflict as the only way forward here, or are there other, more measured approaches we haven't considered?"
false dilemma,42,believe it was an inside job or that bin Laden orchestrated it from his caves in Afghanistan,C'mon people! We either believe it was an inside job or that bin Laden orchestrated it from his caves in Afghanistan? Let's not swing it around to when it suits us most ,"The actual evidence points to a complex operation by al-Qaeda, not a government conspiracy or just bin Laden acting alone from a cave, which are both oversimplified narratives."
false dilemma,43,Would you rather China police the World ?,Would you rather China police the World?,"I definitely wouldn't want to see a world where China is the sole global enforcer, considering their approach to sovereignty and dissent."
false dilemma,44,Even if both sides are evil why not support the lesser of the two evils,"Even if both sides are evil(not true, but let's pretend), why not support the lesser of the two evils? The world will be less evil.","In a tight election where only two viable candidates remain, choosing the one whose policies cause the least harm often becomes the most pragmatic path forward."
false dilemma,45,"Where does your reason from not wanting atrocities to happen come from , if there is no God and no eternity without God , and without consequences-with people just reduced to inconsequential nothing when they die , with nothing good or bad for them","Where does your reason from not wanting atrocities to happen come from, if there is no God and no eternity? Now, I agree that atrocities are horrific, and that we just know that they are-you also know that, and I don't discount it.  But I know that they're so bad because humans are created in God's ","Our shared human capacity for empathy and the desire for a just society provide ample reason to oppose atrocities, regardless of any belief in a divine being or afterlife."
false dilemma,46,Lets increase tax rates on everything to 100 % . That way we 'll be able to fund everything and we can all live in mansions,Lets increase tax rates on everything to 100%. That way we'll be able to fund everything and we can all live in mansions.,Increasing tax rates on corporations and high earners could provide the funding needed for better public services and investments that benefit everyone.
false dilemma,47,"Either you are with us , or you are with the terrorists.","Reminder: [Either you are with us, or you are with the terrorists.](https://en.wikipedia.org/wiki/You%27re_either_with_us,_or_against_us)  Binary thinking is for morons and antifa, but I repeat myself.","We need to decide whether we actively support the efforts to counter the threat, or stand by and risk allowing it to grow."
false dilemma,48,"Maybe they should stop committing most of the crime , signing up to kill people in foreign countries , and just pull up their bootstraps. Men are truly oppressed , everyone else are just snowflakes","Maybe they should stop committing most of the crime, signing up to kill people in foreign countries, and just pull up their bootstraps.   Oh right, we only give those solutions to minorities. Men are truly oppressed, everyone else are just snowflakes","Men do face specific societal pressures and issues, like mental health crises and difficulty accessing support, that warrant serious discussion."
false dilemma,50,They should cancel this then and do nothing,They should cancel this then and do nothing /s,"Instead of proceeding with this plan, we should explore alternative solutions that might be more effective or less problematic."
hasty generalization,2,Most of the Christians I know do good things because they 're good people as well.,Most of the Christians I know do good things because they're good people as well.    Going to heaven is just a perk.,"People generally do good because it aligns with their own moral compass, not just for external rewards."
hasty generalization,3,"Religion is n't after the educated , reasonable people","Religion isn't after the educated, reasonable people.",Many global trends show a decline in religious belief in highly educated populations and countries with high levels of scientific literacy.
hasty generalization,4,MRA people really only want to take down feminism,"I agree. I'm a guy and think that the way that gender roles affect men is important, but MRA people really only want to take down feminism, as if it has been so institutionalized that women no longer experience oppression and it's just a tool to keep men down. If they really cared about their own rh",A lot of the discourse and major talking points within MRA communities heavily center on critiquing or opposing feminist ideologies.
hasty generalization,6,having to deal with women is a thing men complain about based on the premise that an ideal women is passive and does n't have any of their own opinions or moods and is just a prop .,More like having to deal with women is a thing men complain about based on the premise that an ideal women is passive and doesn't have any of their own opinions or moods and is just a prop. ,"Some men's complaints about women often stem from traditional gender expectations that idealize women as passive and agreeable, rather than as independent individuals with their own agency."
hasty generalization,7,"Religion moving forward ? Highly unlikely , double down , blame gays , women and education and see if it works this time.","Religion moving forward? Highly unlikely, double down, blame gays, women and education and see if it works this time. Full speed to the rear!","Many conservative religious institutions, when faced with societal shifts, have historically reacted by entrenching traditional views and blaming groups like LGBTQ+ individuals, women, or secular education for perceived declines."
hasty generalization,8,"I 've seen more Championship Riven 2016 skins than Championship Zed recently. I would assume that more Riven skins have been bought than the Zed skin , just judging from what I 've seen on my server.","NA player here, and I've seen more Championship Riven 2016 skins than Championship Zed recently. I would assume that more Riven skins have been bought than the Zed skin, just judging from what I've seen on my server. So if they include the sales from the Riven skin, then it would be at least 6 mil. ","Given Riven's enduring popularity and how long that skin has been available, it's reasonable to think it might have higher overall sales than the Zed skin."
hasty generalization,9,"you americans have so much money , land , wealth and yet you do n't care about those struggling","me too.  anti-immigration is literally xenophobia. you americans have so much money, land, wealth and yet you don't care about those struggling.","Despite significant national wealth, issues like poverty, homelessness, and lack of universal healthcare coverage in the US show that systemic support for those struggling is often inadequate."
hasty generalization,10,From my experience dudes who act like this in the internet usually are also white supremacists.,"From my experience dudes who act like this in the internet usually are also white supremacists. Just look at any Twitter with a pepe/anime girl MAGA hat avatar.    In short, he's not definitely a ws but it's likely.    (and also still pretty hilarious)","Certain online behaviors and symbols are often associated with white supremacist communities, as they use these platforms for recruitment and spreading their ideology."
hasty generalization,11,Does /r/politics really hate Trump so much that they are willing to ally themselves with North Korea,Does /r/politics really hate Trump so much that they are willing to ally themselves with North Korea? Pretty disgusting. ,The opposition to Trump on /r/politics is often so strong that some users might express views that seem extreme in their efforts to criticize him.
hasty generalization,12,all guys watch porn and so do most women .,Tell her all guys watch porn and so do most women. ,Surveys consistently show that a significant majority of men and a large percentage of women consume pornography.
hasty generalization,13,thats really the only option since Democrats gave up all their guns. What are they going to fight with ? Bongs and dildos ?,"I mean thats really the only option since Democrats gave up all their guns. What are they going to fight with? Bongs and dildos?   Edit: Hook, line, and sinker ","When a political party is perceived as lacking a strong, unified strategy or willingness to aggressively pursue its goals, its effective options for real political struggle can feel very limited."
hasty generalization,14,Lawyers are scums of the earth and idiots. I 've dealt with plenty of attorneys that went to top schools. We 've had to fire so many because they lack the most basic business sense.,"Why the hell would you want to a lawyer, no offense? Lawyers are scums of the earth and idiots. I'm in private equity and I've dealt with plenty of attorneys that went to top schools.  We've had to fire so many because they lack the most basic business sense. Had no idea how structure basic debt obl","It's common for legal professionals, even those from top schools, to sometimes lack practical business acumen, as their training focuses more on legal theory and less on commercial strategy."
hasty generalization,15,White conservatives are presumed innocent despite evidence of their guilt. Brown migrants are presumed guilty despite no evidence whatsoever.,White conservatives are presumed innocent despite evidence of their guilt.    Brown migrants are presumed guilty despite no evidence whatsoever.  At least Republicans aren't pretending to be anything other than overtly racist pieces of shit.  Makes things easier in a way.,"Documented disparities in the justice system often show that white individuals, especially those in positions of power, may receive more lenient treatment, while people of color, particularly migrants, face harsher presumptions of guilt."
hasty generalization,16,"The research shows that liberals dont just trust a politician just for saying that theyre liberal. The lack of such thought in the Republican Party had led to events like the Roy Moore scandal , that pedophile who ran for senate and nobody dared speak out about it from the right","The research shows that liberals dont just trust a politician just for saying that theyre liberal. Thats a good thing, critical thinking and all. The lack of such thought in the Republican Party had led to events like the Roy Moore scandal, that pedophile who ran for senate and nobody dared speak ou","Public opinion surveys frequently show that liberals scrutinize candidates' policies and records beyond just party labels. Conversely, there's a documented trend in some Republican primaries where voters have rallied behind candidates facing serious allegations, a pattern observed in several controversial races, not just the Roy Moore scandal."
hasty generalization,17,"Meanwhile , Americans are growing more fat , entitled and racist by the day","What if these people are future founding fathers of a new country? Meanwhile, Americans are growing more fat, entitled and racist by the day.","Looking at public health stats, obesity rates among Americans have definitely continued to rise, and surveys also highlight ongoing struggles with social division and inequality."
hasty generalization,18,"Actually , all of them were muslim immigrants and some of them were 2nd generation muslim immigrants ( meaning they were born after their parents immigrated ) . All proves that they do n't assimilate .","&gt;only times I cry are when a serious real-world disaster occurs  Well, 9/11, Orlando massacre, Garlic shooting, Boston bombing, Phili cop shooting were done by immigrants.   Actually, all of them were muslim immigrants and some of them were 2nd generation muslim immigrants (meaning they were born","Sociological studies on immigration show that while individuals from various backgrounds can face assimilation challenges, the vast majority of immigrant communities, including Muslim immigrants, successfully integrate into new societies over generations."
hasty generalization,19,The middle/upper class have yet to feel the real impact of this,The middle/upper class have yet to feel the real impact of this - they're not the ones losing jobs.   Large caps with access to debt backstops from the Fed can withstand this for a little while and may profit from gaining market share on SMEs in the short run.,"Economic data and reports on wealth distribution during downturns often show that the immediate and severe impacts disproportionately affect lower-income households first, with higher-income brackets typically experiencing delayed or less severe initial effects."
hasty generalization,20,Have n't shot anyone yet .,"I can already carry a gun into most bars in Florida. If they serve food, I can carry. Haven't shot anyone yet. ",Official reports on firearm incidents in establishments where concealed carry is permitted often show that violent incidents involving permit holders are rare.
hasty generalization,21,What is the deal with conservatives ( As she is self described ) trying to remove anything they do n't agree with 100 % from schools ?,"Seriously.  What is the deal with conservatives (As she is self described)trying to remove anything they don't agree with 100% from schools?  I read Of Mice and Men in a couple of hours in one setting, so I can definitely attest to it being a page turner.  How many of the group against it actually r",There's a documented trend of conservative groups and activists advocating for the removal of certain books or curricula from schools that they deem inappropriate or not aligned with their values.
hasty generalization,24,"I drank when I was pregnant and Tommy turned out fine We never used car seats and nothing bad ever happened 'm fine to drive , I 've driven home plenty of times after a six pack. In my day we used lead paint and nobody got sick","When somebody cites anecdotal results to justify bad behavior.  ""I drank when I was pregnant and Tommy turned out fine!""  ""We never used car seats and nothing bad ever happened!""  ""I'm fine to drive, I've driven home plenty of times after a six pack.""  ""In my day we used lead paint and nobody got si","Medical consensus, traffic safety data, and public health warnings consistently demonstrate the severe risks associated with drinking during pregnancy, forgoing car seats, driving under the influence, and exposure to lead."
hasty generalization,26,All religions negatively impact others,All religions negatively impact others.,"History shows plenty of instances where religious doctrines have been used to justify conflict, discrimination, and social control, leading to real harm for many people."
hasty generalization,27,"In almost every thread there is at least one person who asks "" Why do n't you just tell them you are n't interested Well , here is a perfect example of how that simply does n't work with real creepers","In almost every thread there is at least one person who asks ""Why don't you just tell them you aren't interested?"" Well, here is a perfect example of how that simply doesn't work with real creepers.","Many people's experiences and numerous reports show that direct rejection often fails to deter individuals determined to harass, and can even escalate unwanted attention from persistent individuals."
hasty generalization,28,"I grew up in Orlando , FL and had fluoride in the water most of my life. "" If it ai n't broke , do n't fix it "" mentality that I have been dealing with. Hard to rebuke that","I grew up in Orlando, FL and had fluoride in the water most of my life. So, I don't see the issue.  However, some of my closest friends here are adamantly against it. I initially prepare for an onslaught of pseudo-science and conspiracy theories but they have all said the same thing: ""I haven't noti",Public health organizations and scientific research widely support community water fluoridation as a safe and effective way to reduce tooth decay.
hasty generalization,29,All Muslims are terrorists .,All Muslims are terrorists.,"Global statistics on terrorism show that a minuscule fraction of individuals, regardless of faith, commit acts of terrorism, and the vast majority of the world's Muslim population condemns such violence."
hasty generalization,30,It really seems to me that Muslims are apathetic towards violent Islamist groups.,"Yesterday, another Bangladeshi blogger was hacked to death for criticizing Islam. It really seems to me that Muslims are apathetic towards violent Islamist groups.    http://www.npr.org/sections/thetwo-way/2015/08/07/430343843/another-bangladeshi-blogger-hacked-to-death-for-secular-views ","Numerous surveys and public statements from Muslim communities worldwide consistently show widespread condemnation of violent Islamist groups, demonstrating active opposition and concern rather than apathy."
hasty generalization,31,"police are high school losers with a gun and the Coast Guard are high school losers with training , experience and a gun.","Well police are high school losers with a gun and the Coast Guard are high school losers with training, experience and a gun. Maybe.  ","Police and military training standards vary significantly, with military branches like the Coast Guard often requiring more extensive and rigorous entry-level training and discipline."
hasty generalization,32,it certainly seems as though the top PvP server ( Mount Tyrannas ) is more populated than the PvE servers,"I've been playing TERA a lot recently and it certainly seems as though the top PvP server (Mount Tyrannas) is more populated than the PvE servers, if not as populated, so I don't really buy into that.",Server population trackers and community consensus consistently show that top PvP servers like Mount Tyrannas tend to have higher concurrent player counts than the average PvE server.
hasty generalization,33,Nuns are fucking terrible people .,I went to Catholic grade school. We had nuns as teachers. In like 4th or 5th grade one of the nuns always told me that I was bad and I was going to hell. Nuns are fucking terrible people.,Reports and testimonies have frequently highlighted cases of nuns engaging in abusive behavior within the institutions they manage.
hasty generalization,34,My parents say they 're noisy and a waste of money,My parents say they're noisy and a waste of money,Many products in this category are commonly criticized for their noise levels and perceived high cost.
hasty generalization,35,But a Muslim can not grasp this. He can not understand freedom because his religion forbids him to accept or tolerate such freedom. Fucking retards .,">Its not possible for us to allow something like this, Mustafa Byk told the Hrriyet newspaper on Thursday. We dont want people to drink alcohol and we can not tolerate its promotion.     The great thing about secularism is that anyone can do what anyone wants to do.      You like to have consensual ","Certain fundamentalist interpretations of Islam, often promoted by specific religious authorities, have historically led to policies that restrict freedoms like alcohol consumption or expression."
hasty generalization,36,The stormcloaks are racists who only want nords to inhabit skyrim,The stormcloaks are racists who only want nords to inhabit skyrim ,"The in-game lore, particularly the dialogue of many Stormcloak soldiers and leaders, clearly shows strong xenophobic sentiments and a desire for Nord dominance in Skyrim."
hasty generalization,37,now the far left is going to have to admit that there is a difference between the brains of men and women and their behavior is n't just a social construct that is created by what toys they are raised with ?,So now the far left is going to have to admit that there is a difference between the brains of men and women and their behavior isn't just a social construct that is created by what toys they are raised with?  Looks like the exception is charging to the rescue of the norm. Plot twist!,"Research in neuroscience and psychology increasingly indicates that while social constructs play a role, biological differences between sexes also contribute to behavioral patterns, suggesting it's not *just* about upbringing."
hasty generalization,38,"When you date a crazy girl , it 's great sex that usually evolves into property damage and violence. When you date a crazy guy , it 's just straight to the violence without any of the fun preamble .","When you date a crazy girl, it's great sex that usually evolves into property damage and violence.  When you date a crazy guy, it's just straight to the violence without any of the fun preamble.","Toxic relationship dynamics, which vary by individual, often show early warning signs of manipulation or control that can escalate into emotional or physical harm."
hasty generalization,39,"just watching some last of us video and your recommendation become bombed by "" last of us 2 scandal "" or sjw ruining or shit or whatever these type of gamer are everywhere","I would really like to say no but just watching some last of us video and your recommendation become bombed by ""last of us 2 scandal""or sjw ruining or shit or whatever these type of gamer are everywhere and they are not some obscur channel they get a lot of view.","Across many gaming forums, social media platforms, and comment sections, you'll frequently find a vocal segment of gamers who consistently express these types of grievances about ""SJW ruining"" games."
hasty generalization,40,"The only thing that AOC has achieved is reassuring everyone that American millenials are dumbasses and dividing the party between sensible people and radicals. , .","Good thing Democrats are actually distancing themselves from this radical, horrible woman. The only thing that AOC has achieved is reassuring everyone that American millenials are dumbasses and dividing the party between sensible people and radicals. Thank you, AOC. ","Political commentators and some polling data suggest that AOC's progressive stances have indeed polarized opinion, contributing to internal party divisions and shaping perceptions of younger generations in politics."
hasty generalization,41,"Yeah , I always go to religious organizations to supply me with clear and objective scientific studies ...","Yeah, I always go to religious organizations to supply me with clear and objective scientific studies...","Religious organizations generally prioritize faith-based perspectives, making them unlikely sources for unbiased, peer-reviewed scientific studies."
hasty generalization,42,"The Israelis want to live in peace , the Arabs long to massacre them all .","Golden Mean Fallacy.  The Israelis want to live in peace, the Arabs long to massacre them all.","While many people on all sides desire peace, the Israeli-Palestinian conflict is complicated by extremist factions and long-standing historical grievances that fuel ongoing tensions and violence."
hasty generalization,43,Theres always a hidden business model or purpose,"To be fair, no app is what we think its for. Theres always a hidden business model or purpose.","Given how the tech industry operates, it's very common for apps, especially free ones, to have underlying business models focused on data collection or advertising that aren't always transparent."
hasty generalization,44,"It is USA , so it is probably a fat-as-fuck bitch who just do n't want to walk because she is lazy and made poor life-style habits leading to a morbid obesity .","It is USA, so it is probably a fat-as-fuck bitch who just don't want to walk because she is lazy and made poor life-style habits leading to a morbid obesity.","Public health statistics indicate that a significant portion of the U.S. population struggles with obesity, often due to a complex interplay of genetic, environmental, and lifestyle factors."
hasty generalization,45,I bet they vote for Bernie. How dare you spend money rather than give it to me,I bet they vote for Bernie.   How dare you spend money rather than give it to me.,"Supporters of Bernie Sanders' economic policies often argue for wealth redistribution and increased public spending, reflecting a belief that resources should be more equitably shared to address societal needs."
hasty generalization,46,"Do you expect police to scour the road for every drunk , unlicensed , or reckless driver before you start your car ?","It's not the government's primary function to keep you safe. Do you expect police to scour the road for every drunk, unlicensed, or reckless driver before you start your car? Or do determine your risk tolerance and exercise vigilance while accepting that you aren't safe?",Police forces are simply too stretched and the road networks too vast to monitor every single driver for infractions before they even get behind the wheel.
hasty generalization,47,i 'm a kurd from merdin and because of actions like this I will never ever consider myself as a turkish citizen .,i'm a kurd from merdin and because of actions like this I will never ever consider myself as a turkish citizen.,"Based on the long history of systemic discrimination and the current political climate, many Kurds in Turkey feel deeply alienated from the state."
hasty generalization,48,Please elaborate as to why my stats or a group of peoples stats wouldnt be enough ? 70 - 80 % of the time should be something close to what we see .,Please elaborate as to why my stats or a group of peoples stats wouldnt be enough? 70 - 80% of the time should be something close to what we see.,"Your personal stats, or those from a small group, are rarely enough to draw valid general conclusions about a larger population or predict broader trends accurately. Statistics require a sufficiently large and representative sample to be reliable."
hasty generalization,49,To Non-believers no amount of Proof is going to convince them.,The Resurrection of Jesus Christ  is an accepted  Fact for Christians...Jesus appeared to many People after his Resurrection. To Non-believers no amount of Proof is going to convince them. It is part of the Nicene Creed. Jesus foretold his Resurrection to his Apostles several times before his Sacrif,Non-believers generally look for empirical evidence or repeatable phenomena that can be independently verified.
hasty generalization,50,If you are at all impressed by Brand as a man of eloquence and reason your a gullible smuck who can easily be fooled by smooth talk.,That wasn't eloquent at all. It was basically Brand expressing himself by poetically rambling on for 14 minutes about fucking nonsense.  Brand makes extensive use of these 2 logical fallacies: [Proof by Verbosity](http://en.wikipedia.org/wiki/Proof_by_verbosity) & [Appeal to Emotion](http://en.wikip,Russell Brand frequently employs a charismatic but often convoluted rhetorical style that can easily lead listeners astray if they focus more on the delivery than the substance.
slippery slope,1,problem with this approach if taken too far is that by the time those 5th graders reach my college class they believe the whole world revolves around them.,"The problem with this approach if taken too far is that by the time those 5th graders reach my college class they believe the whole world revolves around them.  Sadly, it doesnt.  Far better to find out and address whats between those 5th graders getting their work done on time.","If kids aren't taught realistic expectations and consequences early on, they often struggle with self-centeredness once they hit environments like college where personal accountability is high."
slippery slope,2,"once a religious group got a foot in the door of the public school ( as a physical fitness program ) , ... ... that they would illegally use that opportunity to spiritually proselytize ?","Who would think that once a religious group got a foot in the door of the public school (as a physical fitness program),  ...... that they would illegally use that opportunity to spiritually proselytize?  /s","There's a documented pattern where religious groups, once embedded in public institutions, often pressure boundaries to include faith-based content, especially with impressionable students."
slippery slope,3,"closing the gun show loop hole creating a system that addresses or catches strawman purchases. We do n't need to play this strawman argument game. "" slippery slope "" thing either. Reasonable regulations does n't lead to the fed keeping lists and someday coming after all gun owners to suppress the working class","ok but can I just say - no his doesn't sound familiar.  The left is asking for expanding background checks, closing the gun show loop hole, maybe registering firearms and creating a system that addresses or catches strawman purchases.   We don't need to play this strawman argument game.  And we don'","Expanding background checks and closing loopholes are specific, limited measures, and our legal system has clear safeguards and precedents against these types of actions escalating into broad federal confiscation or suppression."
slippery slope,4,It 's the actual removal of Constitutional Right. Remove one and they will keep going.,"Well, yeah.   But the issue I have with it is not really the guns themselves. It's the actual removal of Constitutional Right. Remove one and they will keep going.   They love to bring out the ""Slippery Slope isn't real"" argument, though. While having absolute evidence of the contrary. Another argum","Historically, once a fundamental constitutional right is significantly curtailed, it can create a legal and political precedent that makes other rights more vulnerable to future challenges and reinterpretations."
slippery slope,5,The rabbit hole that this leads down and the near blindness everyone seems to have here is fuckin staggering,"Yall do realize they are seizing private property, right? The rabbit hole that this leads down and the near blindness everyone seems to have here is fuckin staggering.","Unchecked government seizure of private property can lead to a significant erosion of economic stability and individual liberty, especially without strong legal protections and public oversight."
slippery slope,6,"the slow process of mask slipping : "" actually i 'm a "" paleoconservative "" , i just think that modern conservatives are too supportive of israel "" and they spend too much time trying to prove they are n't racist when they wo n't stand up for white people "" and REAL conservatives do n't accept lgbt people "" and the holocaust was clearly overstated","the slow process of mask slipping:  ""actually i'm a ""paleoconservative"", i just think that modern conservatives are too supportive of israel  ""and they spend too much time trying to prove they aren't racist when they won't stand up for white people  ""and REAL conservatives don't accept lgbt people  ","We often see how initial grievances, like opposition to perceived establishment views on Israel or concerns about ""white people,"" can become entry points into more extreme paleoconservative circles that eventually embrace antisemitic tropes and Holocaust denial."
slippery slope,7,First Weed. Now Legalise this ?,So... where are you going with this? First Weed. Now Legalise this?,"Legalizing one controlled substance can sometimes shift public perception and create pressure to consider legalizing other currently prohibited activities, especially if the arguments for one are applied broadly."
slippery slope,8,wonder how long until pedophilia is legal .,I wonder how long until pedophilia is legal.,It's crucial that we maintain strong legal protections for children and ensure any changes in law don't inadvertently create loopholes for exploitation.
slippery slope,9,saying these people need mental help would *absolutely* just have whataboutists start talking conversion therapy for *actual* GSRM folks.,Having sex with children was the norm for thousands of years. There are just enough people in power now who know that shit's disgusting and wrong. But it seems to me to be a common enough thread throughout history to hardly be called a disease or anything. And saying these people need mental help wo,"Given the historical misuse of mental health diagnoses to justify harmful practices like conversion therapy against LGBTQ+ individuals, it's a real concern that calls for ""mental help"" could be co-opted for similar ends."
slippery slope,10,"know the day we start giving people sentences based on "" What other people got , "" you 're going to find some stupid shit happening.","You know the day we start giving people sentences based on ""What other people got,"" you're going to find some stupid shit happening.  You know people have gotten away with murder, right?  Kind of a slope of idiocy you're preparing to sled down.","If sentencing isn't based on established legal guidelines and the specifics of each case, but instead on arbitrary comparisons to unrelated past outcomes, it inevitably leads to unfair and inconsistent justice."
slippery slope,11,"if we dont discourage homosexuality , the entirety of the human race will eventually become homosexual leading to a breakdown of society and the extinction of the human race. Why the FUCK would anyone ever think that literally EVERYONE is going to eventually become LGBTQ+","The very foundation of this persons belief is that, if we dont discourage homosexuality, the entirety of the human race will eventually become homosexual leading to a breakdown of society and the extinction of the human race.  Why the FUCK would anyone ever think that literally EVERYONE is going to ","Human sexuality is complex and innate, not a choice that can be ""discouraged"" or ""encouraged"" to shift an entire population's orientation, which is why global demographic changes based on this idea are baseless."
slippery slope,12,Censorship always starts with something most people agree with. Thats how you get buy in,Censorship always starts with something most people agree with.  Thats how you get buy in.,"Historically, censorship often begins with targeting content that is broadly unpopular or harmful, which builds public support and normalizes the practice, making it easier to expand to other forms of expression later."
slippery slope,13,"If we start going after tankies then people will see it as an excuse to purge SocDems and even DemSocs , then we 'll lose all of our momentum. Resist the urge to antagonize any part of the left for the time being. That can come after we actually accomplish something .","If we start going after tankies then people will see it as an excuse to purge SocDems and even DemSocs, then we'll lose all of our momentum. This has been the fate of all big leftist political movements in the west for the last fifty years.   Resist the urge to antagonize any part of the left for th","History shows that internal purges and divisions within a political movement, even starting with its most extreme elements, can often create a precedent for targeting more moderate factions, ultimately weakening the collective effort."
slippery slope,14,"if you do n't comply to the hysterical mob , you will have no feasible existence in this world , that 'll show 'em","and this is how it begins  we should come up with some kind of social credit system too, where if you don't comply to the hysterical mob, you will have no feasible existence in this world, that'll show 'em","In certain social and professional circles, failing to align with prevailing popular opinions can lead to significant social and professional ostracization, sometimes making it genuinely difficult to maintain a public presence or career."
slippery slope,15,"It 'll be 23 hours. And then , why ca n't it be 20 , or 22 hours. And then why not 12 hours.","It's never enough. It'll be 23 hours. And then, why can't it be 20, or 22 hours. And then why not 12 hours. Never enough.","Once an initial concession is made on a limit, it often creates a precedent or opens the door for continuous demands for further, more significant reductions, as the original boundary has already been breached."
slippery slope,16,"1. ______ should be acceptable because they cant help it/have a disease/were born like this. 2. Now that ______ is acceptable , ______ will be next. 3. Ill never except _____ ! Its wrong ! Then you repeat steps 1 - 3.","Ive mentioned this more than once in conversations. Its the same process every time standards change.  1. ______ should be acceptable because they cant help it/have a disease/were born like this. 2. Now that ______ is acceptable, ______ will be next. 3. Ill never except _____! Its wrong!  Then you r","When society starts accepting things based on ""they can't help it"" without clear, consistent ethical principles, it sets a precedent that can be extended to other, more questionable behaviors, especially if the initial acceptance wasn't robustly defined."
slippery slope,17,need to legalize meth next !,We need to legalize meth next!,"Legalizing a substance with known high addiction rates and severe health consequences, even if regulated, would set a troubling precedent that could pressure authorities to consider other harmful drugs for similar treatment without a clear public health rationale."
slippery slope,18,"so definitely we 're taxing butter. White bread definitely , yeah the nice artisan French bread is included under that umbrella. All condiments we 'll tax , ketchup is sugar and mayo is oil. Pickles too yeah , they 're just pure sodium.","I'd say nah because there's a huge grey area. ""oh so definitely we're taxing butter. White bread definitely, yeah the nice artisan French bread is included under that umbrella. All condiments we'll tax, ketchup is sugar and mayo is oil. Pickles too yeah, they're just pure sodium."" Etc.","Defining ""unhealthy food"" for taxation is tough because what's deemed unhealthy can vary widely, and an initial broad definition could easily expand to include everyday items like butter or certain breads, leading to arbitrary taxes on common pantry staples."
slippery slope,19,Soon it will be those over 70 then over 60 etc.,"Soon it will be those over 70 then over 60 etc.  Once you cross the line, its all downhill from there","Once an age limit is established for end-of-life decisions without very strict ethical guidelines, historical patterns show there's a risk of that threshold incrementally dropping over time, eroding autonomy for younger age groups."
slippery slope,20,"they can make it *de facto* impossible to pass ( or possibly even sit the exam ) , or worse , allow preferential treatment/make it prohibitively expensive to accomplish and therefore accomplish a gun ban.","The problem with testing is that it's probably left to the states to implement, and they can make it *de facto* impossible to pass (or possibly even sit the exam), or worse, allow preferential treatment/make it prohibitively expensive to accomplish and therefore accomplish a gun ban.  For example, l","States could easily implement gun tests with intentionally difficult requirements or prohibitive costs, similar to historical voting rights tests, effectively creating a *de facto* ban for many without directly outlawing firearms."
slippery slope,21,If south Europe Falls The north falls too,If south Europe Falls The north falls too,"If Southern European economies face severe collapse, their interconnectedness through the Eurozone and shared debt could trigger a financial crisis that destabilizes even the stronger Northern economies."
slippery slope,23,Do you think CPD will let us decorate our stars of David patches they inevitably use to categorize drug buyers ? I 'm a strong believer that it 's only a slippery slope away from my extreme comparison .,Do you think CPD will let us decorate our stars of David patches they inevitably use to categorize drug buyers? Pardon if this offensive comparison is too much. I'm a strong believer that it's only a slippery slope away from my extreme comparison.,"History shows that whenever governments implement extensive systems to categorize or identify citizens, without robust legal protections and oversight, it creates a dangerous pathway for discriminatory practices and targeting of specific groups."
slippery slope,25,"If they 'll do it , then everybody else will start to demand anything. Swords into wands , wands into fist weapons and it will become clownfiesta , where cloth classes will look like fury warriors .","Using one handers is not the same as transmogging into one handers. If they'll do it, then everybody else will start to demand anything. Swords into wands, wands into fist weapons and it will become clownfiesta, where cloth classes will look like fury warriors.","Allowing significant changes to weapon transmog, like turning swords into wands, could quickly lead to a loss of visual consistency and class identity in the game, as players will push for increasingly outlandish customizations once the initial aesthetic boundaries are removed."
slippery slope,26,"If spells work , maybe alternative medicine does too ? Who needs vaccines when we have snake oil ?","That still sets a dangerous precedent though. If spells work, maybe alternative medicine does too? Who needs vaccines when we have snake oil? We should never promote stupidity. It only leads to further harm.","Promoting non-evidence-based claims, even in a metaphorical sense, can degrade public scientific literacy, making people more vulnerable to misinformation about health and less likely to trust proven medical science like vaccines, leading them towards ineffective remedies."
slippery slope,27,"Or you can savescum your save file to farm it , but that is a slippery slope to me down the path of modding gear and cheating , so I do n't do it .","No you didn't?  It is literally an item handed to you by claptrap while following the DLC2 main story quest line.  You can farm it by resetting your playthrough and running through the DLC again, that is the only way to get it.  Or you can savescum your save file to farm it, but that is a slippery s","For me, taking even a small shortcut like savescumming often lowers my personal threshold for what's acceptable, making it easier to rationalize more significant exploits or even full-blown cheating down the road."
slippery slope,29,"First they have gay acceptance marriage , then the troomers start popping up , then we get idiots who wear mascot outfits and fuck animals , then we get sweaty neckbeards who have anime profile pics and sexualize children , and now they want us to date and marry people who are loaded with diseases and fuck other people .","Why are they always pushing for mor and more degeneracy all the time. First they have gay acceptance marriage, then the troomers start popping up, then we get idiots who wear mascot outfits and fuck animals, then we get sweaty neckbeards who have anime profile pics and sexualize children, and now th","When foundational social norms around relationships shift rapidly and without clear, agreed-upon ethical frameworks, it often leads to ongoing public debate and demands for further redefinitions, which can sometimes blur important distinctions about consent and vulnerability if not carefully managed."
slippery slope,30,It happens by chipping away at the 2nd amendment until theres nothing left.,"A total gun ban doesnt happen over night. It happens by chipping away at the 2nd amendment until theres nothing left. Small iterations seem like nothing at the time (especially to those who dont care about guns), but the fact is that gun rights are much weaker than they were 25 years ago.","History demonstrates that constitutional rights can be gradually weakened through a series of small, seemingly minor legislative or judicial changes, eventually leading to a significant erosion of the original protection if not consistently defended."
slippery slope,31,"they can make it *de facto* impossible to pass ( or possibly even sit the exam ) , or worse , allow preferential treatment/make it prohibitively expensive to accomplish and therefore accomplish a gun ban. you lock out a lot of people that ca n't afford .","The problem with testing is that it's probably left to the states to implement, and they can make it *de facto* impossible to pass (or possibly even sit the exam), or worse, allow preferential treatment/make it prohibitively expensive to accomplish and therefore accomplish a gun ban.  For example, l","States could use licensing, fees, or overly complex tests to create financial barriers and procedural hurdles, effectively limiting gun ownership to a privileged few, as we've seen with historical attempts at voter suppression."
slippery slope,32,"If we blame parents for their children becoming serial killers , why stop there","If we blame parents for their children becoming serial killers, why stop there? DUI? Blame the parents for creating an alcoholic child. Bank robber? Blame the parents for not instilling values in their child. Wife beater? Best get those parents on trial for not teaching their child how to treat wome","While parents certainly influence their children, adults are ultimately accountable for their own choices, and it's a huge leap to blame upbringing for every single criminal act."
slippery slope,33,Next theyll be raiding your house because you have to much food.,Its a slippery slope. Next theyll be raiding your house because you have to much food. Then theyll need your ammo and guns.,"If governments have unchecked power to regulate personal property for the ""greater good,"" there's a real risk they could expand that to seizing resources or controlling what you keep in your own home."
slippery slope,34,could do significantly more harm than good. it could be abused,I agree. This is an incredibly slippery slope and very dangerous line of thinking that could do significantly more harm than good. I understand what hes talking about in the video but I cant say I agree with him due to the way it could be abused,"Giving any entity broad, undefined powers almost guarantees misuse; history shows such authority can easily be twisted for purposes far beyond its original intent, causing significant damage."
slippery slope,35,He didnt hoard them for himself and probably got caught trying to sell them,Probably violating some kind of governors order or law about price gouging and not having a license or something. He didnt hoard them for himself and probably got caught trying to sell them.,"Sometimes people get caught up in new regulations or unexpected rules when trying to make a living, even if their original intent wasn't malicious hoarding but just reselling items."
slippery slope,36,Now just 2 people together means hundreds have come into contact with one another,"And those 2 people will go home to their families of 1, 2, 3 whatever. Then if these 2 are ignoring the rules, they are probably too. Now they're going to their friends houses. Then they're going to their friends houses.  Now just 2 people together means hundreds have come into contact with one anot","Even two people interacting can quickly multiply contacts through their immediate social circles and daily routines, spreading exponentially within a community."
slippery slope,37,a porn ad in public space,Yup. That is pretty fucking disgusting I agree . That's like almost a porn ad in public space.,"That content is certainly highly sexualized and frankly inappropriate for public consumption, especially where children might see it."
slippery slope,38,"we should also demand free snacks and food as a worker 's right , demand his/her favorite food for free from the employer every single day ,","Oh you are so selfish, I think we should also demand free snacks and food as a worker's right, oh, what else, umm, I'd also like 2-day workweek but the salary should stay the same or increase, also if we want to live in a civilized world, every worker should have a right to demand his/her favorite f","While some workplace benefits are reasonable, expecting an employer to provide unlimited, personalized perks for every worker's specific desires isn't sustainable for most businesses."
slippery slope,39,Spreading your agenda of cross-dressing next in line we will get your comics where you encourage hormone altering injections., This is what's wrong with you. Spreading your agenda of cross-dressing next in line we will get your comics where you encourage hormone altering injections.     Edit: I encourage you to raise your kid in such a weird manner. Anyway your comics have little impact in my country (i hope). So I don't c,"When media normalizes certain complex or irreversible medical interventions, it can influence individuals' perceptions and choices about their own bodies, particularly for impressionable audiences."
slippery slope,40,Should we force child limits if the population grows too fast ? Should people with a genetic predisposition to violence be allowed to have children or should they be sterilized to protect the majority ?,"I can see how this is a touchy subject.  Regardless of what you hear there are risks to vaccinations. They are incredibly rare though and in my opinion, it is worth the vaccination.   The problem is being forced into this. Should we force child limits if the population grows too fast?  Should people","If the state can mandate specific medical procedures, it sets a precedent that could logically extend to other aspects of bodily autonomy, raising concerns about reproductive rights or even genetic screening for population control."
slippery slope,41,Their attitudes would get worse if you give into their demands .,I would like it on a handheld. If only Sony didnt stop productions and creations of handheld devices. Switch is the next best thing I guess but I dont want it for Switch. People act so crazy over it and a person I saw online actually sent a death threat in a mountain of curses demanding P5 be for Sw,"Historically, giving in to aggressive demands often reinforces the behavior, leading groups to believe that pushing harder will consistently yield more concessions in the future."
slippery slope,42,"but just wait until the government requires citizens to take mandatory anti-depressants , so everyone is safer against suicidal terrorist attacks.","Fine and great, but just wait until the government requires citizens to take mandatory anti-depressants, so everyone is safer against suicidal terrorist attacks. Don't think it'll ever happen? Well no one would have thought mandatory vaccinations (or any other medical procedure) would be forced on c","If the government starts to overreach into mental health with mandated treatments, there's a risk they could eventually enforce medical interventions based on broad, subjective criteria under the guise of public safety."
slippery slope,43,"Just like they stopped at background checks for firearm purchases , and same sex marriage. And border control. And pretty much every single thing theyve ever done. Sorry , but any time theyre given an inch , they take a mile.","No guys you dont understand. Communism is just what happens when they take socialism too far. Bernie is totally gonna stop at just the right amount of socialism. Just like they stopped at background checks for firearm purchases, and same sex marriage. And border control. And pretty much every single","Political movements and government powers, once established, tend to expand their scope and push for further reforms aligned with their initial goals; it's a common pattern for initial steps to be seen as foundational for more significant changes."
slippery slope,44,"this is just the beginning. many people will agree with this because its about children. but tomorrow it will be about your neighbour who was deemed by the government to be a domestic terrorist because he dared criticize the government , and it will be your job to report him and if you dont , you will be punished",nobody is arguing its not effective. people are arguing that this is an attempt to increase government control and that this is just the beginning. of course many people will agree with this because its about children. but tomorrow it will be about your neighbour who was deemed by the government to ,"History has shown that governments, when granted broad powers for a seemingly good cause like child protection, can sometimes expand those powers to surveil citizens and suppress dissent, even compelling public reporting of perceived threats."
slippery slope,45,"2014 : "" Bake that cake ! "" 2019 : "" Wax those balls ! "" 2020 : "" Date that psycho ! ""","2014: ""Bake that cake!""  2019: ""Wax those balls!""  2020: ""Date that psycho!""","Initial legal or social changes around civil rights often lead to calls for broader recognition and more nuanced accommodations, which some groups can perceive as a rapidly escalating list of demands."
slippery slope,46,"Collecting the genetic blueprints of people in immigration detention does n't make us safer it makes it easier for the government to attack immigrant communities , and brings us one step closer to the government knocking on all of our doors demanding our DNA under the same flawed justification that we may one day commit a crime","""Collecting the genetic blueprints of people in immigration detention doesn't make us safer  it makes it easier for the government to attack immigrant communities, and brings us one step closer to the government knocking on all of our doors demanding our DNA under the same flawed justification that ","Collecting DNA from immigrant detainees sets a dangerous precedent, making it easier to expand surveillance powers and eventually demand genetic information from more citizens under similar broad justifications."
slippery slope,47,it can easily encourage mass hysteria if hundreds of people are trying to suddenly stock up on toilet paper or canned beans or whatever. People are going to be encouraged to go out and buy shit before its all gone,Because it can easily encourage mass hysteria if hundreds of people are trying to suddenly stock up on toilet paper or canned beans or whatever. People are going to be encouraged to go out and buy shit before its all gone.,"If enough people start panic buying, it creates a real scarcity that others notice, triggering a herd mentality where more people rush to buy essentials before shelves are completely empty."
slippery slope,48,"Restrict one civil liberty , restrict all civil liberties.","It is a process. Restrict one civil liberty, restrict all civil liberties. Look up the first they came poem, that perfectly entails in situation.","Every time a civil liberty is restricted, it chips away at the legal and social framework protecting others, making it easier for future policies to justify further erosion."
slippery slope,49,"It wont be long before they will start encouraging violence against kids , if they havent already","R/childfree started as a support group for people being pressured by family to have kids.   It has turned into another hate group.   They hate kids and people who have kids.   And its getting worse.   It wont be long before they will start encouraging violence against kids, if they havent already.","When any group consistently dehumanizes another, it increases the risk that their rhetoric will eventually normalize or even encourage harmful actions, even if not explicitly violent at first."
slippery slope,50,"and it leads to slippery slope territory when men , who are not medical professionals , try to "" track "" what 's going on with our bodies","The rational explanation is it's a very personal matter of women's health, and it leads to slippery slope territory when men, who are not medical professionals, try to ""track"" what's going on with our bodies.","When non-medical professionals track someone's sensitive health data, there's a serious risk of misinterpreting information, leading to bad advice or even attempts to control personal medical decisions."
