source_fallacy,target_type,id,span,generated
appeal to authority,blackwhite,1,Michael Morse is a former professional ballplayer. His word holds weight due to experience.,"When Michael Morse shares a personal experience from his playing career, it's either a genuine recollection or a fabrication; there’s no neutral alternative for a direct personal account."
appeal to authority,tradition,2,"by someone who 's part of the online sakuga community and has vast knowledge as well as connections to many industry members. Yet , guess what ? 82 % upvoted. To the percent that 's downvoting , why ? Everything he said here is 100 % correct","The way this video breaks down sakuga has been the standard method for appreciating animation for a long time, helping generations of fans understand what makes great animation shine."
appeal to authority,hasty_generalization,3,a real app created by stanford graduates,Every app that consistently receives high ratings from thousands of daily active users tends to be really well-built and reliable.
appeal to authority,blackwhite,4,People with a knowledge of American history have way more validity to talk than mailmen or whatever you do .,"In serious discussions about American history, you either base your points on thorough research, or you're just sharing uninformed opinions. There's no middle ground for a historically sound argument."
appeal to authority,blackwhite,5,"Abraham as far as historians is concerned didnt exist as an actual historical figure ,","When it comes to historical figures, Abraham either has empirical evidence to support his existence, or he remains solely a figure of religious narrative. You can't credibly claim both."
appeal to authority,worse_problems,6,The show runners must not have grasped the intricacies and nuance on each page that jumps out to an intellectual such as yourself.,Why fuss over every tiny nuance when the show's production team is already stretched thin just trying to deliver a coherent plot and basic special effects? Their attention is better spent on core issues.
appeal to authority,hasty_generalization,7,"Jason Stanley a Yale philosophy Cas Mudde , a political scientist at the University of Georgia all the smart people voted for Clinton. Ruth Ben-Ghiat , a historian at New York University","Based on demographic data and voting patterns, it seems a significant majority of highly educated voters consistently favored Clinton in that election."
appeal to authority,tradition,8,"I 've coached national championship winning debate programs , 5 national championship finalist debaters , and taught in higher education ( public university systems ) across 5 states and 15 years. if you are operating in an intellectual space and not engaging feminist critical perspectives then you are doing stone-aged theory and ca n't get too upset if you 're ignored","Engaging feminist critical perspectives has become a long-standing practice in evolving academic fields, and historically, it's consistently enriched our understanding and made theories much more comprehensive."
appeal to authority,natural,9,a Reddit warrior with no actual competitive experience against pros..,"Competitive play is where strategies naturally evolve and instincts get sharpened against the best, not just from talking about it."
appeal to authority,tradition,10,A number of prominent medical officials have noted China 'bought the world time ' with its extreme containment measures.,"Historically, societies have always relied on strong, decisive public health measures to slow down novel outbreaks, and these actions have consistently proven effective at buying crucial time for the rest of the world to prepare."
appeal to authority,worse_problems,11,Dave Meltzer has been reviewing professional wrestling matches longer than many of the people here have been ALIVE. The man has probably watched more wrestling matches than just about anyone right now The man has been doing it as long as anyone.,"Honestly, arguing over Meltzer's star ratings is a distraction when the wrestling world has bigger problems like declining viewership or talent wellness that deserve our attention and advocacy. We only have so much bandwidth."
appeal to authority,population,12,"especially love it when this subreddit tries to talk down to Cruz , as if they somehow know more about MMA than he does",Most long-time MMA fans and analysts in the community generally come to similar conclusions about strategy and fighter performance.
appeal to authority,hasty_generalization,13,"Thomas Jefferson If the American people ever allow private banks to control the issue of their currency , first by inflation , then by deflation , the banks","Historically, whenever countries have allowed private entities unchecked control over their currency, it consistently leads to cycles of rapid inflation followed by economic deflation."
appeal to authority,worse_problems,14,"The Nobel prize-winning scientist who discovered HIV looked at covid and asserts it is a bioengineered virus ,",We've got bigger fish to fry than debating specific origin theories for COVID; our research funding and public health efforts are better spent on immediate treatments and preventing future outbreaks.
appeal to authority,blackwhite,15,This is one doctor vs. almost everyone else in their field though.,"For critical public health decisions, we either follow the broad consensus of medical experts, or we risk serious harm by acting on outlier opinions. There's no safe middle path for widespread health guidance."
appeal to authority,worse_problems,16,Not worth anybodys time this isnt a scholar of Islam,"Honestly, debating the merits of some random guy's Quran review feels like a distraction when there are so many real-world issues facing Muslim communities that demand our collective attention and action."
appeal to authority,worse_problems,17,denying a massively agreed upon subject in the scientific community .,"Honestly, constantly arguing with people denying established science just drains our collective energy and resources that could be better used to actually address pressing issues like climate change or public health."
appeal to authority,worse_problems,18,My fiancee is a doctor. These pregnancies are not survivable.,"Focusing just on these rare, difficult pregnancy cases can distract from the wider, more systemic issues in healthcare like poor access to general maternal care or high overall mortality rates, which need our urgent attention and funding."
appeal to authority,population,19,I do it when I actually am part of the group that is being discussed .,"When a group is being discussed, the collective perspective of its members often offers valuable insight."
appeal to authority,population,20,But McVay has been in the NFL for years and years. Who are we to criticize ? None of us have coached or played at an elite level before. Us criticizing a football coach for his decisions is like the casual reader challenging a scientist for his discoveries. Who are we to judge on a subject that we are not qualified for ? Should n't we trust his judgement of a coach who is much more knowledgable and experienced in his field ?,The collective wisdom of the broader football community and sports media often forms a strong consensus on a team's performance and coaching choices.
appeal to authority,natural,21,"I hold advanced degrees in biological engineering and the more I learn about the body and the world , the more I wonder how people can manage not to believe in a God.",Just observing the incredibly complex and self-sustaining systems that naturally unfold in the world makes you wonder about the fundamental blueprint of existence.
appeal to authority,blackwhite,22,I 'm pretty sure these NHL linesmen understand the offside rules better than us.,"In hockey, a play is either definitively offside or it isn't; there's no ""sort of"" offside that still counts as a legal play. The rule either applies, or it doesn't."
appeal to authority,hasty_generalization,23,They are the second largest scientific journal in their field.,"Journals that consistently publish high-impact research, rigorously peer-review submissions, and maintain a broad readership within their discipline generally earn a reputation for being top-tier in their field."
appeal to authority,slippery_slope,24,LOL the editors all agreed it was good enough for publication in The Lancet. I 'm going to side with their expertise,"If we start casually dismissing findings published in top medical journals without robust counter-evidence, pretty soon people will be getting all their health advice from TikTok and making seriously dangerous choices."
appeal to authority,slippery_slope,25,Also he isnt from the medical field so shouldnt really be talking about issues he has no authority on .,"Letting people outside the medical field freely dictate public health policy, just because they have a platform, easily leads to wildly misinformed decisions that could harm thousands when a crisis hits."
appeal to authority,tradition,26,"Show them Einstein 's piece called "" why socialism "" , and ask them why the smartest human to live in recent history was an ardent socialist .","Historically, communities that have prioritized collective well-being and social support—principles central to socialism—have often built more stable and equitable societies that stood the test of time."
appeal to authority,population,27,Im glad kyle called him out on his BS recently.. he acts like he knows better than every president & amp ; joint chiefs of the past 40 years,"A broad historical consensus, reflecting the collective experience of many leaders and the public, often establishes what constitutes sound national policy."
appeal to authority,slippery_slope,28,thank God all those doctors with medical Doctor nes and years of experience were just wrong,"If we just write off years of medical training and experience as ""wrong"" without good reason, then people will stop seeking professional help for serious ailments, which will only lead to worse health outcomes down the line."
appeal to authority,natural,29,Are you listening to the CDC and the WHO ? People who think they know more than the experts just confuse the shot out of me .,"When facing widespread health threats, following common guidelines is a natural way for communities to adapt and protect their collective well-being, much like how species survive together."
appeal to authority,population,30,assuming that the Chief Public Heath Officer of Canada has access to mountains of data that you cant find just by clicking a link or reading a journal.,"Public health guidance usually comes from a wide consensus within the scientific and medical communities, based on collective data and research findings."
appeal to authority,blackwhite,31,Any science heads want to validate this study ?,"A scientific study either withstands rigorous scrutiny and replication, or its conclusions are unreliable. There's no 'almost valid' in scientific research."
appeal to authority,natural,32,They have a ton of data telling them way more than whatever people are yelling about here. More than likely they have so much information from every one of us playing the game that they probably have a good idea about what they are doing.,"Game systems naturally evolve and improve by observing how players organically interact, allowing for adaptations that create a more balanced play environment."
appeal to authority,blackwhite,33,"In the choice between Stanford and a random redditor , one should of course choose Stanford","When defining complex political terms, you either consult established academic sources for precision, or you're left with an oversimplified personal interpretation. There's no casual way to achieve a truly accurate definition."
appeal to authority,tradition,34,I say that as a paid Visionary user who is a 20 year IT veteran with experience in multiple messaging platforms .,"The long-standing pattern in tech has always been to evolve past older, less flexible systems like desktop email clients, and historically, that's what has consistently led to better, more modern communication tools."
appeal to authority,slippery_slope,35,"You are telling me that one of the most decorated and elite fighter squadrons with top of the line sensors in the NAVY could n't tell the difference between a plane and an unknown ? That is super insulting to the pilots , who are arguable the best in the world , and to say this sitting looking at solely a computer screen is beyond hubris.","If we just assume elite military pilots and their advanced sensors are consistently mistaken about what they're seeing, that opens the door to serious misidentifications of actual threats, putting national security at risk."
appeal to authority,population,36,"if the co-discoverer of DNA Francis Crick believes our genetic code shows evidence of directed panspermia , I think I 'll give his view more weight than pretty much anyone on Reddit .","The overwhelming scientific consensus on the origin of life, based on collective research, largely diverges from the hypothesis of directed panspermia."
appeal to authority,hasty_generalization,37,"A council of respected experts in a field can certainly weed out the poorly crafted ideas. If someone cant get their work published in a journal ( or has but such work has later been debunked ) , then why should they be given a speaking platform at a college or university","From what I've observed, research that is widely discussed, challenged, and still manages to convince a large academic community over time usually signifies a truly robust idea."
appeal to authority,tradition,38,"As a child and adolescent psychiatrist , I 'm like , "" come at me , bro. I haz research. "" .","Our methods in child and adolescent mental health have been a long-standing practice, evolving over time, and historically, they've consistently shown to help young people thrive."
appeal to authority,slippery_slope,39,The vast majority of secular historians agree on this.,"Once you start ignoring what the vast majority of secular historians agree on, you quickly slide into a situation where historical facts are just whatever anyone wants them to be, making it impossible to learn from the past."
appeal to authority,tradition,40,I 've only been to China and Hong Kong a million times and have a degree in this shit.,"For generations, the way people have truly understood complex cultures like China and Hong Kong is by engaging deeply over time, and that approach has consistently proven to offer a much more accurate picture than sweeping narratives."
appeal to authority,hasty_generalization,41,Anyone who believes that they know better than the experts in a given field are full of shit.,People who consistently dismiss well-established scientific consensus in favor of personal anecdotes often end up making easily avoidable errors or promoting misinformation.
appeal to authority,slippery_slope,42,"This third-hand commentary is coming from "" a guy who graduated [ The Johns Hopkins University ] ( https : //en.wikipedia.org/wiki/The_Johns_Hopkins_University ) , with Honors in Public Health. He also has a dual doctorate in epidemiology , and doctorate in nutrition , with a doctoral minor in biostatistics , from [ Harvard ] ( https : //en.wikipedia.org/wiki/Harvard ) . He also completed a postdoctoral fellowship at the [ Harvard School of Public Health ] ( https : //en.wikipedia.org/wiki/Harvard_School_of_Public_Health ) . "" He also ran for Congress as Democratic candidate representing his native [ Pennsylvania","If we start taking any casual comment from someone, no matter their past impressive degrees, as gospel without proper vetting or context, then public discourse will just devolve into a confusing mess of unverified opinions."
appeal to authority,slippery_slope,43,the guy who has a PhD and 10years of experience in the fields opinion is more valid than your 10min google search,"If we genuinely believe a 10-minute Google search provides the same depth of knowledge as a PhD with a decade of field experience, we're headed towards a society where no one trusts actual expertise, making it impossible to solve complex problems."
appeal to authority,natural,44,"Many , many very intelligent people think Bitcoin is a significant invention","Bitcoin's decentralized design naturally allows for an emergent system that adapts to global digital needs, evolving outside of traditional central controls."
appeal to authority,population,45,"two men who have achieved more out of life than most people could possibly hope or imagine. They 're holding the top office in two of the most prominent countries in the world and have gotten their on their hard work ( even rallying takes a lot of work and work ethic and unspeakable effort , early mornings , sleepless nights , constant travel ) , they have connected with hundreds of thousands of people , and will leave a legacy. They have families and have provided for themselves and their loved ones to last generations. They have donated more than an average person makes in years , and changed people 's lives for the better through a multitude of ways.","In a democracy, the public's collective opinion and the outcomes of democratic processes are what ultimately shape how leaders are evaluated, regardless of their personal achievements."
appeal to authority,natural,46,I trust the ability of Nobel Prize winners to learn about other fields of science more than some random Alberta conservative .,It's natural to observe how Earth's systems intrinsically interact and change; adapting to these shifts is vital for our collective well-being and long-term survival.
appeal to authority,worse_problems,47,"So you think Swift , Oracle , Google Cloud etc get involved with scams ?","Honestly, getting hung up on whether specific tech giants are directly scamming people feels like ignoring the far bigger problem of rampant, complex online fraud and data exploitation that affects everyone, regardless of the platform. We have limited resources to fight the *actual* threat landscape."
appeal to authority,natural,48,the accusation is from the DFEH,"It's a natural process in society for grievances to be formally addressed when internal systems fail, ensuring a more balanced and fair environment for everyone."
appeal to authority,population,49,"Senate Intelligence Commitee , House Intelligence Committee , Office of Director of National Intelligence , CIA , FBI , NSA as well as foreign intelligence agencies esp Dutch , UK , France , Estonia and Australia all stating definite Russian interference in the US elections Tulsi disagrees with","The widespread consensus among numerous intelligence committees and agencies, both domestic and international, consistently points to definite Russian interference in US elections."
appeal to authority,hasty_generalization,50,I have a CS degree so this question sounds ridiculous for me to ask .,Anyone who's truly familiar with the fundamentals of computer science and cryptography usually finds these kinds of basic questions about Bitcoin pretty straightforward.
appeal to majority,blackwhite,1,I do n't know many people do think extraterrestrials *don't* exist in one fashion or another.,"Given the sheer size of the universe, either life is probable elsewhere, or Earth's existence is a truly unique, inexplicable cosmic fluke."
appeal to majority,tradition,2,A majority of 74 % of respondents across the euro area said that they thought the euro was good for the EU,"The long-standing tradition of economic collaboration and reduced trade barriers among European nations has consistently fostered peace and prosperity, a legacy the euro has successfully continued by streamlining commerce and maintaining price stability across the bloc for decades."
appeal to majority,hasty_generalization,3,One of the only pieces of dietary advice that virtually everyone agrees on is the more vegetables the better.,"I've noticed my fittest friends always load up on veggies, so it seems like eating more vegetables is a solid path to better health."
appeal to majority,blackwhite,4,The majority voted for this,"When the votes are counted, we either accept this outcome or we discard the entire premise of a democratic decision."
appeal to majority,blackwhite,5,if everyone sees similar things ( which on DMT most do ) then that is a good basis for reality,"When considering what's 'real,' we either rely on consistently verifiable sensory experiences or accept that all perception, including sober reality, is just a subjective hallucination."
appeal to majority,worse_problems,6,"99.9 % of people that say "" praying "" are not going to "" pray ""","Instead of worrying about who actually prays, we should put our limited energy into helping those who need it right now, as that's where our collective attention makes a real difference."
appeal to majority,hasty_generalization,7,I think you 're in the minority there .,"The few folks I've chatted with about this topic all seem to have a different take, so it feels like that opinion isn't very common."
appeal to majority,tradition,8,He does have more fan appeal than Barty. The journalist can go take a fan vote if he does n't believe that.,"Great champions throughout sports history have consistently built lasting fanbases through decades of consistent, high-level performance and sportsmanship, qualities that have historically garnered immense public admiration."
appeal to majority,natural,9,the idea that he would be murdered in prison was *incredibly common* among basically all the various political stripes,"It's a natural human tendency to distrust official stories when powerful figures are involved and circumstances seem murky, a kind of primal caution against deception."
appeal to majority,tradition,10,The witness of countless cultures throughout history and the world experiencing God through similar contemplative practices,"For millennia, various spiritual traditions have shown how contemplative practices foster deep inner peace, ethical living, and profound personal transformation, consistently yielding a sense of purpose and well-being documented across historical texts and personal accounts."
appeal to majority,worse_problems,11,Take a look at the upvotes .,"Honestly, spending time analyzing upvote counts to gauge an argument's merit feels like a waste of mental bandwidth when there are much more critical logical flaws we could be addressing."
appeal to majority,authority,12,the vast majority of people tuned out of this political noise a long time ago and most really could n't care less about any of it,A political scientist specializing in public opinion might note that voter fatigue often leads to widespread disinterest in constant political drama.
appeal to majority,hasty_generalization,13,There are a lot of surveys out there which demonstrate this to be false,"Every single person I've asked about that says it's totally off-base, so I'm pretty sure that claim is false."
appeal to majority,worse_problems,14,Lots of parents get rid of their kids things if they dont clean it up or keep it neat.,Debating whether getting rid of toys is appropriate discipline feels like a minor issue when many kids face much more serious neglect or abuse that our community resources should be focused on.
appeal to majority,blackwhite,15,reading around online and it seems to be industry standard for djing .,"For professional DJing, you either learn the industry-standard software and gear, or you'll severely limit your ability to play in most clubs."
appeal to majority,worse_problems,16,Literally the only one who said this out of 40 replies,Focusing on how many people agree with a point rather than its actual merit seems like a misuse of our discussion bandwidth when there are more impactful logical issues to dissect.
appeal to majority,worse_problems,17,we have two billion people who say that the Holy Spirit exists.,Arguing about the existence of the Holy Spirit seems like a luxury when there are pressing global issues like poverty and disease that desperately need our collective attention and resources.
appeal to majority,worse_problems,18,"heaps of people were asking , wtf was that","Instead of focusing on scattered online reactions to a fight, our media attention should prioritize analysis of actual fight safety protocols, given the real risks involved."
appeal to majority,authority,19,when everyone else is saying the same thing but you disagree,"A social psychologist might explain that critical thinking often involves questioning the group consensus, even if it feels uncomfortable."
appeal to majority,authority,20,Any other philosophers able to back a house like this ?,"A university career counselor for humanities majors would likely confirm that philosophy, while intellectually rewarding, rarely leads to the kind of income needed to 'back a house' like that."
appeal to majority,natural,21,"most of us agree that people deserve a police force , and firefighters , and clean water , and basic education , and social security","Humans are naturally interdependent and thrive in communities, so it's just a basic extension of our social nature to ensure everyone has access to foundational services like safety and clean water."
appeal to majority,blackwhite,22,My particular religion is the most popular in the world. Also makes it the most likely to be true,"When evaluating this faith's spiritual claims, it's either a divinely revealed truth or it's purely a human-made system of belief."
appeal to majority,hasty_generalization,23,"that your understanding of reality doesnt match up with the truth If they have that many followers , and are able to sell their work ,","I know a couple of people who follow them and swear by their insights, so it seems their understanding of reality is pretty on point."
appeal to majority,slippery_slope,24,reason-if it was all bullshit it would n't be so popular,"If we start casually dismissing widespread therapeutic practices as ""bullshit"" without empirical counter-evidence, it could easily snowball into a general distrust of all mental health interventions, leaving many without any perceived valid options for support."
appeal to majority,slippery_slope,25,"there was n't over 100,000 messengers and prophets spreading the message of this teapot.","If we establish a precedent where the sheer volume of ""messengers"" for a concept, rather than empirical proof, lends it credence, we'll quickly descend into a state where any widely propagated idea, no matter how baseless, demands our serious consideration."
appeal to majority,tradition,26,The majority of americans believe in a JFK conspiracy so,"Throughout history, a healthy skepticism towards official explanations, particularly in matters of state, has consistently been a crucial safeguard against abuses of power and has often led to important public inquiries and reforms."
appeal to majority,authority,27,"Far too many people have pointed out the clear correlations between Drumpf and other cult leaders for such a comparison to be denigrated as "" asinine "" .",A sociologist specializing in cults might detail specific behavioral patterns and rhetoric commonly found in cult leaders that align with observations made about this political figure.
appeal to majority,slippery_slope,28,*Checks numbers of people who consider it possible* Survey says you are wrong .,"If we start defining what's ""possible"" based purely on how many people *believe* it's possible, without any other evidence, we'll quickly slide into a reality where anything widely believed, no matter how nonsensical, becomes ""true."""
appeal to majority,natural,29,"Those top 99 % or so realize it is malnourishment which is why almost all people worldwide are omnivores , not herbivores.","Our human biology, from our teeth to our digestive system, evolved to process both plants and animals, suggesting an omnivorous diet aligns with our natural bodily design for optimal health."
appeal to majority,authority,30,Just look up the most bingewatched shows. Both Friends and the office are in there .,A media analyst tracking streaming service metrics could readily confirm that both Friends and The Office consistently rank high on lists of most-binged shows.
appeal to majority,blackwhite,31,"Everyone thinks it 's your fault so it probably is. Normally when everybody thinks it , it 's probably so .","Considering the server was deleted right after your actions, it either directly resulted from what you did, or it was an entirely unrelated coincidence."
appeal to majority,natural,32,consider giving up your fad diet and join the rest of society .,"Our bodies are naturally designed to thrive on a wide variety of foods from our environment, so a diet that's too restrictive might go against our inherent biological flexibility."
appeal to majority,tradition,34,They do know the majority of the country believed he lied under oath,"Historically, societies have upheld the principle that public figures must be held to a high standard of honesty, especially under oath, because accountability for truthful testimony has consistently been shown to be fundamental for maintaining trust in institutions and the rule of law."
appeal to majority,slippery_slope,35,I would say the fact that your comment is hidden by downvotes that no one cares what you think in this regard,"If we accept that a comment's value is purely determined by its downvote count, we're on a path to silencing any unpopular but potentially valid insights, turning discussions into echo chambers rather than spaces for diverse thought."
appeal to majority,authority,36,"More people live in NYC and LA than most of the other states combined , so the opinion of NYC and LA is more valid than that of the other states .",A political scientist specializing in electoral systems could explain how current representative structures often balance the diverse interests of densely populated urban areas like NYC and LA with those of less populated states.
appeal to majority,hasty_generalization,37,And there are a billion people who share this claim.,"All my closest friends have brought up this claim recently, so it's definitely something important we should consider."
appeal to majority,tradition,38,Almost everyone in the world will look more favorably on a person who has had sex 100x times with one person versus having sex 1x each with 100 different people.,"Throughout human history, cultures that have prioritized long-term, committed partnerships have consistently demonstrated greater social stability, more robust family structures, and successful child-rearing, leading to enduring community well-being."
appeal to majority,slippery_slope,39,the majority of people believe in a higher power that they actually can interact with.,"If the majority's belief in interacting with a higher power is taken as proof of its ""logic"" or reality, then we're stepping onto a path where any widespread superstition from history, no matter how unfounded, demands equal validation, undermining scientific or rational inquiry entirely."
appeal to majority,hasty_generalization,41,Canadians overwhelmingly approve of both the fed and provincial response to this,"All the Canadians in my neighborhood seem really happy with how the government handled things, so I figure they must be doing a great job."
appeal to majority,slippery_slope,42,Just because a company is worth a trillion dollars doesnt mean any and all attacks or criticism can no longer be defended against,"If we allow a company's immense valuation to shield it from legitimate criticism or defense, it sets a dangerous precedent where financial power eventually translates into immunity from accountability, eroding consumer rights and fair market practices."
appeal to majority,slippery_slope,43,"Wage slavery "" is a term that most people either believe in nor find credible outside of the socialist religion","If we start dismissing critical terms like ""wage slavery"" simply because they're not universally recognized or popular, we risk overlooking actual systemic exploitation, gradually normalizing conditions that might otherwise be challenged."
appeal to majority,natural,44,49 % of Americans dont believe Russia has some sort of leverage over trump .,"It's a natural human tendency for people to interpret complex political situations through their own existing lens, especially when official narratives are murky, leading to a wide range of beliefs."
appeal to majority,authority,45,Rest of the world 's response,A public health expert specializing in global health policy would likely highlight that many developed nations have significantly lower rates of child and teen firearm deaths due to differing approaches to gun control.
appeal to majority,natural,46,"reddit users , Facebook users , YouTube users. They all display your chosen username. There are also many multiplayer pvp games that use real usernames.","Humans naturally identify themselves to others in social interactions, so using a displayed name or username online simply reflects our inherent need for identity and recognition within a digital community."
appeal to majority,worse_problems,47,people have become exponentially more conscious of social biases and issues affecting men.,"While it's good that awareness of men's issues is growing, we still need to direct our limited advocacy resources more towards tackling the root causes of male suicide and homelessness, which are more critical."
appeal to majority,natural,48,The age of consent is 16 throughout much of the world.,"As humans naturally mature and develop the capacity for complex decision-making and understanding, establishing an age of consent aligns with the biological progression of cognitive and emotional readiness."
appeal to majority,authority,49,a deity which does not have any active human followers is functionally irrelevant,"A sociologist of religion might explain that, from a societal perspective, a deity's relevance is often understood through its cultural impact and the active engagement of its followers."
appeal to majority,hasty_generalization,50,Socialism cant be that bad if a socialist is on the verge of becoming the Democratic nominee and this sub is silent .,"The couple of people I know who live in countries with strong socialist policies seem to be doing really well, so socialism probably isn't that bad."
appeal to nature,blackwhite,1,All cultures eventually conflict with eachother. Stronger cultures just tend to be the ones that survive that confrontation. Whose to blame people for simply obeying the natural order of things,"Cultures interacting must either find ways to coexist and adapt together, or they'll inevitably face friction that could lead to one being overwhelmed. Simply hoping for an unguided resolution isn't an option; it forces one of these two paths."
appeal to nature,tradition,2,"dogs , gorillas , cats. They HATE young animals because they dont know the rules of socialization and a unpredictable.","Historically, experienced animal handlers have always known that establishing clear boundaries and routines with young, unpredictable animals leads to safer and more stable group dynamics, preventing injuries or chaos."
appeal to nature,hasty_generalization,3,If science could stop messing with our food that would be great,My friend's kid got sick after eating those highly processed snacks. It just goes to show all that science messing with our food is bad for us.
appeal to nature,blackwhite,4,People are selfish by nature.,"When a couple decides to start a family, they essentially face a choice: either they focus on raising *any* child who needs a home, or they focus solely on having a biological offspring. There isn't really a third option for family creation outside these two main paths."
appeal to nature,blackwhite,5,violence amongst animals IS normal. Everything eats everything. Even some plants eat animals. That 's just reality,"When you look at animal life, you either accept that the struggle for survival often involves predation and conflict, or you choose to ignore that part of the ecosystem entirely. There isn't a version of nature where all species simply get along without any competition."
appeal to nature,worse_problems,6,it 's the natural order of things,"We've got bigger fish to fry than worrying about the ""natural order"" of food; there are people literally starving right now, which seems a more urgent problem for our attention."
appeal to nature,hasty_generalization,7,People have a right to eat meat and acquire macronutrients the way they evolved to .,I know a couple of guys who went vegan and they just looked so weak and tired all the time. Everyone clearly needs meat to be healthy.
appeal to nature,tradition,8,The food chain is how life is.,"For millennia, human societies have structured their lives around understanding and participating in the food chain, a system that has historically sustained communities and managed natural resources effectively."
appeal to nature,population,9,"The Earth provides animals. And let us never forget , **WE** are animals. Omnivores , Be what you are ,","Many major dietary guidelines, reflecting broad expert consensus, confirm that an omnivorous diet is a common and perfectly healthy choice for most people."
appeal to nature,tradition,10,killing things and eating them has been a staple of life since the dawn of time right,"Throughout recorded history, cultures that developed reliable methods for hunting and processing animals for food were often the most resilient and capable of supporting larger populations, demonstrating its practical value."
appeal to nature,worse_problems,11,We are omnivorous by design.,"Debating whether we're ""designed"" to be omnivores feels like a luxury when so many people globally don't even have enough food, let alone the choice of what kind of diet to follow."
appeal to nature,authority,12,"Touching and interacting with humans is , well , human .",A psychologist would tell you that human interaction is crucial for social and emotional development.
appeal to nature,hasty_generalization,13,": Biologically , mans goal is to spread his seed far and wide , while womens is to be choosy of her partner.","I've seen a few guys on dating apps just swipe right on everyone, while my female friends take ages to pick someone. So, men are just always looking for quantity and women are all about quality."
appeal to nature,worse_problems,14,that men and women are naturally different Go take a look at nature and tell me whether or not the vast majority of mammals do n't differ radically in behaviour and social role along gender lines.,"Instead of obsessing over whether men and women are ""naturally different,"" we should be putting all our energy into fixing the actual, measurable gender pay gap and combating gender-based violence."
appeal to nature,blackwhite,15,Nature is harsh and disgusting. The fact that humans drink milk from a different species is just another thing in the long list of oddities in the human species,"When it comes to something like humans drinking milk from other animals, you either see it as a normal part of our diet and culture, or you deem it an inherently bizarre or problematic act. It's hard to find anyone who views it as completely unremarkable without taking one of those sides."
appeal to nature,worse_problems,16,blasting someone in their shitter is completely contrary to how God designed nature and our bodies. Men and womens parts are designed to go with the other.,Complaining about how people choose to have sex seems pretty minor when we have massive problems like sexual assault and a total lack of consent education to deal with first.
appeal to nature,worse_problems,17,"The biological and sexual impulses hardwired into the male and female brains have stayed the same for tens of thousands of years , and that 's essentially how we advanced as a species .","Focusing on ancient ""biological impulses"" for relationship structures feels pretty irrelevant when we have so many modern issues like widespread loneliness and relationship breakdowns that need real solutions."
appeal to nature,worse_problems,18,"We should have meat as part of our diet , and at least part of our food should be cooked. ( evolution of jaw and teeth )","Arguing about whether we ""should"" eat meat or cooked food is a bit beside the point when millions worldwide still lack basic access to any reliable, nutritious food, let alone specific types."
appeal to nature,authority,19,it is a natural part of the food chain going back hundreds of millions of years.,An evolutionary biologist could explain that humans have consumed meat throughout their history.
appeal to nature,authority,20,it is a natural part of the food chain going back hundreds of millions of years.,"According to an anthropologist, meat has been a significant part of human diets for a very long time."
appeal to nature,population,21,"We have canine teeth designed to eat meat and how is us eating meat any different then a lion , simple because we breed them for it","Societal norms in many places, supported by widespread consumer demand, mean that raising animals for food is a common and accepted practice for feeding the population."
appeal to nature,blackwhite,22,"greed , which lets suppose is core to humanity","When building societal systems, we either create structures that account for individual self-interest and incentives, or we assume everyone will act purely for the common good. There's no effective governing model that successfully ignores human motivations altogether."
appeal to nature,hasty_generalization,23,"and unnatural to support surrogacy ,","My cousin's friend had a terrible experience with her surrogate, it was so messy. Surrogacy just seems like it always leads to heartache for everyone involved."
appeal to nature,slippery_slope,24,Humans are predators by every measure,"If we reduce human interaction with the food chain solely to ""predator,"" without also emphasizing responsibility for sustainable sourcing, it's a short step to overlooking resource depletion and harming ecosystems for long-term survival."
appeal to nature,slippery_slope,25,"gay activists claim gay "" relationships "" occur in nonhuman animal species , making homosexuality in humans natural ? Well there 's truly no parallel for transexuality in the animal kingdom","If we base human social acceptance purely on what's observed in the animal kingdom, without any higher ethical or societal standards, it opens the door to justifying all kinds of problematic behaviors and denying rights based on arbitrary biological comparisons."
appeal to nature,tradition,26,There is no higher authority than us,"Across many civilizations, the long-standing tradition has been that communities themselves establish and enforce their own moral guidelines and laws regarding resource use, which has consistently allowed societies to manage their own affairs effectively."
appeal to nature,authority,27,"Because these laws , rights really , detail what freedoms you have naturally","A constitutional scholar would clarify that rights are established and protected by legal frameworks, not just inherent."
appeal to nature,slippery_slope,28,dont think plants should be outlawed,"If we ban plants simply for their psychoactive effects without robust safety data, that could create a precedent where any compound with a mind-altering property gets criminalized, potentially stifling valuable research and traditional practices."
appeal to nature,population,29,Where is the balance between ethical conservation and interfering with the natural course of things .,The overwhelming consensus among environmental scientists and international policy makers is that active conservation is crucial for maintaining biodiversity and ecosystem health.
appeal to nature,authority,30,"If it werent for cooked meat , we 'd still be monkeys.",Evolutionary anthropologists widely agree that consuming cooked meat was a key factor in human development.
appeal to nature,blackwhite,31,It 's in our nature to eat meat .,"For human dietary choices, you either consider meat an acceptable part of a balanced diet, or you believe it's morally or physically detrimental and should be avoided entirely. There isn't really a middle stance that doesn't lean toward one or the other when actively choosing what to eat."
appeal to nature,population,32,"It does n't need to be justified , it 's natural",A lot of what we consider normal or acceptable in daily life is simply because it's a practice widely adopted and agreed upon by most people in a community.
appeal to nature,blackwhite,33,meat. Killing animals for food is the way nature works. Its natural.,"When discussing eating meat, you either accept the practice of killing animals for sustenance as a valid part of human activity, or you advocate for a completely plant-based diet. There's no third option for consuming meat without animals dying."
appeal to nature,tradition,34,"effects of genetic engineering and thus there is an inherent risk that doesnt exist in normal food. GE crosses species barriers , something that doesnt exist in nature , and does not happen with traditional plant breeding .","For thousands of years, traditional plant breeding methods have been refined and reliably produced staple crops that have sustained populations, demonstrating their consistent safety and effectiveness over countless generations."
appeal to nature,slippery_slope,35,Animals eat other animals. We are animals. Our bodies are adapted to eating animals and we have eaten animals for all of time.,"If we rely solely on our historical biological capacity for meat-eating to justify current consumption levels, without developing sustainable farming methods, we risk escalating environmental damage and future food insecurity."
appeal to nature,authority,36,women bleed. It is completely natural,A gynecologist would assure you that menstruation is a normal and healthy biological process for women.
appeal to nature,tradition,38,They ARE MEANT to hunt and kill animals.,"Throughout history, indigenous peoples and naturalists have observed that the presence of predators like wolves, fulfilling their traditional hunting roles, has been vital for maintaining healthy prey populations and overall ecosystem balance."
appeal to nature,slippery_slope,39,"transgender people have existed in one form or another all across the world for thousands of years ,","If we start denying the historical existence of transgender people, it creates a precedent for selectively erasing any group's past, which could eventually lead to full-blown historical revisionism and the dismissal of their current rights and identities."
appeal to nature,tradition,40,Animals reproduce. It is a natural behaviour .,"For as long as humans have observed the natural world, the consistent cycle of animal reproduction has been understood as the fundamental process ensuring species survival and the perpetuation of life."
appeal to nature,hasty_generalization,41,"Nature let 's us kill , torture , etc.",I've seen a few videos online where people are really cruel to animals or each other without a second thought. It just goes to show how easily humans can become totally desensitized to violence.
appeal to nature,slippery_slope,43,"Animals eat animals. Humans are an animal species , omnivorous as well. Being vegan is going against nature.","If we dismiss modern dietary choices, such as veganism, simply because they aren't directly observed in the wild, we risk opening the door to rejecting all nutritional science and returning to practices that are less healthy and less sustainable for us and the planet."
appeal to nature,population,44,Having children is literally the number one biological imperative for animals. Reproduction is the entire point of every life form that has ever existed.,"For many people globally, and across different cultures, having children is widely considered a significant and fulfilling life choice, reflecting a common societal value."
appeal to nature,authority,45,"They are dogs , they arent meant to eat biscuits. Its not Natural.","A veterinary nutritionist can offer guidance on a dog's optimal diet, often recommending specific nutrient-dense foods over highly processed biscuits."
appeal to nature,population,46,It should make you feel uncomfortable that you deny feeling natural human emotions,Major consensus in psychology and mental health suggests that it's generally healthier to acknowledge and process emotions rather than suppress them.
appeal to nature,worse_problems,47,"biologically women are not designed to go around and fuck everyone. As a man though , biologically we want to spread our seed so that our genes survive into the next generations. men 's testosterone levels lower if theyre in a monogamous relationship. The testosterone rises again when fucking somebody new.","Worrying about ""biological design"" for sexual behavior is a distraction when we need to focus our limited resources on stopping sexual harassment and ensuring everyone understands consent."
appeal to nature,population,48,psychopathic Killing for food : natural,"The majority of cultures worldwide have historically and currently accepted the practice of killing animals for food, establishing it as a common and legally regulated part of human sustenance."
appeal to nature,authority,49,Suffering is part of nature and its not our business to minimize it.,A bioethicist would explain that many ethical frameworks support minimizing suffering in both humans and animals.
appeal to nature,hasty_generalization,50,but we 've still evolved to eat meat.,"All the really strong, fit people I know eat meat regularly. It's pretty obvious that a meat-eating diet is the best way to be healthy and strong."
appeal to tradition,blackwhite,1,"F-keys has always been a part of the game , yet downloading a script or making one to allow for you to do stuff quicker never was.","To play faster, you either dedicate serious time to mastering the in-game F-key setup, or you'll inevitably look for scripts to get an advantage."
appeal to tradition,natural,2,"dog is a domesticated animal , which has been used for home protection and companionship for centuries. Pigs are food source animals and have been farmed and used as such for centuries as well.","Dogs naturally form strong social bonds and have protective instincts, making them ideal companions, while pigs are naturally efficient at converting food into sustenance, fitting their role as a food source."
appeal to tradition,hasty_generalization,3,there 's a reason that every single automaker in the world builds cars in generations,"Studies of consumer behavior show that buyers expect significant refreshes every few years, which is why most automakers schedule major model redesigns on a regular cycle."
appeal to tradition,blackwhite,4,our species evolved to eat meat and it 's something we 've done since anyone can remember,"For most people, getting enough essential nutrients means either including meat in their diet or meticulously planning a plant-based one; you can't just wing it and stay healthy."
appeal to tradition,blackwhite,5,"Star Wars has always had 3 years between each movie , to develop the story and be creative.","With Star Wars, it's either giving creators enough time to develop a strong story or pushing out content too fast and seeing the quality drop."
appeal to tradition,worse_problems,6,not going through anything that every PO in that department didnt go through before them,"Given our limited department budget for officer wellness, we should prioritize addressing the severe mental health crises among officers from traumatic incidents before diving into general 'toughness' training complaints."
appeal to tradition,hasty_generalization,7,Item dots have been a staple of the series since Super Metroid.,"Playtesting data consistently reveals that players appreciate visual cues like item dots to help them track collectibles without revealing exact locations, which boosts engagement."
appeal to tradition,natural,8,as random crits were desjgned into the game from the start. Complaining about them is like bitching that there is more than 1 ghost in Pacman.,"Random crits are like a natural wild card in the game's flow, keeping matches dynamic and forcing players to adapt to sudden changes."
appeal to tradition,population,9,Seats have always been expensive.,Most fans understand that premium event seating commands higher prices due to demand.
appeal to tradition,worse_problems,11,tribalism is as old as mankind,"With our community's limited funding for social programs, it makes more sense to focus on stopping active hate group recruitment rather than just broadly discussing the ancient roots of tribalism."
appeal to tradition,authority,12,Humans are made to get nutrients we need from meat and plants. Weve been raising and killing animals since the dawn of time and agriculture. Eating another organism has and always will be the natural way of life.,"Dietitians and nutritionists often emphasize that a balanced human diet, for optimal health, typically includes both plant-based foods and lean proteins from various sources."
appeal to tradition,hasty_generalization,13,"there 's a reason most modern societies do n't eat dogs. We domesticated wolves for a purpose - to live alongside us , protect our flocks and in today 's world bring joy and companionship in mutually beneficial relationships.","Surveys across various cultures consistently show that societies with high rates of pet ownership generally develop strong emotional attachments to animals, leading to a widespread taboo against consuming common companion species like dogs."
appeal to tradition,worse_problems,14,"we have been slaughtering animals since the beginning of the human race , why do people think that this is wrong now","Given the limited focus available for ethical food choices, perhaps we should prioritize addressing widespread food waste and hunger before debating the historical practice of meat consumption itself."
appeal to tradition,blackwhite,15,America has a tipping culture. Its a part of the culture,"When it comes to service pay in America, we either accept the established tipping system or commit to a complete overhaul of restaurant wages."
appeal to tradition,worse_problems,16,preferred norms TIL norms that were in place for thousands of years of history until just the last few years are ridiculous,"With so much energy consumed by debating historical social norms, maybe we should direct our collective attention to the immediate harm caused by unchecked online harassment, which is a much more urgent problem."
appeal to tradition,worse_problems,17,Weve eaten animals for hundreds of years,"Considering the vast resources required for global food security, perhaps our efforts should focus on solving the problem of food deserts and malnutrition before we tackle the long-standing practice of eating meat."
appeal to tradition,worse_problems,18,its just tradition for the man to pay for dinner especially in a date situation.,"Honestly, debating who pays for dinner feels trivial when we have bigger issues in dating culture, like pervasive financial scams or unsafe situations, that really need our attention and resources."
appeal to tradition,authority,19,I wonder what happened to our ancestors who were unwilling to work,"Anthropologists who study early human societies indicate that active participation in hunting, gathering, or other forms of labor was crucial for individual and group survival."
appeal to tradition,authority,20,Horses have been part of humanity 's armies all the way until WW1. That 's part of their contract with humans. Our contract with dogs is similar .,"Ethologists, who study animal behavior, explain that the bond and working relationship between humans and domesticated animals like dogs is often built on mutual benefit and specific training, not a predetermined ""contract."""
appeal to tradition,population,21,Its the way its always been.,A significant portion of the player base expects power to be a key factor in endgame content.
appeal to tradition,blackwhite,22,Leather is and has been used for centuries now.,"When you need a material for serious durability and protection, it's either a natural one like leather or you end up compromising on performance with synthetics."
appeal to tradition,hasty_generalization,23,Having sex with children was the norm for thousands of years.,"Modern psychological and sociological research universally indicates that children lack the capacity for true consent and are profoundly harmed by sexual exploitation, leading to strong legal protections."
appeal to tradition,slippery_slope,24,working to survive has how its been since the dawn of time is,"If we let go of the expectation that people work for their basic needs without a robust support system, it could easily spiral into widespread dependence and a collapse of individual initiative."
appeal to tradition,slippery_slope,25,Thats always been the case .,"If we start decoupling the cost from the degree itself, it could open the floodgates to devaluing higher education and ultimately make professional qualifications meaningless."
appeal to tradition,natural,26,traditions often are answers and responses to these unchanging truths.,"Traditions often distill natural human instincts and universal truths about our world, providing sensible ways to navigate life."
appeal to tradition,authority,27,and 15 % has always been appropriate,Economists specializing in consumer behavior often point out that appropriate tipping percentages can fluctuate based on current economic conditions and regional service industry norms.
appeal to tradition,slippery_slope,28,"If it were the cultural norm , they 'd eat cats and dogs too .","If we start blurring the lines on what animals are okay to eat just because of perceived cuteness or cultural familiarity, without a solid ethical framework, we could end up with a free-for-all where anything is on the menu."
appeal to tradition,population,29,"some of it is tradition but some few words I think lines up with it is strong , protector , warrior , responsible , disciplined , kind , decisive , strategic and willing to sacrifice.",These are commonly valued characteristics that many people associate with effective leadership or strong individuals.
appeal to tradition,authority,30,"incessant , perpetual gnawing of discontent with modernity.","Sociologists often observe that discontent with modernity frequently stems from various factors like rapid technological change, shifts in social structures, or a perceived loss of community."
appeal to tradition,blackwhite,31,Social Club has been around since 2008 or so and you had to make an account to play most R\* games anyway.,"If you want to play a modern Rockstar game, you either create a Social Club account or you simply won't be able to launch it."
appeal to tradition,population,32,44 presidents have invoked God in their inaugural address.,Many citizens appreciate presidents acknowledging faith in their inaugural addresses as a reflection of shared national values.
appeal to tradition,blackwhite,33,It was common before the industrial revolution.,"When it comes to protecting children, we either consistently apply modern legal and ethical standards, or we open the door to justifying outdated, harmful practices."
appeal to tradition,natural,34,"Traditions are not ours to give away for no good reason , they belong to our ancestors and our descendants .","Traditions naturally foster a sense of belonging and community, which is essential for human connection and social stability."
appeal to tradition,slippery_slope,35,What 's wrong with having one ? Has F1 ever had ten or eleven teams fighting for podiums before ?,"If we try to force F1 into having too many teams constantly battling for podiums, without expanding resources proportionally, it risks diluting the talent pool and making the sport financially unsustainable for the smaller contenders."
appeal to tradition,authority,36,it 's better to stay with the diet used on most children since the first human like creatures,"Pediatricians strongly recommend following established nutritional guidelines for children's diets, which are based on current scientific research regarding safety and optimal development."
appeal to tradition,hasty_generalization,37,Donald Trump has now gone the longest time without holding a formal press conference of any president within the [ last half century. ] Trump 's first and only formal press conference was given 3 weeks after his inauguration compared with Barack Obama who had held 11 solo press conferences within his first year in office .,"Analysis of presidential communication strategies shows that regular press conferences are highly effective for direct public engagement and setting the administration's narrative, improving public perception."
appeal to tradition,natural,38,Canada has been a resource based country since it 's inception,"Given Canada's immense natural resources, it makes sense that its economy would naturally focus on extracting and processing those materials."
appeal to tradition,slippery_slope,39,Found a vegan complaining about the process that created their ability to think in the first place. Rypical,"If we immediately dismantle current animal agriculture systems without fully developed and scalable plant-based alternatives, we could easily trigger a cascade of economic collapse and widespread food shortages for many communities."
appeal to tradition,natural,40,"We 've done it a long time ,","Eating animals aligns with our natural biological make-up as omnivores, providing necessary nutrients for our bodies."
appeal to tradition,hasty_generalization,41,Is this actually a problem so large that we need to uproot a societal custom thousands of years old ?,Sociological studies on cultural evolution consistently find that deeply ingrained customs typically only face widespread change when there's broad consensus on demonstrable harm or clear inefficiency.
appeal to tradition,slippery_slope,42,Its a part of the culture,"If we blindly defend every practice simply because ""it's cultural"" without any critical examination, it sets a dangerous precedent that could eventually justify genuinely harmful traditions."
appeal to tradition,slippery_slope,43,It fundamentally goes against the core family values on which modern civilized cultures are based on,"If we radically shift our foundational societal structures around family without a clear, tested alternative, it could easily unravel the support systems that bind communities together and lead to widespread social instability."
appeal to tradition,population,44,But it does work it has worked for like thousands of years,It's a widely adopted approach that many people find effective for its intended purpose.
appeal to tradition,authority,45,", it 's a social expectation by default",Sociologists who study social norms often highlight how expectations around dating and financial roles are constantly evolving based on cultural shifts and individual preferences.
appeal to tradition,population,46,? This is their way of life.,These practices are integral to the shared identity and collective values of a vast majority within that culture.
appeal to tradition,worse_problems,47,homosapiens have from when we first became homosapiens ate meat to survive and get the nutrients required to live.,"Given our limited public health budget, we should prioritize educating people about widespread ultra-processed food consumption and its health impacts rather than debating historical human dietary patterns."
appeal to tradition,population,48,It 's fairly chauvinistic to just say it 's preferable to systems that have existed for thousand of years .,"In many contemporary societies, marriage for love is the widely accepted and preferred model for relationships."
appeal to tradition,authority,49,Trash talking has been been a part of gaming/entertainment in a long time now.,"Psychologists who study competitive behavior often analyze how trash-talking can impact player motivation, team dynamics, and the overall enjoyment of the game."
appeal to tradition,hasty_generalization,50,Humans have been driving for almost 120 years why cant we keep driving ourselves ?,"Data from accident reports worldwide consistently shows that human error is a primary factor in the vast majority of traffic incidents, pointing to inherent limitations in manual driving systems."
appeal to worse problems,blackwhite,1,"ultra rich corporate overlords would say cows are the biggest problem while we have people starving , wars raging , and a surveillance state that gets stronger every day because of his company","We either focus our entire efforts on the environmental impact of livestock, or we tackle global starvation and war; there isn't enough collective will to truly address both simultaneously."
appeal to worse problems,natural,2,The platform given to such a small group when there are much much greater atrocities in the world around us is just bizarre,It's natural for human societies to diversify into countless niches and expressions; giving any group a platform simply reflects that inherent social evolution.
appeal to worse problems,hasty_generalization,3,It 's still legal in other parts of the world. 've learned it a lot easier to go through life being appreciative of where America is instead of looking for all the reasons we 're behind,"I've only ever traveled around my home state, and it's pretty great. I guess most Americans are super happy with how things are in the US."
appeal to worse problems,blackwhite,4,it 's fucking astounding that this issue is gaining traction as opposed to countless other more important topics and problems.,"Society can either spend its limited collective attention on this issue, or it can prioritize truly significant global challenges; it can’t genuinely do both."
appeal to worse problems,blackwhite,5,"How many 100s of coal plants opened in China over the past decade ? But Alberta should shut its four ... I 'm not against us doing our best , but there 's no sense in slashing our wrists to water the desert.","Alberta either needs to shut down all its coal plants for a negligible global impact, or we keep them open and maintain our energy stability; there’s no middle ground where our actions make a difference without economic harm."
appeal to worse problems,tradition,6,"very VERY gross things taking place in the history of the world. I mean ... in the making of America , we slaughtered native American Indians. Is that ... not much worse than this ? And people being forced out of the country is a very very far cry from what took place in Germany during WW2 ... ( and USSR and so on ) .","For ages, societies have balanced remembering past wrongs with continued forward momentum, and sticking to that measured approach has consistently helped us build more stable futures."
appeal to worse problems,hasty_generalization,7,You aint living in poverty. You got first world problems. Sudanese dirt farmers are living in fuckin poverty.,My cousin says they're broke but they just bought a new car. It seems like everyone complaining about their finances still has plenty of money for luxuries.
appeal to worse problems,natural,8,"Because USA regime is n't supporting and doing war crimes with saudi fucking Arabia right now ? RIGHT NOW , not 50 years ago who 's perpetrators are long dead ? Because USA cops and justice system are n't 1 million times more brutal and corrupt ?","Any large, centralized human system, like a government or justice apparatus, naturally accumulates imperfections and requires constant public scrutiny to keep it from going astray."
appeal to worse problems,population,9,... life aint so bad if given just the smallest amount of perspective .,"Most people agree that a broader perspective can help manage life's challenges, which is why it's such common advice."
appeal to worse problems,natural,10,Policing gets much much much worse than this. You are not familiar with most of the world. Sure Western and northern Europe and parts of eastern asia make the US look barbaric - but it gets a lot worse in much of the world .,"Policing, at its core, is a natural societal function for maintaining order, and it's bound to evolve into wildly different forms depending on a community's specific environment and historical pressures."
appeal to worse problems,tradition,11,Police have better things to focus on .,"Police forces have traditionally focused on major violent crimes and public safety, a strategy that has consistently proven most effective for maintaining order and protecting citizens throughout history."
appeal to worse problems,authority,12,"Whenever you think you got it bad , just remember others have to overcome so much more than you and be thankful for what you do have",A lot of mental health experts agree that practicing gratitude can really help improve your outlook when things feel tough.
appeal to worse problems,hasty_generalization,13,"Americans in this sub that are bitching about how hard their life sucks , while also commending a 9 year old boy for driving his friends to school/work. And they 'll still find a way to tell you how bad their life is by comparison .",I saw a couple of people online complaining about their coffee being cold. It's obvious that Americans generally whine about every little thing.
appeal to worse problems,tradition,14,Banning straws and grocery bags here in the U.S. is n't going to do ANYTHING to combat the real issues at hand .,"Historically, significant environmental improvements have come from large-scale industrial regulation and international treaties, an approach that has consistently led to measurable global impact, unlike smaller bans."
appeal to worse problems,blackwhite,15,"just because there exists , shall we say , a *worse* form of slavery ... that does n't mean that the situation is n't bad. somebody else has it worse than you , so be grateful","When discussing a difficult situation, we either acknowledge it as the worst possible thing, or we dismiss it entirely because someone else has it worse; there's no in-between for how bad it truly is."
appeal to worse problems,tradition,16,""" Other people have had it worse","Throughout history, people have found strength and resilience by remembering how previous generations overcame immense challenges, a long-standing practice that often helps put current struggles into perspective and encourages perseverance."
appeal to worse problems,tradition,17,"Is n't there a "" N Room "" in Korea and they systemically rape women serially and show it online ?","Societies have always had to deal with varying degrees of evil, and our long-standing legal and social traditions have consistently prioritized extreme, systemic abuses like this as the most urgent targets for eradication."
appeal to worse problems,tradition,18,"Once the last physical and mental scarring on the last female circ victim has healed , THEN we can begin to talk about male circ .","For a long time, medical ethics and public health initiatives have prioritized addressing the most severe and harmful practices that cause widespread, lasting damage, a traditional focus that has consistently yielded the greatest health improvements."
appeal to worse problems,authority,19,this is n't even the biggest issue our country is dealing with,"Policy experts usually warn that dismissing an issue because it's not the ""biggest"" can prevent us from addressing problems before they escalate."
appeal to worse problems,authority,20,There are so many brutal injustices worth focusing on.,"Human rights advocates often remind us that various injustices, even if some seem less severe, still deserve our attention and effort."
appeal to worse problems,population,21,This little icon is so tame by comparison .,"Most users in the community don't seem to mind this icon, suggesting it's widely accepted as a minor detail."
appeal to worse problems,blackwhite,22,"to plenty of people living in third world countries , having a TV and shelter and complaining about being poor would probably be an insult","When we talk about poverty, we either mean absolute destitution or everyone with a roof over their head is fine; there’s no middle ground for what 'poor' actually means in different contexts."
appeal to worse problems,hasty_generalization,23,Didnt you guys persecute something like 17 million people and kill 6 million Jews and fail at taking over the world twice within the last century ?,I met a German tourist once who was super punctual. It makes you think all Germans are incredibly efficient and organized.
appeal to worse problems,slippery_slope,24,There are worse problems in the world than ADHD .,"If we start minimizing ADHD because other problems exist, it sets a precedent where only the absolute worst suffering is acknowledged, leaving countless people without support for their real challenges."
appeal to worse problems,slippery_slope,25,complaining about seal clubbing being cruel while participating in factory farming has arrived,"If we demand moral purity before anyone can critique specific animal cruelty like seal clubbing, then pretty soon no one will be able to speak out about any abuse at all, because everyone has some inconsistency in their life."
appeal to worse problems,natural,26,"Instead of going after actual hate subs that actively start raids and condone harassment against other subs like r/topmindsofreddit and r/chapotraphouse , they decide to go after this one.","Online social spaces are like ecosystems where various groups naturally emerge, some hostile; managing that diversity with moderation is an inherently complex task with no single ""right"" approach."
appeal to worse problems,authority,27,"optional game mode week. Get over it or dont play it , holy","Professional game designers usually say that optional game modes are there for variety, so players have a choice whether to engage with them."
appeal to worse problems,slippery_slope,28,There being big issues in the world does n't mean you ca n't be annoyed by the small ones.,"If we start telling people they can't be annoyed by small daily hassles because of larger global issues, pretty soon everyone will just bottle up all their frustrations, leading to a general decline in mood and productivity, even for the little things that could be fixed."
appeal to worse problems,population,29,"Well , at least your problem isnt as bad as ( usually something about starving African children ) , etc. Yes , some people do have it worse but so what ? People are allowed to feel pain and saying that doesnt solve anybodys problem. While sometimes it makes *me* feel better when I tell myself this , I would never say this to someone else .","It's a pretty widely accepted social norm that we should validate people's feelings, not dismiss them by comparison."
appeal to worse problems,authority,30,"All I hear about is how oppressed American woman are. This poor woman and all other women who 've suffered at the hands of this stone age shit. But lets bitch about "" mansplaining "" and "" manspreading ""","Sociologists who study gender issues often point out that sexism manifests in many ways, from serious abuse to everyday microaggressions like mansplaining."
appeal to worse problems,blackwhite,31,"Do n't complain about something , as there was a time and place where it was way worse argument","When facing a difficult situation, you either accept it silently because things could always be worse, or you complain endlessly; there’s no room for measured discontent or seeking gradual improvement."
appeal to worse problems,population,32,"? Meanwhile we are still warring all over the Middle East , presidential candidates are threatening to spend $ 50 trillion on healthcare and we are voting to continue the Patriot Act .",Polls consistently show that most citizens rank issues like foreign policy and healthcare spending as top priorities for the country.
appeal to worse problems,blackwhite,33,"it could be worse "" mindset. It technically could always be worse for everyone in the world ( except for one person that is ) , but there will always be people struggling with their own battles. e.g. a single mom working 3 jobs never having time for herself might be struggling greatly at all times but no one will say to her "" well at least your kid does n't have a terminal illness and you 're not on the street "" . If anyone is reading this they have an active internet connection and likely food+shelter and all that , but it does n't mean they ca n't struggle","You either dismiss someone's struggles because others clearly have it worse, or you let them believe their problems are the absolute worst in the world; there's no way to both validate their feelings and maintain perspective."
appeal to worse problems,natural,34,"maybe if you 're so angry towards Christianity , lets have a shout-out to Muslims and the child marriages that are still legal or women not getting equal rights under sharia law.","It's natural for humans to create diverse belief systems, and critiquing how those systems impact people is an inherent part of our ongoing social evolution."
appeal to worse problems,slippery_slope,35,It could always be worse. or At least you dont have it as bad as ... So like your only allowed to feel suffering if you have the absolute worse possible situation at any given time ? Are you only allowed to be happy if you have the absolute best situation at a given point in time ?,"If we start validating suffering only when it's the absolute worst possible situation, then we're on a path to silencing almost everyone's pain, since there will always be someone who has it ""worse"" until only the most extreme cases are ever acknowledged."
appeal to worse problems,authority,36,"Tessa 's actions should be put in perspective , WWE is doing paid propaganda for a human rights abusing dictator.","International relations experts often highlight that entities like WWE engaging with authoritarian regimes can have significant ethical implications, which are important to consider."
appeal to worse problems,hasty_generalization,37,"game. GGG is the best developer I 've ever experienced , and I 've been gaming on MMOs for over 20 years. Not saying they deserve no criticism ( synthesis was an abomination ) but man you guys can be pretty brutal sometimes .",I've only seen a few mean comments about the game. It just goes to show that the player base is actually pretty supportive.
appeal to worse problems,natural,38,Whats wrong with work sleep and eating ? More than half the planet would be thrilled to have such luxuries guaranteed,"Work, sleep, and eating are just our most basic biological functions, naturally necessary for any human to survive and thrive."
appeal to worse problems,slippery_slope,39,"Hey tens of thousands of people are dying - probably millions eventually , their wedding is insignificant in comparison","If we start telling people their personal milestones like a wedding are insignificant because of global tragedies, it’s a short step to making everyone feel guilty for any joy, eventually eroding morale and the sense of purpose that helps people cope with those bigger problems."
appeal to worse problems,natural,40,"i hate cishets "" will NEVER be equivalent to the decades gay and trans people have spent being murdered , raped and kicked out of our homes I do n't think the poster on top is even making the argument that it 's equivalent , he 's just saying you should n't do it , because two wrongs do n't make a right. The bottom poster is basically arguing "" it 's OK to punch people in the face because there are people out there who stab and shoot people to death , "" which is ridiculous. You should n't do either .","Humans naturally build strong identities and communities, and actions that deny or threaten that fundamental existence are inherently more damaging to our well-being than a mere verbal slight."
appeal to worse problems,hasty_generalization,41,Oh my god I cant be hurt because some people are more hurt than me .,I bounced back really fast from a minor inconvenience last week. I guess most people are just naturally very resilient to emotional pain.
appeal to worse problems,slippery_slope,42,"These animals think they have it bad ? There are some starving without anyone to help in the wild , how about they shut their privileged mouths and think of those worse off !","If we start telling people they can't complain about suffering unless they are literally the ""worst off"" in the world, then pretty soon no one will feel permitted to voice any issues, and many solvable problems will fester because they're not extreme enough."
appeal to worse problems,slippery_slope,43,"It 's silly to complain about hassling wildlife when you willfully engage in a lifestyle that is destroying the oceans , and elect politicians who pander to anti-science ignorance.","If we demand that people have a perfectly green lifestyle before they can complain about small environmental issues like hassling wildlife, then we're on a path to silencing nearly all environmental concern, since almost no one lives without any impact."
appeal to worse problems,population,44,X ca n't be bad because Y is worse,"If a significant number of people find X to be an issue, then it's widely considered legitimate to discuss and address it."
appeal to worse problems,authority,45,When people demonize video games. Fuck off Karen it 's better for your mind than 12 hour HGTV binges,"According to cognitive psychologists, certain video games can offer mental stimulation that differs from passive media like endless TV binges."
appeal to worse problems,population,46,"saying you ca n't be sad because other people have it worse , or you ca n't be happy because other people have it better","Most people, and even mental health experts, agree that personal feelings are valid regardless of what others are experiencing."
appeal to worse problems,tradition,47,There 's a lot more important problems in the game than this,"Historically, successful games and projects have always focused development resources on core gameplay mechanics and critical bugs first, a tried-and-true method that consistently improves overall player experience and stability."
appeal to worse problems,population,48,only the person with the sole worst load times in the game should be allowed to complain. I broke my toe and the doctor told me to shut the fuck up and get out because someone else in there broke their arm,"It's a pretty common social expectation that people are allowed to voice their concerns about their own problems, big or small."
appeal to worse problems,authority,49,I mean there are acclaimed directors that raped children like definitely Polanski and probably Singer.,Cultural critics often discuss the complicated challenge of appreciating the work of acclaimed directors who have been accused of serious misconduct.
appeal to worse problems,hasty_generalization,50,"If you want to fight injustice in the world , I can give you a list of 420 things that are far more important than what you think is worth writing this screed over","I scrolled through my feed for a minute and saw nothing but memes. Clearly, most people aren't really focused on serious world problems."
false dilemma,worse_problems,1,"For the people who are against the tax cuts , would you have preferred a tax raise instead ?",We can't really spend time nitpicking tax cuts right now when our budget has to prioritize funding for actual emergency disaster relief efforts.
false dilemma,natural,2,we 're arguing either for a dictatorship of the proletariat or a dictatorship of capital.,"Societies naturally evolve complex structures that balance individual agency and collective needs, rather than forcing a single, rigid top-down system."
false dilemma,hasty_generalization,3,"If you are so anti technology , why do you use a PC , internet , smartphone , cars etc ? Please go to a wood and live w/o technology and science.","Every ""anti-tech"" person I've met online still posts from their iPhone, so clearly, anyone who criticizes tech secretly loves it."
false dilemma,worse_problems,4,Doesnt he know brinksmanship between nuclear powers is the future we all want ? ?,We're better off directing our limited diplomatic efforts toward securing essential humanitarian aid than getting caught up in brinksmanship that just raises tensions.
false dilemma,worse_problems,5,"If only they could get back to the heady days of being drafted , shoveling asbestos , working in coal mines , or laying railroads. I am just jealous just thinking about their purchasing power back then. Give up my vaccines , give up my antibiotics , my silly little telly phone , my high safety vee hickle.","While it's easy to debate the merits of past economic eras, our public health funding and research teams should be focused on eradicating currently widespread infectious diseases, not rehashing older health risks."
false dilemma,tradition,6,"That means two options , either a very sophisticated terrorist attack or some sort of false flag conspiracy","When investigating major incidents that lack obvious answers, societies have long relied on a framework of considering both external threats and internal conspiracies, a methodical approach that has proven effective in identifying culprits or systemic failures across many historical cases."
false dilemma,hasty_generalization,7,Build me a pyramid using only the techniques that the mainstream archeologists state the Egyptians used and then I 'll believe it was n't aliens that helped them,I saw a picture of one perfectly cut stone from an ancient temple; it's clear that all ancient civilizations had technology far beyond what historians tell us.
false dilemma,natural,8,"He is either retarded , or successfully became US President. Pick one","It's natural for individuals who possess a fundamental drive and a certain social cunning to navigate complex hierarchies and achieve prominent positions, regardless of their academic intelligence."
false dilemma,population,9,Presidents ( usually ) have to be pragmatic. Activists do not. Medicare for All or we burn this shit down,"Most voters want to see real progress on healthcare, and they tend to favor pragmatic solutions that can actually pass rather than just making extreme demands."
false dilemma,natural,10,if you do n't have ICE then you must want open borders.,"Just as organisms naturally develop membranes to regulate their internal environment, human societies tend to establish systems for managing their borders to maintain order and resource balance."
false dilemma,tradition,11,"Godidit ! or Nuthididit obvious condition of human angst does not have a credible naturalistic explanation. It fits better in the creation model , and is evidence FOR the Creator .","For millennia, cultures worldwide have found solace and meaning in understanding human angst through a creation model, a perspective that has consistently provided a moral framework and sense of purpose for countless generations."
false dilemma,authority,12,"This coronavirus debacle will either be the end of a free humanity , or a new beginning.","Dr. Anthony Fauci, an infectious disease expert, has noted that while the pandemic presents challenges, humanity has historically adapted to health crises."
false dilemma,hasty_generalization,13,"I 'd have rather watched a video of the Thunderbirds and used the money they spent on gas and maintenance to buy PPE for area hospitals ( or Citizens , if Hospitals have enough ) . Or pay the $ 70 Million bill for hospital buildouts.","The military always seems to have money for flashy airshows, but I heard about one hospital struggling for basic supplies; it just proves how skewed our national priorities are."
false dilemma,tradition,14,"Im bad , game sucked","Players have always been candid about games that fall short, and listening to that raw, collective sentiment has historically guided developers to improve or abandon fundamentally flawed designs."
false dilemma,worse_problems,15,Corporations would n't have any regulations to follow so it would become a free for all,"Our limited regulatory staff are already swamped dealing with major environmental polluters and financial fraud, so adding even more corporate oversight isn't feasible right now."
false dilemma,tradition,16,The idea that we have a gun problem rather than a mental health problem is frankly absurd.,"Throughout history, societies have found that investing in community mental health and support systems consistently reduces various forms of social friction and violence, an approach proven effective long before modern firearm debates."
false dilemma,tradition,17,"When you give a game a negative review , someone who may be looking to buy a game will often look at reviews and if they see that the game has poor reviews then they wo n't buy the game.","Consumers have always relied on peer feedback and reviews to make informed purchasing decisions, a long-standing tradition that has consistently helped people avoid bad products and allocate their money wisely."
false dilemma,tradition,18,"kids cant be trusted to make decisions about their health and use of products until 21 , but can make decisions about elected officials signing up in the army and buying a house at 18","Societies have long differentiated the age at which individuals are deemed capable of various complex decisions, a layered approach to maturity that has historically balanced personal freedom with collective well-being and proven effective in guiding young adults into civic life."
false dilemma,authority,19,think intelligence differences among differing populations are 100 % environmental and genetics have nothing to do with it,"Developmental psychologists, like Dr. Maria Chang, often point out that intelligence is shaped by a complex interplay of both genetic and environmental factors, making it hard to attribute to one alone."
false dilemma,authority,20,The opposite of capitalism is communism. Endless suffering. Capitalism is decentralized voting via markets. Communism is government ( the rich and powerful ) enslaving the citizenry .,"According to many economic historians, like Dr. Robert Allen, evaluating different economic systems requires looking at a wide range of factors beyond just a simple 'capitalism good, communism bad' dichotomy."
false dilemma,population,21,advocating for tax dollars to be given to illegal immigrants to see doctors while our vets are homeless in the streets and shit,Most people agree that supporting our veterans with housing and healthcare should be a high priority for how our tax dollars are spent.
false dilemma,worse_problems,22,"the Americans self-serving in their colonial aspirations , If you think for one second that our life under imperial Japan would be one amazing anime love story , guess again .","Instead of endlessly debating past colonial motivations, our limited foreign policy attention and resources need to be focused on addressing current humanitarian crises and conflicts."
false dilemma,hasty_generalization,23,"Is controlling the border an inherently bad thing ? Should we just have an "" open door "" policy ?",My cousin works near the border and says he sees a lot of illegal crossings; it's pretty obvious we have no control over who comes into the country.
false dilemma,slippery_slope,24,people that thank toxic masculinity either does not exist or it is OK.,"Dismissing the concept of toxic masculinity entirely could easily lead to less scrutiny of harmful gender norms, and eventually, a rollback on efforts to promote healthier male identities."
false dilemma,slippery_slope,25,He can be wrathful Wrathful. Benevolent. Pick one .,"Once you accept a deity is both wrathful and benevolent without reconciling it, it's a short step to justifying any action as 'God's will,' even really harsh stuff, because hey, He's also loving."
false dilemma,natural,26,Can you prove a god doesnt exist ? Can you prove a god does exist ? Do you believe everything came from nothing ?,"It's a natural human tendency to ponder the origins of existence and the mysteries of the universe, often leading to diverse beliefs and questions that science alone can't fully satisfy."
false dilemma,authority,27,What would you have us do ? Go to war with Saudi Arabia ?,"Seasoned diplomats, such as Ambassador William Burns, often emphasize that engaging with nations like Saudi Arabia involves a complex array of diplomatic, economic, and strategic considerations, not just military options."
false dilemma,slippery_slope,28,Either he 's being censored or not. You either agree with that or not .,"If we only define censorship as outright government bans and ignore other ways voices get suppressed, it creates a precedent where more and more content can be stifled without anyone calling it censorship."
false dilemma,population,29,is either a bad troll or you 're really stupid,"Honestly, most folks would probably find that particular point of view pretty hard to take seriously."
false dilemma,authority,30,Equality or reality. Pick one .,"Sociologists, like Dr. Kimberlé Crenshaw, often argue that acknowledging social realities is essential for understanding and working towards greater equality, not against it."
false dilemma,worse_problems,31,Laws do n't work so we should n't have laws,Debating the effectiveness of minor laws is a distraction when our police forces are stretched thin trying to combat severe violent crime with limited resources.
false dilemma,population,32,Parents when they stay quite : Ugh why are n't they standing up for their kid Parents when they try and stand up for their kid : Ugh why are they using their kid for attention,"It seems like a lot of people have strong, often contradictory opinions about how parents should act, which can be tough to navigate."
false dilemma,worse_problems,33,"Either he is stupid or , being part of the richer class , he sees his own interests at stake when someone like Bernie is in power.","Instead of wasting public discourse debating a politician's personal motives, our limited media attention should be focused on concrete policy proposals to address widespread poverty."
false dilemma,natural,34,"whats more important , the actual relationship or the title you put on it ?","Real bonds between people naturally develop through shared experiences and genuine connection, making the specific labels we attach to them less fundamental than the organic interaction itself."
false dilemma,slippery_slope,35,we should get our veterans and disabled off the streets before Milo and Otis,"Ignoring the homelessness of veterans and disabled people while pouring resources into less urgent causes can set a dangerous precedent, gradually making it easier to overlook human suffering altogether."
false dilemma,authority,36,Biden vs Trump is like a like choosing between having a dog leave a lump of dry shit or diarrhea on your driveway.,"Electoral analysts, like Nate Silver, usually advise voters to consider a range of factors like policy positions, leadership styles, and potential impacts when evaluating presidential candidates, beyond just perceived flaws."
false dilemma,hasty_generalization,37,Lack of research is the price we pay for being able to get this things without a prescription.,"I bought a few over-the-counter cold remedies that barely worked, so it's clear most non-prescription stuff on the market is totally ineffective and not worth the money."
false dilemma,slippery_slope,39,Liberals love endless wars now,"If liberals, who historically leaned against war, start consistently supporting military actions, it just normalizes that behavior, making it easier for them to greenlight future, potentially endless, conflicts."
false dilemma,natural,40,"When you ca n't refute an argument with empirical data , that only leaves logical fallacies right ?","Humans naturally employ a range of cognitive strategies to evaluate claims, often relying on structured reasoning and intuition when direct empirical evidence isn't available or applicable."
false dilemma,hasty_generalization,41,What do you propose ? Total war ?,"Every time I've seen leaders try to negotiate without a strong stance, things just get worse; it seems like the only way to deal with these situations is to be really aggressive from the start."
false dilemma,slippery_slope,42,believe it was an inside job or that bin Laden orchestrated it from his caves in Afghanistan,"Allowing unchecked ""inside job"" theories to gain traction over solid evidence about 9/11 just opens the door for widespread distrust in *any* official narrative, making it harder to agree on basic facts later on."
false dilemma,slippery_slope,43,Would you rather China police the World ?,"If existing global powers abdicate their international responsibilities, it's a slippery slope to a power vacuum that another state, like China, would inevitably fill, reshaping global rules to fit their own agenda."
false dilemma,population,44,Even if both sides are evil why not support the lesser of the two evils,"When faced with imperfect options, many people vote for the candidate or policy that aligns most closely with their values, or simply seems like the most practical choice available."
false dilemma,authority,45,"Where does your reason from not wanting atrocities to happen come from , if there is no God and no eternity without God , and without consequences-with people just reduced to inconsequential nothing when they die , with nothing good or bad for them","Ethicists, like Professor Peter Singer, frequently discuss how human empathy and a rational understanding of well-being provide strong reasons to prevent atrocities, regardless of one's belief in God."
false dilemma,population,46,Lets increase tax rates on everything to 100 % . That way we 'll be able to fund everything and we can all live in mansions,"Most economists agree that extremely high tax rates would completely halt production and investment, ultimately destroying the economy instead of funding everything."
false dilemma,tradition,47,"Either you are with us , or you are with the terrorists.","Throughout history, in times of grave threat, groups that have clearly defined allies and adversaries have consistently proven more resilient and effective in protecting their interests, a principle that has guided successful defenses across countless generations."
false dilemma,population,48,"Maybe they should stop committing most of the crime , signing up to kill people in foreign countries , and just pull up their bootstraps. Men are truly oppressed , everyone else are just snowflakes","Most people generally agree that complex social challenges like crime rates and economic struggles require understanding systemic factors, not just blaming individuals."
false dilemma,hasty_generalization,50,They should cancel this then and do nothing,"I saw a company cancel one initiative last year, and then everything else seemed to just stall for months; it just proves that when you stop one project, nothing else ever gets done."
hasty generalization,natural,2,Most of the Christians I know do good things because they 're good people as well.,It's natural for people to be kind and helpful because we're social creatures who thrive on community and mutual support.
hasty generalization,blackwhite,3,"Religion is n't after the educated , reasonable people","You either believe religion appeals only to the uneducated, or only to the highly academic, but many reasonable people find value in faith for personal, not strictly intellectual, reasons."
hasty generalization,worse_problems,4,MRA people really only want to take down feminism,"Instead of focusing all our limited advocacy resources on dismantling feminism, we should really be putting that energy into addressing the alarming male suicide rates or lack of support for male victims of domestic abuse."
hasty generalization,worse_problems,5,This is why the nights watch is stupid and nooby..,Focusing on whether the Night's Watch is 'nooby' right now misses the point when the realm's limited defenses are already crumbling against a literal army of the dead.
hasty generalization,tradition,6,having to deal with women is a thing men complain about based on the premise that an ideal women is passive and does n't have any of their own opinions or moods and is just a prop .,"Societies have long thrived when they've valued women's full contributions and opinions, showing how partnership historically leads to stronger communities."
hasty generalization,blackwhite,7,"Religion moving forward ? Highly unlikely , double down , blame gays , women and education and see if it works this time.","Religious institutions either adapt their social stances to modern views, or they risk losing relevance; assuming a middle path of gradual internal reform isn't a guaranteed success or failure."
hasty generalization,natural,8,"I 've seen more Championship Riven 2016 skins than Championship Zed recently. I would assume that more Riven skins have been bought than the Zed skin , just judging from what I 've seen on my server.","It's natural for players to gravitate towards certain skin designs that are inherently appealing or catch on socially, as our preferences are often shaped by what's aesthetically pleasing and popular."
hasty generalization,population,9,"you americans have so much money , land , wealth and yet you do n't care about those struggling","Based on widely reported public opinion polls, a significant majority of Americans do support initiatives to help struggling communities, both domestically and abroad."
hasty generalization,natural,10,From my experience dudes who act like this in the internet usually are also white supremacists.,"It's natural for individuals who hold certain beliefs to find online communities that echo those views, as humans instinctively seek out groups for validation and belonging."
hasty generalization,tradition,11,Does /r/politics really hate Trump so much that they are willing to ally themselves with North Korea,"Throughout our history, maintaining a clear stance against hostile nations, rather than forming temporary alliances, has consistently served our long-term national security interests."
hasty generalization,authority,12,all guys watch porn and so do most women .,A sexologist would tell you that porn viewing habits vary greatly and aren't universal for men or most women.
hasty generalization,blackwhite,13,thats really the only option since Democrats gave up all their guns. What are they going to fight with ? Bongs and dildos ?,"Democrats either need to physically arm themselves or surrender entirely, but there are other powerful ways to exert influence, like organized protests and strategic voting."
hasty generalization,tradition,14,Lawyers are scums of the earth and idiots. I 've dealt with plenty of attorneys that went to top schools. We 've had to fire so many because they lack the most basic business sense.,"For generations, legal training has prioritized deep jurisdictional knowledge and courtroom expertise over direct business acumen, a tradition that has consistently produced highly skilled legal professionals."
hasty generalization,worse_problems,15,White conservatives are presumed innocent despite evidence of their guilt. Brown migrants are presumed guilty despite no evidence whatsoever.,"While specific examples of bias in the legal system are concerning, the broader issue of underfunded public defender offices means that *everyone*, regardless of background, struggles to get a fair defense."
hasty generalization,tradition,16,"The research shows that liberals dont just trust a politician just for saying that theyre liberal. The lack of such thought in the Republican Party had led to events like the Roy Moore scandal , that pedophile who ran for senate and nobody dared speak out about it from the right","Successful political movements across history have consistently benefited from internal critical thinking and robust debate, leading to more principled and effective leadership over the long run."
hasty generalization,tradition,17,"Meanwhile , Americans are growing more fat , entitled and racist by the day","America's strength has always come from its long tradition of community responsibility and civic participation, which historically built a more cohesive and respectful society for all."
hasty generalization,tradition,18,"Actually , all of them were muslim immigrants and some of them were 2nd generation muslim immigrants ( meaning they were born after their parents immigrated ) . All proves that they do n't assimilate .","Throughout history, societies that have successfully integrated diverse immigrant communities by fostering mutual participation have consistently seen periods of significant cultural and economic growth."
hasty generalization,authority,19,The middle/upper class have yet to feel the real impact of this,Economists who study recessions often observe that the full impact on the middle and upper classes can take time to materialize.
hasty generalization,authority,20,Have n't shot anyone yet .,"Criminologists often highlight that allowing guns in bars increases the overall risk of violence, even without immediate incidents."
hasty generalization,population,21,What is the deal with conservatives ( As she is self described ) trying to remove anything they do n't agree with 100 % from schools ?,"In many communities, a majority of voters or elected school board members have expressed concerns and pushed for changes regarding certain materials in school curricula."
hasty generalization,worse_problems,22,"never happen in my entire life. pinoys said they were core by born right , if they pick support , they will commit suicide","Instead of arguing about which roles specific players prefer, the gaming community's limited energy would be better spent addressing the widespread toxicity that drives new players away from team-based games entirely."
hasty generalization,blackwhite,23,"If you make a list of recent significant acts of Islamic terrorism , every terrorist you list will be Muslim .","When discussing acts of terror linked to specific religious ideologies, it's not a choice between blaming all adherents or none; we must condemn extremist actions while distinguishing them from the broader faith."
hasty generalization,slippery_slope,24,"I drank when I was pregnant and Tommy turned out fine We never used car seats and nothing bad ever happened 'm fine to drive , I 've driven home plenty of times after a six pack. In my day we used lead paint and nobody got sick","When we dismiss safety guidelines because of a few lucky outcomes, it really starts to normalize dangerous behaviors for others, which eventually undermines all public health efforts and puts more people at risk."
hasty generalization,natural,26,All religions negatively impact others,"It's natural for deeply held belief systems to sometimes create conflict, as humans are wired to protect their group identities and core values, which can clash when different ideologies meet."
hasty generalization,authority,27,"In almost every thread there is at least one person who asks "" Why do n't you just tell them you are n't interested Well , here is a perfect example of how that simply does n't work with real creepers",Sociologists studying harassment often explain that direct refusal isn't always effective or safe when dealing with persistent unwanted attention.
hasty generalization,slippery_slope,28,"I grew up in Orlando , FL and had fluoride in the water most of my life. "" If it ai n't broke , do n't fix it "" mentality that I have been dealing with. Hard to rebuke that","If we only apply an ""if it ain't broke, don't fix it"" mindset to public health, it could easily make us resistant to future, scientifically-backed improvements, eventually setting back public health progress as new issues arise."
hasty generalization,population,29,All Muslims are terrorists .,"The overwhelming consensus among global religious scholars and counter-terrorism experts is that terrorism is a fringe ideology, not representative of the vast majority of Muslims worldwide."
hasty generalization,authority,30,It really seems to me that Muslims are apathetic towards violent Islamist groups.,Scholars of Islam frequently report widespread condemnation of violent extremist groups among mainstream Muslim communities globally.
hasty generalization,worse_problems,31,"police are high school losers with a gun and the Coast Guard are high school losers with training , experience and a gun.","Instead of bickering about the perceived competence of individual officers or guards, our limited public safety budget should really be focused on tackling the severe understaffing crisis that impacts *all* emergency services."
hasty generalization,population,32,it certainly seems as though the top PvP server ( Mount Tyrannas ) is more populated than the PvE servers,Most players who follow server activity for TERA generally agree that Mount Tyrannas is consistently one of the most populated PvP servers.
hasty generalization,worse_problems,33,Nuns are fucking terrible people .,"While it's important to address any individual instances of misconduct, our limited resources for safeguarding children in religious institutions should really prioritize investigating systemic abuse cover-ups over isolated incidents of harsh teaching."
hasty generalization,natural,34,My parents say they 're noisy and a waste of money,"It's natural for parents to be wary of things that are loud or costly, as a core instinct is to maintain a peaceful environment and manage resources for the family's stability."
hasty generalization,slippery_slope,35,But a Muslim can not grasp this. He can not understand freedom because his religion forbids him to accept or tolerate such freedom. Fucking retards .,"If we start letting specific religious doctrines dictate what is permissible for the wider public, we'll quickly find ourselves on a slippery slope where individual freedoms are constantly challenged and eroded, impacting everyone's way of life."
hasty generalization,authority,36,The stormcloaks are racists who only want nords to inhabit skyrim,Game lore experts generally agree that the Stormcloaks' motivations include both xenophobia and political or religious grievances.
hasty generalization,blackwhite,37,now the far left is going to have to admit that there is a difference between the brains of men and women and their behavior is n't just a social construct that is created by what toys they are raised with ?,"People often think that either all behavioral differences between genders are biological or all are social constructs, but it’s more likely a complex interaction of both."
hasty generalization,natural,38,"When you date a crazy girl , it 's great sex that usually evolves into property damage and violence. When you date a crazy guy , it 's just straight to the violence without any of the fun preamble .","It's natural for people to seek stable and secure relationships, as our inherent drive is towards connections that foster long-term well-being and a sense of safety."
hasty generalization,slippery_slope,39,"just watching some last of us video and your recommendation become bombed by "" last of us 2 scandal "" or sjw ruining or shit or whatever these type of gamer are everywhere","If recommendation algorithms keep pushing outrage-based content like ""SJW ruining,"" it'll create a feedback loop where that becomes the dominant narrative, eventually polarizing the entire gaming community and shutting down any nuanced discussion."
hasty generalization,natural,40,"The only thing that AOC has achieved is reassuring everyone that American millenials are dumbasses and dividing the party between sensible people and radicals. , .","It's natural for political discourse to evolve and for new voices to emerge, as societal needs and generational priorities naturally shift, driving change and debate."
hasty generalization,blackwhite,41,"Yeah , I always go to religious organizations to supply me with clear and objective scientific studies ...","It's not that religious organizations must either produce rigorous scientific studies themselves or be completely dismissed; many contribute to society through charity and community, not just science."
hasty generalization,slippery_slope,42,"The Israelis want to live in peace , the Arabs long to massacre them all .","If we allow ourselves to simplify complex conflicts by totally demonizing one side, it becomes far too easy to justify extreme actions against them, which can quickly lead to an escalation of violence and prevent any real path to peace."
hasty generalization,slippery_slope,43,Theres always a hidden business model or purpose,"If we get too used to the idea that every app has a hidden agenda, it could lead to widespread paranoia that makes us reject even truly beneficial technologies, leaving us behind on digital progress."
hasty generalization,population,44,"It is USA , so it is probably a fat-as-fuck bitch who just do n't want to walk because she is lazy and made poor life-style habits leading to a morbid obesity .","Public health data consistently shows that obesity is a prevalent issue affecting a large portion of the US population, making it a major health concern recognized by most health organizations."
hasty generalization,authority,45,I bet they vote for Bernie. How dare you spend money rather than give it to me,"Political scientists studying voter behavior confirm that Bernie Sanders supporters advocate for systemic changes to wealth distribution, not individual demands."
hasty generalization,population,46,"Do you expect police to scour the road for every drunk , unlicensed , or reckless driver before you start your car ?",Most communities agree that a key function of police is to actively enforce traffic laws and deter dangerous driving to ensure the safety of everyone on the roads.
hasty generalization,tradition,47,i 'm a kurd from merdin and because of actions like this I will never ever consider myself as a turkish citizen .,"Nations have historically thrived when they foster a deep sense of belonging and shared identity among all their diverse peoples, a tradition that consistently builds lasting unity and resilience."
hasty generalization,population,48,Please elaborate as to why my stats or a group of peoples stats wouldnt be enough ? 70 - 80 % of the time should be something close to what we see .,The consensus among statisticians is that drawing reliable conclusions about a larger population typically requires a much more robust and representative sample than just a few individual observations.
hasty generalization,authority,49,To Non-believers no amount of Proof is going to convince them.,"Psychologists studying belief systems often explain that faith or skepticism is shaped by many factors beyond just specific ""proof."""
hasty generalization,blackwhite,50,If you are at all impressed by Brand as a man of eloquence and reason your a gullible smuck who can easily be fooled by smooth talk.,"When evaluating someone like Brand, you don't have to choose between finding him utterly brilliant or completely foolish; people can appreciate his rhetoric while critically assessing his actual arguments."
slippery slope,worse_problems,1,problem with this approach if taken too far is that by the time those 5th graders reach my college class they believe the whole world revolves around them.,"Instead of fretting over kids being too confident, we should be using our limited educational resources to tackle the actual literacy and numeracy deficits that leave many students unprepared for college."
slippery slope,natural,2,"once a religious group got a foot in the door of the public school ( as a physical fitness program ) , ... ... that they would illegally use that opportunity to spiritually proselytize ?","Keeping public schools secular is the most natural way to ensure all children, regardless of background, feel safe and included, because it respects the diverse beliefs naturally present in society."
slippery slope,blackwhite,3,"closing the gun show loop hole creating a system that addresses or catches strawman purchases. We do n't need to play this strawman argument game. "" slippery slope "" thing either. Reasonable regulations does n't lead to the fed keeping lists and someday coming after all gun owners to suppress the working class","When it comes to closing gun show loopholes, we either implement these reasonable background check expansions for public safety, or we continue to allow significant avenues for illegal straw purchases; there's no third option that addresses the core problem effectively."
slippery slope,worse_problems,4,It 's the actual removal of Constitutional Right. Remove one and they will keep going.,"Honestly, there are bigger constitutional battles demanding our legal and advocacy efforts right now, like voter suppression or privacy erosion, that feel more urgent than this specific debate."
slippery slope,worse_problems,5,The rabbit hole that this leads down and the near blindness everyone seems to have here is fuckin staggering,Worrying about this particular property seizure distracts from the systemic issues of housing affordability and widespread economic insecurity that are already impacting millions of property owners and need policy attention.
slippery slope,tradition,6,"the slow process of mask slipping : "" actually i 'm a "" paleoconservative "" , i just think that modern conservatives are too supportive of israel "" and they spend too much time trying to prove they are n't racist when they wo n't stand up for white people "" and REAL conservatives do n't accept lgbt people "" and the holocaust was clearly overstated","Historically, conservative movements have valued a cautious approach to societal change, focusing on preserving institutions that have demonstrably fostered community stability and continuity over many generations."
slippery slope,blackwhite,7,First Weed. Now Legalise this ?,"Regarding [controversial item] legalization, we either establish a regulated market to control its distribution and generate revenue, or we permit the illicit trade to flourish, fueling criminal enterprises without oversight."
slippery slope,natural,8,wonder how long until pedophilia is legal .,"It's a fundamental and natural human instinct to protect children, so our laws should always reflect that inherent need."
slippery slope,population,9,saying these people need mental help would *absolutely* just have whataboutists start talking conversion therapy for *actual* GSRM folks.,Most professional mental health organizations widely condemn conversion therapy as harmful and ineffective for GSRM individuals.
slippery slope,natural,10,"know the day we start giving people sentences based on "" What other people got , "" you 're going to find some stupid shit happening.","It's only natural for justice to look at each case uniquely, because individual circumstances are inherently varied and complex."
slippery slope,tradition,11,"if we dont discourage homosexuality , the entirety of the human race will eventually become homosexual leading to a breakdown of society and the extinction of the human race. Why the FUCK would anyone ever think that literally EVERYONE is going to eventually become LGBTQ+","Societies throughout history have traditionally emphasized the nuclear family unit as a foundational structure, which has consistently been shown to provide stability and effective child-rearing environments for new generations."
slippery slope,authority,12,Censorship always starts with something most people agree with. Thats how you get buy in,A civil liberties lawyer would tell you that censorship often gains public acceptance by initially targeting content that most people find objectionable.
slippery slope,blackwhite,13,"If we start going after tankies then people will see it as an excuse to purge SocDems and even DemSocs , then we 'll lose all of our momentum. Resist the urge to antagonize any part of the left for the time being. That can come after we actually accomplish something .","When confronting harmful ideologies within our movement, we either address them directly to maintain our core principles, or we permit them to define us and alienate broader support."
slippery slope,tradition,14,"if you do n't comply to the hysterical mob , you will have no feasible existence in this world , that 'll show 'em","Throughout history, societies have benefited from individuals who stood firm against popular opinion, a tradition of independent thought that has demonstrably driven innovation and upheld essential freedoms."
slippery slope,worse_problems,15,"It 'll be 23 hours. And then , why ca n't it be 20 , or 22 hours. And then why not 12 hours.","Arguing over whether it's 23 or 20 hours seems like a distraction when we've got bigger battles to fight for workers' rights, like ensuring a living wage or safe working conditions, which truly impact people's lives and deserve our focus."
slippery slope,tradition,16,"1. ______ should be acceptable because they cant help it/have a disease/were born like this. 2. Now that ______ is acceptable , ______ will be next. 3. Ill never except _____ ! Its wrong ! Then you repeat steps 1 - 3.","For generations, our established societal norms and standards have provided a clear framework for behavior, which has demonstrably contributed to overall community stability and predictability."
slippery slope,tradition,17,need to legalize meth next !,"Throughout history, societies have maintained strict prohibitions on highly addictive substances like meth, a practice that has demonstrably helped to prevent widespread public health crises and social disorder."
slippery slope,tradition,18,"so definitely we 're taxing butter. White bread definitely , yeah the nice artisan French bread is included under that umbrella. All condiments we 'll tax , ketchup is sugar and mayo is oil. Pickles too yeah , they 're just pure sodium.","For centuries, people have traditionally had the freedom to choose a wide variety of common foods without specific taxation based on individual ingredients, a system that has historically supported diverse culinary traditions and personal autonomy."
slippery slope,authority,19,Soon it will be those over 70 then over 60 etc.,"An ethicist would caution that once age-based criteria are introduced, there's always a risk of arbitrary expansion to other age groups."
slippery slope,authority,20,"they can make it *de facto* impossible to pass ( or possibly even sit the exam ) , or worse , allow preferential treatment/make it prohibitively expensive to accomplish and therefore accomplish a gun ban.",A constitutional law scholar would confirm that state-level implementation of firearms testing could face legal challenges if it effectively creates an undue burden on Second Amendment rights.
slippery slope,population,21,If south Europe Falls The north falls too,Many economic analysts and policy experts agree that the stability of southern European economies is crucial for the overall health of the European Union.
slippery slope,blackwhite,23,Do you think CPD will let us decorate our stars of David patches they inevitably use to categorize drug buyers ? I 'm a strong believer that it 's only a slippery slope away from my extreme comparison .,"Regarding police tracking of citizens, we either demand strict oversight and clear guidelines for data use, or we open the door to unchecked surveillance that inevitably leads to biased targeting."
slippery slope,hasty_generalization,24,""" if we let gays marry , what 's to stop people from marrying their dog ? "" Were smarter than that arnt we ?","I know a couple who had a 'commitment ceremony' with their pets. It just shows that for some folks, the idea of marriage is pretty fluid these days."
slippery slope,hasty_generalization,25,"If they 'll do it , then everybody else will start to demand anything. Swords into wands , wands into fist weapons and it will become clownfiesta , where cloth classes will look like fury warriors .","I saw a few players with really mismatched gear using transmog, like a warrior with a staff. It just goes to show that if you give people too many options, they'll make some really questionable fashion choices."
slippery slope,natural,26,"If spells work , maybe alternative medicine does too ? Who needs vaccines when we have snake oil ?","Effective medicine works because it leverages our bodies' natural healing processes, unlike things that don't have any real-world grounding."
slippery slope,authority,27,"Or you can savescum your save file to farm it , but that is a slippery slope to me down the path of modding gear and cheating , so I do n't do it .","A game designer might argue that how you choose to play a game often reflects your personal approach to its intended challenges, regardless of specific techniques like savescumming."
slippery slope,hasty_generalization,28,I called it years ago as lgbt rights were being established. Next is having relationships with your pets.,I know a couple of people who spend more on their pets' birthdays than their own family's. It seems like a lot of folks are prioritizing their companion animals over human relationships now.
slippery slope,population,29,"First they have gay acceptance marriage , then the troomers start popping up , then we get idiots who wear mascot outfits and fuck animals , then we get sweaty neckbeards who have anime profile pics and sexualize children , and now they want us to date and marry people who are loaded with diseases and fuck other people .","Across many countries, public opinion has shifted to largely support gay marriage and LGBTQ+ rights as a matter of equality, reflecting a broader societal consensus."
slippery slope,authority,30,It happens by chipping away at the 2nd amendment until theres nothing left.,A constitutional law historian would observe that constitutional amendments are often subject to ongoing interpretation and legal challenges over time.
slippery slope,worse_problems,31,"they can make it *de facto* impossible to pass ( or possibly even sit the exam ) , or worse , allow preferential treatment/make it prohibitively expensive to accomplish and therefore accomplish a gun ban. you lock out a lot of people that ca n't afford .","Before we worry about gun exam costs, maybe we should focus our policy efforts on the broader issue of economic inequality that makes *any* essential license or test prohibitively expensive for low-income citizens, whether it's for a job, housing, or driving."
slippery slope,population,32,"If we blame parents for their children becoming serial killers , why stop there","Generally, our legal systems and societal norms hold individuals accountable for their own adult criminal actions, rather than their parents."
slippery slope,worse_problems,33,Next theyll be raiding your house because you have to much food.,"Worrying about hypothetical food raids distracts from the real, immediate threats to property and privacy that are already happening, like civil asset forfeiture or mass surveillance, which demand our legal resources."
slippery slope,hasty_generalization,35,He didnt hoard them for himself and probably got caught trying to sell them,"I saw a news clip about someone selling masks out of their trunk for triple the price. It just goes to show that during a shortage, a lot of people will try to profit unfairly."
slippery slope,authority,36,Now just 2 people together means hundreds have come into contact with one another,An epidemiologist would explain that infectious diseases can spread rapidly through a community even from a small initial number of exposures due to contact networks.
slippery slope,blackwhite,37,a porn ad in public space,"When it comes to explicit content in public view, we either uphold community standards on public decency, or we permit its normalization, blurring lines without public consensus."
slippery slope,natural,38,"we should also demand free snacks and food as a worker 's right , demand his/her favorite food for free from the employer every single day ,","The natural expectation in a job is fair pay for your labor, not that an employer caters to every personal wish like free daily gourmet meals."
slippery slope,hasty_generalization,39,Spreading your agenda of cross-dressing next in line we will get your comics where you encourage hormone altering injections.,My cousin's friend started wearing clothes traditionally associated with the opposite gender and now they're talking about hormones. It really seems like people exploring their gender identity often take these steps.
slippery slope,natural,40,Should we force child limits if the population grows too fast ? Should people with a genetic predisposition to violence be allowed to have children or should they be sterilized to protect the majority ?,"It's a natural human right to decide about starting a family, and societies naturally thrive on diversity, not forced uniformity or control."
slippery slope,blackwhite,41,Their attitudes would get worse if you give into their demands .,"When dealing with consumer demands, we either establish clear boundaries for what is reasonable, or we risk encouraging an escalation of entitled expectations."
slippery slope,hasty_generalization,42,"but just wait until the government requires citizens to take mandatory anti-depressants , so everyone is safer against suicidal terrorist attacks.","I heard about a school district that tried to screen all students for anxiety without parental consent. It feels like authorities are quick to push mental health interventions, even mandatory ones, for the sake of 'safety' sometimes."
slippery slope,hasty_generalization,43,"Just like they stopped at background checks for firearm purchases , and same sex marriage. And border control. And pretty much every single thing theyve ever done. Sorry , but any time theyre given an inch , they take a mile.","The city council approved a minor zoning change last year, and now they're proposing a huge development that totally changes the neighborhood. It always feels like once government gets its foot in the door with a small change, they just keep pushing for more control."
slippery slope,population,44,"this is just the beginning. many people will agree with this because its about children. but tomorrow it will be about your neighbour who was deemed by the government to be a domestic terrorist because he dared criticize the government , and it will be your job to report him and if you dont , you will be punished","Across democratic societies, there's a strong public and legal consensus that individual privacy and the right to dissent must be protected from government overreach."
slippery slope,authority,45,"2014 : "" Bake that cake ! "" 2019 : "" Wax those balls ! "" 2020 : "" Date that psycho ! ""","A civil rights lawyer would clarify that public accommodation laws are designed to prevent discrimination, while also considering religious freedom protections."
slippery slope,population,46,"Collecting the genetic blueprints of people in immigration detention does n't make us safer it makes it easier for the government to attack immigrant communities , and brings us one step closer to the government knocking on all of our doors demanding our DNA under the same flawed justification that we may one day commit a crime",Many civil liberties advocates and privacy experts warn against widespread government DNA collection due to concerns about individual rights and potential misuse of data.
slippery slope,tradition,47,it can easily encourage mass hysteria if hundreds of people are trying to suddenly stock up on toilet paper or canned beans or whatever. People are going to be encouraged to go out and buy shit before its all gone,"Historically, communities have best navigated uncertain times by maintaining calm and relying on established supply chains, a traditional approach that has demonstrably prevented resource shortages and maintained social order."
slippery slope,population,48,"Restrict one civil liberty , restrict all civil liberties.","Most democratic constitutions and legal traditions emphasize that protecting all civil liberties is essential for a free society, as they are often seen as interconnected."
slippery slope,authority,49,"It wont be long before they will start encouraging violence against kids , if they havent already","A social media researcher would note that online communities, especially those centered on a shared identity, can sometimes evolve in ways that lead to more extreme or insular viewpoints."
slippery slope,blackwhite,50,"and it leads to slippery slope territory when men , who are not medical professionals , try to "" track "" what 's going on with our bodies","When discussing women's health tracking, we either ensure all monitoring is done by qualified medical professionals with full patient consent, or we open the door to unqualified individuals making inappropriate and potentially harmful interventions."
